review_id,viewer_id,movie_id,rating,review_date,sentiment,review_text,helpful_votes
1,735,3,3.5,2024-12-14,Neutral,Worth a one-time watch.,7
2,89,20,2.0,2024-10-11,Negative,Would not recommend.,103
3,816,11,4.5,2025-02-04,Positive,One of the best this year.,67
4,558,2,3.5,2025-03-14,Neutral,Worth a one-time watch.,25
5,429,2,4.0,2024-12-13,Positive,Absolutely loved it!,118
6,221,1,5.0,2025-01-16,Positive,Great performances all around.,26
7,547,4,4.5,2025-02-20,Positive,Exceeded my expectations.,117
8,1046,1,5.0,2025-01-31,Positive,Top-tier storytelling.,55
9,671,2,5.0,2025-03-31,Positive,Exceeded my expectations.,18
10,151,25,4.5,2024-09-17,Positive,Top-tier storytelling.,6
11,890,3,4.5,2025-03-02,Positive,Gripping from start to finish.,88
12,323,5,4.5,2025-04-10,Positive,Gripping from start to finish.,46
13,115,11,3.5,2025-03-12,Neutral,Average for its genre.,47
14,419,1,4.5,2025-03-13,Positive,Gripping from start to finish.,46
15,10,5,4.5,2025-04-02,Positive,Gripping from start to finish.,75
16,995,22,4.5,2025-03-23,Positive,Exceeded my expectations.,33
17,11,4,5.0,2025-03-16,Positive,Will watch again.,46
18,412,8,3.0,2025-03-26,Neutral,Worth a one-time watch.,98
19,1179,4,4.0,2025-04-24,Positive,Top-tier storytelling.,101
20,532,13,5.0,2025-03-29,Positive,A visual masterpiece.,24
21,479,21,4.5,2025-03-29,Positive,Absolutely loved it!,42
22,33,7,3.5,2025-01-21,Neutral,Had its highs and lows.,10
23,273,15,4.0,2025-03-09,Positive,Top-tier storytelling.,95
24,694,19,4.0,2025-04-18,Positive,Exceeded my expectations.,105
25,630,1,5.0,2025-03-23,Positive,Gripping from start to finish.,52
26,357,24,3.5,2024-12-29,Neutral,Worth a one-time watch.,74
27,1152,23,4.0,2025-03-10,Positive,Exceeded my expectations.,65
28,963,24,3.5,2025-03-07,Neutral,Average for its genre.,95
29,876,18,4.0,2024-10-29,Positive,Top-tier storytelling.,61
30,749,14,3.0,2024-07-24,Neutral,Some good moments.,113
31,738,9,5.0,2025-04-19,Positive,Will watch again.,83
32,884,1,3.5,2025-02-04,Neutral,Decent watch.,85
33,540,12,4.5,2025-03-21,Positive,A visual masterpiece.,43
34,240,1,4.5,2025-01-28,Positive,Great performances all around.,92
35,886,10,3.5,2024-08-24,Neutral,Average for its genre.,1
36,922,18,4.0,2025-01-19,Positive,Will watch again.,67
37,838,10,3.0,2024-11-10,Neutral,Some good moments.,99
38,858,13,3.5,2025-04-17,Neutral,Some good moments.,8
39,424,9,3.5,2025-04-25,Neutral,Had its highs and lows.,17
40,1125,11,3.0,2025-03-12,Neutral,Worth a one-time watch.,75
41,383,16,2.0,2025-04-17,Negative,The plot made no sense.,25
42,711,23,4.0,2025-04-26,Positive,Exceeded my expectations.,49
43,864,13,4.5,2025-04-18,Positive,Absolutely loved it!,20
44,594,18,4.0,2024-12-11,Positive,A visual masterpiece.,66
45,1148,10,3.5,2025-03-20,Neutral,Decent watch.,36
46,199,9,4.0,2025-04-15,Positive,One of the best this year.,73
47,148,21,4.5,2025-04-20,Positive,Exceeded my expectations.,59
48,93,22,4.0,2025-02-09,Positive,Exceeded my expectations.,103
49,391,10,3.0,2024-07-28,Neutral,Decent watch.,19
50,767,1,5.0,2025-02-16,Positive,Top-tier storytelling.,1
51,437,3,3.5,2025-01-15,Neutral,Nothing special but enjoyable.,17
52,527,25,3.5,2024-07-22,Neutral,Nothing special but enjoyable.,48
53,1176,11,4.0,2025-03-07,Positive,Will watch again.,88
54,161,7,2.5,2025-01-09,Neutral,Decent watch.,78
55,420,7,3.5,2024-12-23,Neutral,Nothing special but enjoyable.,71
56,616,11,3.5,2025-02-24,Neutral,Decent watch.,92
57,216,19,4.5,2025-04-14,Positive,Highly recommend.,113
58,252,23,3.5,2025-04-15,Neutral,Average for its genre.,0
59,1016,7,2.5,2025-01-04,Neutral,Nothing special but enjoyable.,25
60,599,22,4.5,2024-12-19,Positive,One of the best this year.,105
61,425,19,4.5,2025-04-29,Positive,Absolutely loved it!,73
62,740,15,4.5,2025-04-17,Positive,Top-tier storytelling.,22
63,544,1,5.0,2025-04-07,Positive,A visual masterpiece.,73
64,765,15,3.5,2025-04-26,Neutral,Decent watch.,56
65,817,15,4.0,2025-03-19,Positive,Great performances all around.,97
66,1151,11,4.5,2025-03-28,Positive,A visual masterpiece.,21
67,428,2,3.5,2024-12-11,Neutral,Decent watch.,94
68,1064,11,5.0,2025-03-06,Positive,Highly recommend.,63
69,334,4,5.0,2025-03-05,Positive,One of the best this year.,46
70,220,12,3.0,2025-03-29,Neutral,Had its highs and lows.,54
71,305,15,4.5,2025-03-06,Positive,Gripping from start to finish.,115
72,616,4,4.5,2025-02-17,Positive,Gripping from start to finish.,30
73,694,1,5.0,2025-04-01,Positive,Highly recommend.,76
74,1134,9,4.0,2025-04-08,Positive,Exceeded my expectations.,101
75,911,8,2.0,2025-03-21,Negative,Very disappointing.,10
76,781,9,4.0,2025-04-18,Positive,Absolutely loved it!,11
77,277,6,2.5,2025-04-01,Neutral,Worth a one-time watch.,48
78,1150,2,3.5,2024-10-13,Neutral,Average for its genre.,39
79,331,17,4.0,2025-03-17,Positive,Exceeded my expectations.,107
80,594,9,4.0,2025-04-07,Positive,A visual masterpiece.,119
81,599,5,3.0,2025-01-06,Neutral,Nothing special but enjoyable.,39
82,1031,11,3.0,2025-04-21,Neutral,Nothing special but enjoyable.,77
83,1112,9,4.0,2025-04-11,Positive,Absolutely loved it!,20
84,679,24,2.0,2025-04-07,Negative,Poor writing overall.,49
85,175,23,3.5,2025-04-16,Neutral,Nothing special but enjoyable.,38
86,710,16,3.5,2025-03-18,Neutral,Decent watch.,37
87,879,25,4.5,2024-08-05,Positive,Will watch again.,75
88,1069,2,4.0,2025-04-18,Positive,Top-tier storytelling.,14
89,268,9,5.0,2025-04-21,Positive,Will watch again.,35
90,1001,5,3.5,2024-10-06,Neutral,Nothing special but enjoyable.,103
91,785,5,3.5,2025-03-28,Neutral,Some good moments.,106
92,1160,18,3.0,2025-01-03,Neutral,Decent watch.,74
93,978,5,3.0,2024-12-10,Neutral,Some good moments.,92
94,14,5,3.0,2025-01-02,Neutral,Decent watch.,9
95,1144,1,5.0,2025-01-23,Positive,Top-tier storytelling.,103
96,945,9,4.5,2025-04-16,Positive,Exceeded my expectations.,56
97,801,13,4.5,2025-03-28,Positive,One of the best this year.,8
98,932,4,4.5,2025-04-30,Positive,Exceeded my expectations.,65
99,977,14,4.5,2024-06-11,Positive,Absolutely loved it!,71
100,150,16,3.5,2024-11-14,Neutral,Worth a one-time watch.,66
101,672,22,4.0,2025-01-23,Positive,Exceeded my expectations.,43
102,48,13,4.0,2025-04-12,Positive,Exceeded my expectations.,25
103,641,2,4.5,2025-04-16,Positive,Absolutely loved it!,69
104,586,13,5.0,2025-04-15,Positive,Top-tier storytelling.,78
105,139,21,4.5,2025-04-27,Positive,Top-tier storytelling.,38
106,963,21,5.0,2025-04-24,Positive,One of the best this year.,17
107,699,15,3.5,2025-04-24,Neutral,Had its highs and lows.,117
108,153,1,4.0,2025-01-29,Positive,Absolutely loved it!,117
109,170,1,4.5,2025-04-23,Positive,Highly recommend.,85
110,535,17,4.5,2025-02-27,Positive,One of the best this year.,10
111,540,7,3.0,2025-01-17,Neutral,Average for its genre.,36
112,213,13,4.5,2025-04-17,Positive,Gripping from start to finish.,6
113,388,11,4.0,2025-04-22,Positive,Highly recommend.,51
114,878,14,5.0,2024-12-09,Positive,Highly recommend.,76
115,826,1,4.5,2025-04-04,Positive,Gripping from start to finish.,116
116,255,7,1.5,2024-12-18,Negative,Wasted potential.,55
117,497,19,4.5,2025-04-17,Positive,A visual masterpiece.,14
118,282,9,5.0,2025-04-25,Positive,A visual masterpiece.,72
119,560,18,3.5,2024-10-13,Neutral,Nothing special but enjoyable.,112
120,191,13,5.0,2025-04-25,Positive,Absolutely loved it!,61
121,313,14,2.0,2024-07-25,Negative,Would not recommend.,120
122,303,21,4.5,2025-04-11,Positive,Will watch again.,87
123,699,13,3.5,2025-05-01,Neutral,Some good moments.,46
124,536,11,4.0,2025-03-21,Positive,Top-tier storytelling.,85
125,1070,21,3.5,2025-04-02,Neutral,Average for its genre.,44
126,515,1,5.0,2025-01-20,Positive,Highly recommend.,104
127,296,22,4.0,2025-04-23,Positive,Will watch again.,81
128,960,14,3.5,2024-11-11,Neutral,Average for its genre.,106
129,4,25,3.5,2024-09-25,Neutral,Some good moments.,90
130,415,9,4.0,2025-04-08,Positive,Great performances all around.,39
131,298,15,2.5,2025-04-21,Neutral,Average for its genre.,59
132,774,4,5.0,2025-04-03,Positive,Highly recommend.,68
133,388,15,3.5,2025-04-17,Neutral,Nothing special but enjoyable.,61
134,1117,20,3.0,2024-08-28,Neutral,Some good moments.,92
135,1062,8,2.0,2025-03-15,Negative,Slow and boring.,42
136,912,13,4.5,2025-03-19,Positive,Absolutely loved it!,2
137,476,19,4.0,2025-04-20,Positive,A visual masterpiece.,44
138,1190,2,3.0,2025-02-12,Neutral,Average for its genre.,8
139,1105,6,2.5,2025-04-11,Neutral,Nothing special but enjoyable.,103
140,630,22,3.0,2025-02-26,Neutral,Some good moments.,43
141,790,11,3.5,2025-02-12,Neutral,Average for its genre.,43
142,56,21,4.5,2025-04-04,Positive,A visual masterpiece.,106
143,841,1,5.0,2025-05-02,Positive,Great performances all around.,4
144,84,1,5.0,2025-03-25,Positive,Gripping from start to finish.,59
145,725,9,3.5,2025-04-12,Neutral,Average for its genre.,66
146,802,5,4.5,2024-09-08,Positive,One of the best this year.,26
147,702,24,3.5,2025-03-26,Neutral,Nothing special but enjoyable.,11
148,75,23,3.5,2025-02-12,Neutral,Decent watch.,90
149,1117,2,5.0,2024-12-08,Positive,Gripping from start to finish.,105
150,1045,25,3.5,2025-04-12,Neutral,Worth a one-time watch.,37
151,611,9,4.5,2025-04-22,Positive,Great performances all around.,20
152,1058,13,4.0,2025-03-30,Positive,Highly recommend.,100
153,790,19,4.5,2025-04-28,Positive,One of the best this year.,1
154,428,25,2.5,2024-07-18,Neutral,Nothing special but enjoyable.,29
155,520,22,4.5,2025-01-20,Positive,A visual masterpiece.,58
156,806,5,5.0,2025-01-19,Positive,Highly recommend.,84
157,698,4,4.5,2025-03-17,Positive,Will watch again.,29
158,857,1,4.5,2025-02-19,Positive,A visual masterpiece.,18
159,242,19,4.5,2025-04-19,Positive,Gripping from start to finish.,42
160,506,24,4.0,2025-04-05,Positive,Highly recommend.,18
161,129,20,3.0,2024-09-25,Neutral,Decent watch.,71
162,218,3,5.0,2025-01-06,Positive,One of the best this year.,68
163,66,14,3.5,2025-01-30,Neutral,Decent watch.,72
164,652,3,5.0,2025-04-14,Positive,A visual masterpiece.,96
165,846,23,4.0,2025-04-23,Positive,Great performances all around.,47
166,67,14,5.0,2024-07-16,Positive,Will watch again.,52
167,462,23,4.0,2025-03-01,Positive,Highly recommend.,31
168,4,8,3.5,2025-02-11,Neutral,Nothing special but enjoyable.,23
169,825,23,4.5,2025-03-16,Positive,Will watch again.,62
170,835,4,4.0,2025-02-20,Positive,A visual masterpiece.,101
171,942,19,4.5,2025-04-14,Positive,Top-tier storytelling.,47
172,415,1,4.0,2025-01-31,Positive,Great performances all around.,18
173,726,23,5.0,2025-03-23,Positive,Top-tier storytelling.,42
174,616,14,3.0,2025-04-27,Neutral,Decent watch.,51
175,258,18,5.0,2025-02-05,Positive,Absolutely loved it!,43
176,998,16,3.5,2024-11-22,Neutral,Average for its genre.,52
177,84,16,4.0,2025-03-08,Positive,Great performances all around.,67
178,805,6,3.0,2025-03-10,Neutral,Nothing special but enjoyable.,114
179,569,16,3.0,2024-12-14,Neutral,Average for its genre.,61
180,769,9,3.5,2025-04-08,Neutral,Average for its genre.,84
181,812,16,4.5,2025-03-27,Positive,Top-tier storytelling.,11
182,1058,22,4.5,2025-02-15,Positive,Absolutely loved it!,97
183,565,16,2.5,2025-02-10,Neutral,Decent watch.,69
184,610,24,3.5,2025-04-27,Neutral,Worth a one-time watch.,82
185,442,8,2.5,2025-03-10,Neutral,Nothing special but enjoyable.,50
186,423,2,5.0,2025-01-30,Positive,A visual masterpiece.,14
187,177,1,3.5,2025-01-23,Neutral,Some good moments.,60
188,637,10,4.5,2025-02-28,Positive,Top-tier storytelling.,15
189,158,17,4.5,2025-02-07,Positive,Top-tier storytelling.,62
190,823,13,4.5,2025-04-03,Positive,Will watch again.,38
191,656,25,4.0,2024-11-22,Positive,Absolutely loved it!,21
192,69,15,4.0,2025-05-02,Positive,A visual masterpiece.,116
193,348,13,4.0,2025-04-28,Positive,Top-tier storytelling.,11
194,311,18,3.5,2025-01-03,Neutral,Some good moments.,53
195,906,2,4.5,2025-03-07,Positive,Highly recommend.,12
196,159,3,5.0,2025-03-07,Positive,A visual masterpiece.,48
197,722,4,4.5,2025-04-11,Positive,Highly recommend.,113
198,987,9,4.5,2025-04-15,Positive,One of the best this year.,120
199,1032,14,4.5,2024-07-15,Positive,Gripping from start to finish.,80
200,511,11,4.0,2025-04-23,Positive,Absolutely loved it!,89
201,283,5,4.0,2024-12-26,Positive,Absolutely loved it!,98
202,272,13,4.0,2025-04-05,Positive,Highly recommend.,8
203,1108,13,4.0,2025-04-24,Positive,A visual masterpiece.,19
204,523,22,3.5,2024-11-28,Neutral,Decent watch.,89
205,157,10,5.0,2024-10-23,Positive,A visual masterpiece.,113
206,7,15,3.5,2025-03-30,Neutral,Had its highs and lows.,14
207,714,16,3.5,2025-02-15,Neutral,Worth a one-time watch.,58
208,418,19,3.5,2025-04-26,Neutral,Some good moments.,53
209,1043,2,4.5,2025-04-02,Positive,Top-tier storytelling.,22
210,969,5,4.5,2024-09-12,Positive,Great performances all around.,15
211,334,17,4.0,2025-01-30,Positive,Top-tier storytelling.,44
212,1187,1,4.0,2025-03-09,Positive,A visual masterpiece.,59
213,247,1,4.0,2025-01-26,Positive,A visual masterpiece.,31
214,537,11,4.5,2025-02-13,Positive,A visual masterpiece.,120
215,994,16,4.5,2025-01-08,Positive,Exceeded my expectations.,29
216,663,14,4.0,2025-02-22,Positive,Will watch again.,57
217,176,19,5.0,2025-04-27,Positive,Exceeded my expectations.,88
218,594,13,3.0,2025-03-24,Neutral,Some good moments.,52
219,58,19,5.0,2025-04-16,Positive,Gripping from start to finish.,113
220,792,10,3.0,2024-12-11,Neutral,Some good moments.,45
221,813,15,4.0,2025-04-03,Positive,Gripping from start to finish.,94
222,32,1,4.0,2025-04-14,Positive,Gripping from start to finish.,103
223,608,11,4.5,2025-04-18,Positive,Exceeded my expectations.,91
224,844,1,4.5,2025-01-19,Positive,One of the best this year.,109
225,622,3,4.5,2024-12-22,Positive,Gripping from start to finish.,18
226,570,21,4.5,2025-03-29,Positive,Great performances all around.,95
227,414,11,4.0,2025-04-19,Positive,One of the best this year.,93
228,1168,2,5.0,2025-04-01,Positive,Exceeded my expectations.,27
229,1123,18,3.5,2025-04-02,Neutral,Nothing special but enjoyable.,108
230,393,18,3.5,2025-03-17,Neutral,Average for its genre.,78
231,381,14,3.5,2024-06-16,Neutral,Worth a one-time watch.,16
232,838,11,4.0,2025-04-25,Positive,Gripping from start to finish.,109
233,508,18,4.0,2025-04-17,Positive,Will watch again.,54
234,1161,1,5.0,2025-01-21,Positive,Top-tier storytelling.,8
235,364,8,4.0,2025-03-05,Positive,One of the best this year.,0
236,169,9,4.0,2025-04-13,Positive,Highly recommend.,49
237,188,1,4.5,2025-03-21,Positive,Exceeded my expectations.,60
238,33,22,4.0,2025-04-02,Positive,Absolutely loved it!,95
239,672,15,2.5,2025-03-11,Neutral,Decent watch.,114
240,596,19,4.0,2025-04-21,Positive,Gripping from start to finish.,11
241,189,9,3.5,2025-04-30,Neutral,Average for its genre.,55
242,10,8,2.0,2025-02-17,Negative,Poor writing overall.,10
243,212,4,4.0,2025-03-29,Positive,Top-tier storytelling.,40
244,1005,1,4.5,2025-01-27,Positive,Absolutely loved it!,84
245,501,16,4.0,2024-11-10,Positive,Exceeded my expectations.,90
246,799,13,3.5,2025-04-18,Neutral,Average for its genre.,73
247,1175,18,5.0,2024-11-07,Positive,Top-tier storytelling.,36
248,208,16,4.0,2025-04-24,Positive,Will watch again.,40
249,1192,1,5.0,2025-03-09,Positive,Top-tier storytelling.,105
250,444,1,4.5,2025-04-04,Positive,Absolutely loved it!,46
251,232,23,4.5,2025-03-30,Positive,Exceeded my expectations.,63
252,996,4,4.0,2025-04-23,Positive,A visual masterpiece.,84
253,1192,2,4.0,2024-10-03,Positive,Absolutely loved it!,16
254,341,19,3.5,2025-04-28,Neutral,Had its highs and lows.,102
255,935,13,3.0,2025-04-09,Neutral,Worth a one-time watch.,85
256,1041,9,4.5,2025-04-13,Positive,One of the best this year.,69
257,1123,1,4.5,2025-02-07,Positive,Top-tier storytelling.,50
258,541,13,4.0,2025-03-26,Positive,Great performances all around.,24
259,710,7,2.5,2025-01-27,Neutral,Average for its genre.,109
260,1000,18,3.0,2025-03-01,Neutral,Had its highs and lows.,26
261,181,21,4.0,2025-04-16,Positive,Gripping from start to finish.,14
262,994,11,4.5,2025-04-29,Positive,Top-tier storytelling.,92
263,378,24,4.0,2025-01-01,Positive,Top-tier storytelling.,14
264,1002,6,2.5,2025-03-10,Neutral,Decent watch.,60
265,113,1,4.5,2025-02-08,Positive,A visual masterpiece.,118
266,1111,5,4.5,2024-10-12,Positive,Exceeded my expectations.,64
267,592,13,5.0,2025-03-28,Positive,A visual masterpiece.,55
268,855,9,4.0,2025-04-15,Positive,A visual masterpiece.,14
269,431,19,4.5,2025-05-03,Positive,A visual masterpiece.,23
270,342,3,4.5,2025-03-11,Positive,Great performances all around.,16
271,94,2,4.0,2025-04-03,Positive,Absolutely loved it!,113
272,801,10,3.5,2024-09-06,Neutral,Had its highs and lows.,0
273,723,21,3.0,2025-04-11,Neutral,Some good moments.,4
274,577,12,3.5,2025-05-02,Neutral,Average for its genre.,38
275,319,23,3.5,2025-02-26,Neutral,Nothing special but enjoyable.,110
276,147,13,4.5,2025-05-02,Positive,One of the best this year.,91
277,577,1,4.0,2025-01-21,Positive,Great performances all around.,67
278,252,13,4.0,2025-04-20,Positive,Gripping from start to finish.,28
279,758,3,4.0,2025-04-16,Positive,Top-tier storytelling.,63
280,639,4,3.5,2025-04-12,Neutral,Had its highs and lows.,36
281,67,21,4.0,2025-04-09,Positive,A visual masterpiece.,47
282,1034,24,3.0,2025-04-21,Neutral,Decent watch.,2
283,468,25,3.5,2024-10-04,Neutral,Average for its genre.,99
284,504,6,4.0,2025-04-22,Positive,Great performances all around.,96
285,931,2,3.0,2025-02-23,Neutral,Worth a one-time watch.,58
286,1051,16,4.0,2025-01-01,Positive,Exceeded my expectations.,44
287,531,25,3.5,2025-02-27,Neutral,Nothing special but enjoyable.,59
288,1117,1,5.0,2025-03-08,Positive,One of the best this year.,56
289,554,9,4.5,2025-04-08,Positive,A visual masterpiece.,43
290,352,4,4.0,2025-04-09,Positive,A visual masterpiece.,7
291,425,15,3.0,2025-03-18,Neutral,Decent watch.,30
292,211,4,3.5,2025-04-01,Neutral,Nothing special but enjoyable.,35
293,919,23,4.5,2025-03-07,Positive,Top-tier storytelling.,68
294,497,17,4.0,2025-04-12,Positive,Will watch again.,83
295,441,10,4.0,2025-03-15,Positive,Absolutely loved it!,43
296,83,13,3.5,2025-04-03,Neutral,Worth a one-time watch.,48
297,577,7,3.5,2025-01-25,Neutral,Worth a one-time watch.,30
298,493,23,3.5,2025-03-03,Neutral,Nothing special but enjoyable.,69
299,426,11,3.5,2025-02-26,Neutral,Had its highs and lows.,33
300,1127,11,4.5,2025-04-30,Positive,A visual masterpiece.,73
301,727,21,4.0,2025-04-16,Positive,One of the best this year.,82
302,869,9,3.5,2025-04-15,Neutral,Average for its genre.,70
303,713,19,4.0,2025-04-23,Positive,Great performances all around.,46
304,437,9,4.5,2025-04-22,Positive,Highly recommend.,2
305,506,15,4.0,2025-04-22,Positive,Absolutely loved it!,93
306,883,13,4.5,2025-04-11,Positive,Top-tier storytelling.,104
307,57,18,3.5,2025-04-06,Neutral,Average for its genre.,97
308,999,1,5.0,2025-04-09,Positive,Exceeded my expectations.,25
309,1118,22,4.5,2025-04-15,Positive,Top-tier storytelling.,64
310,879,23,4.0,2025-04-04,Positive,Great performances all around.,104
311,1160,21,4.5,2025-04-10,Positive,Absolutely loved it!,16
312,109,22,3.5,2024-12-25,Neutral,Worth a one-time watch.,52
313,174,7,3.0,2024-12-27,Neutral,Decent watch.,96
314,429,14,4.0,2024-11-30,Positive,Absolutely loved it!,39
315,209,22,4.0,2025-04-09,Positive,Will watch again.,45
316,562,23,4.0,2025-04-25,Positive,Absolutely loved it!,2
317,827,13,4.0,2025-04-13,Positive,Exceeded my expectations.,67
318,930,23,3.0,2025-03-04,Neutral,Average for its genre.,18
319,871,1,4.0,2025-03-30,Positive,One of the best this year.,59
320,6,21,3.5,2025-04-17,Neutral,Worth a one-time watch.,55
321,731,2,5.0,2025-03-07,Positive,Exceeded my expectations.,61
322,325,1,5.0,2025-03-12,Positive,A visual masterpiece.,44
323,264,2,4.0,2024-12-04,Positive,Gripping from start to finish.,98
324,498,25,3.5,2024-09-18,Neutral,Some good moments.,105
325,571,20,2.5,2024-10-07,Neutral,Average for its genre.,11
326,369,8,4.0,2025-03-04,Positive,Top-tier storytelling.,106
327,72,19,4.0,2025-04-28,Positive,Will watch again.,75
328,101,1,5.0,2025-04-05,Positive,Will watch again.,101
329,167,4,3.5,2025-03-27,Neutral,Decent watch.,15
330,972,8,3.5,2025-03-09,Neutral,Had its highs and lows.,113
331,624,21,4.5,2025-04-15,Positive,Gripping from start to finish.,72
332,408,1,5.0,2025-01-24,Positive,One of the best this year.,33
333,1138,1,3.5,2025-01-24,Neutral,Some good moments.,13
334,419,22,4.5,2024-12-25,Positive,Gripping from start to finish.,91
335,912,15,3.5,2025-03-08,Neutral,Decent watch.,12
336,283,24,2.0,2025-01-29,Negative,Wasted potential.,60
337,1193,25,2.5,2024-08-23,Neutral,Had its highs and lows.,63
338,21,12,3.0,2024-11-12,Neutral,Nothing special but enjoyable.,78
339,177,3,5.0,2025-03-16,Positive,Absolutely loved it!,10
340,161,23,4.0,2025-04-15,Positive,Exceeded my expectations.,102
341,589,15,3.5,2025-04-25,Neutral,Worth a one-time watch.,16
342,325,24,3.0,2025-03-25,Neutral,Some good moments.,100
343,377,15,3.5,2025-03-15,Neutral,Average for its genre.,33
344,926,11,3.0,2025-02-01,Neutral,Decent watch.,66
345,470,1,4.5,2025-01-23,Positive,Exceeded my expectations.,7
346,159,1,4.0,2025-03-15,Positive,A visual masterpiece.,13
347,68,11,4.5,2025-04-14,Positive,Exceeded my expectations.,15
348,406,21,5.0,2025-04-23,Positive,One of the best this year.,85
349,308,1,4.0,2025-01-29,Positive,A visual masterpiece.,82
350,1097,15,4.0,2025-04-26,Positive,Will watch again.,64
351,744,11,3.0,2025-03-01,Neutral,Nothing special but enjoyable.,12
352,874,24,4.0,2025-01-28,Positive,Top-tier storytelling.,60
353,682,3,4.5,2025-03-29,Positive,Top-tier storytelling.,14
354,930,4,4.0,2025-03-31,Positive,Absolutely loved it!,47
355,1177,3,5.0,2025-02-11,Positive,Great performances all around.,29
356,1058,4,5.0,2025-04-23,Positive,Great performances all around.,105
357,950,1,5.0,2025-02-14,Positive,Great performances all around.,26
358,527,9,4.0,2025-04-15,Positive,A visual masterpiece.,46
359,827,19,4.0,2025-04-17,Positive,Absolutely loved it!,19
360,504,3,5.0,2025-01-09,Positive,Absolutely loved it!,59
361,658,3,4.0,2025-03-23,Positive,Great performances all around.,40
362,251,25,5.0,2025-04-25,Positive,One of the best this year.,1
363,342,5,4.5,2024-09-23,Positive,One of the best this year.,5
364,321,2,3.5,2025-02-06,Neutral,Some good moments.,89
365,556,15,3.0,2025-04-05,Neutral,Worth a one-time watch.,95
366,435,19,4.5,2025-04-18,Positive,Top-tier storytelling.,2
367,767,2,4.0,2024-12-18,Positive,Top-tier storytelling.,72
368,1121,17,3.5,2025-01-17,Neutral,Worth a one-time watch.,2
369,942,13,4.0,2025-04-06,Positive,One of the best this year.,68
370,854,14,3.5,2024-06-14,Neutral,Nothing special but enjoyable.,41
371,997,21,4.0,2025-03-30,Positive,A visual masterpiece.,10
372,338,1,3.5,2025-04-04,Neutral,Worth a one-time watch.,104
373,842,13,3.5,2025-05-03,Neutral,Average for its genre.,82
374,1180,21,5.0,2025-04-08,Positive,Highly recommend.,6
375,149,25,3.5,2025-05-03,Neutral,Some good moments.,45
376,782,2,3.5,2025-01-28,Neutral,Average for its genre.,27
377,763,19,4.0,2025-04-22,Positive,Gripping from start to finish.,52
378,792,4,4.5,2025-04-15,Positive,Will watch again.,78
379,322,12,4.0,2024-11-21,Positive,A visual masterpiece.,57
380,894,23,4.5,2025-03-31,Positive,Absolutely loved it!,68
381,654,11,3.5,2025-03-15,Neutral,Had its highs and lows.,11
382,1185,21,4.0,2025-05-02,Positive,One of the best this year.,77
383,92,1,5.0,2025-03-20,Positive,Top-tier storytelling.,41
384,427,5,3.5,2024-09-18,Neutral,Had its highs and lows.,19
385,1139,23,5.0,2025-03-06,Positive,Great performances all around.,112
386,739,2,4.0,2025-02-21,Positive,Top-tier storytelling.,34
387,869,15,3.5,2025-03-27,Neutral,Had its highs and lows.,113
388,950,21,4.5,2025-04-12,Positive,Gripping from start to finish.,96
389,61,23,4.0,2025-04-27,Positive,Top-tier storytelling.,104
390,646,3,5.0,2024-12-12,Positive,A visual masterpiece.,28
391,826,2,4.0,2025-04-01,Positive,Top-tier storytelling.,107
392,591,5,3.0,2025-02-22,Neutral,Worth a one-time watch.,105
393,995,5,4.0,2025-01-17,Positive,Exceeded my expectations.,4
394,799,5,4.0,2025-03-30,Positive,Top-tier storytelling.,12
395,1139,13,4.5,2025-04-16,Positive,Will watch again.,23
396,183,1,4.5,2025-03-27,Positive,One of the best this year.,42
397,31,9,3.5,2025-04-12,Neutral,Nothing special but enjoyable.,70
398,851,18,3.0,2025-01-01,Neutral,Had its highs and lows.,84
399,326,24,4.0,2025-01-17,Positive,Highly recommend.,53
400,319,12,3.0,2024-10-16,Neutral,Some good moments.,86
401,810,11,4.5,2025-04-14,Positive,One of the best this year.,81
402,55,13,4.0,2025-04-02,Positive,Exceeded my expectations.,114
403,1046,15,4.0,2025-04-19,Positive,Top-tier storytelling.,105
404,816,3,4.5,2025-04-25,Positive,Highly recommend.,89
405,1174,4,3.5,2025-03-05,Neutral,Average for its genre.,100
406,1092,25,3.0,2024-12-15,Neutral,Had its highs and lows.,21
407,246,2,4.5,2024-08-22,Positive,Absolutely loved it!,82
408,254,13,4.5,2025-03-20,Positive,A visual masterpiece.,105
409,1200,1,5.0,2025-01-30,Positive,Highly recommend.,19
410,735,22,3.0,2025-03-22,Neutral,Worth a one-time watch.,90
411,347,1,2.5,2025-04-27,Neutral,Decent watch.,32
412,933,20,3.0,2024-08-21,Neutral,Average for its genre.,78
413,590,21,5.0,2025-05-02,Positive,Highly recommend.,23
414,401,9,3.5,2025-04-29,Neutral,Had its highs and lows.,5
415,531,1,4.0,2025-03-14,Positive,One of the best this year.,7
416,1154,12,4.5,2025-03-24,Positive,One of the best this year.,101
417,1008,12,5.0,2025-01-31,Positive,One of the best this year.,54
418,1141,4,3.5,2025-04-24,Neutral,Decent watch.,96
419,302,11,3.5,2025-03-18,Neutral,Had its highs and lows.,20
420,466,10,4.0,2025-02-05,Positive,Gripping from start to finish.,62
421,790,22,3.5,2025-04-25,Neutral,Had its highs and lows.,103
422,265,23,3.5,2025-03-17,Neutral,Nothing special but enjoyable.,63
423,291,15,4.5,2025-03-27,Positive,Will watch again.,65
424,1008,22,4.5,2024-11-29,Positive,One of the best this year.,71
425,860,10,3.5,2025-02-22,Neutral,Some good moments.,113
426,200,15,4.5,2025-03-27,Positive,A visual masterpiece.,40
427,974,4,4.5,2025-02-27,Positive,Will watch again.,69
428,421,25,3.5,2025-04-10,Neutral,Average for its genre.,110
429,634,3,3.5,2024-11-21,Neutral,Worth a one-time watch.,73
430,617,11,3.5,2025-02-19,Neutral,Nothing special but enjoyable.,21
431,392,21,4.0,2025-04-11,Positive,One of the best this year.,67
432,379,1,4.5,2025-01-19,Positive,Highly recommend.,31
433,1179,25,5.0,2025-04-13,Positive,Will watch again.,44
434,91,9,5.0,2025-04-29,Positive,A visual masterpiece.,47
435,404,20,3.5,2024-09-07,Neutral,Decent watch.,81
436,607,16,3.5,2024-12-20,Neutral,Had its highs and lows.,45
437,7,10,3.0,2025-04-03,Neutral,Decent watch.,105
438,39,24,3.5,2025-03-18,Neutral,Worth a one-time watch.,43
439,48,11,4.5,2025-04-02,Positive,Exceeded my expectations.,51
440,331,13,4.5,2025-04-15,Positive,Top-tier storytelling.,53
441,683,17,4.0,2025-03-11,Positive,Absolutely loved it!,109
442,464,13,5.0,2025-04-06,Positive,One of the best this year.,46
443,403,5,4.0,2024-11-07,Positive,Absolutely loved it!,4
444,566,3,4.5,2025-04-03,Positive,Top-tier storytelling.,53
445,1070,11,3.5,2025-02-10,Neutral,Nothing special but enjoyable.,89
446,1088,13,4.0,2025-04-29,Positive,Exceeded my expectations.,79
447,244,21,5.0,2025-04-20,Positive,Great performances all around.,12
448,553,9,4.5,2025-04-29,Positive,Top-tier storytelling.,70
449,741,9,4.0,2025-04-10,Positive,One of the best this year.,23
450,948,21,5.0,2025-03-31,Positive,Absolutely loved it!,8
451,834,13,3.5,2025-04-01,Neutral,Decent watch.,106
452,601,18,4.0,2024-12-24,Positive,Gripping from start to finish.,14
453,454,17,4.5,2025-01-24,Positive,One of the best this year.,19
454,195,12,4.0,2024-10-22,Positive,Absolutely loved it!,94
455,238,6,2.0,2025-03-15,Negative,Slow and boring.,93
456,869,4,4.5,2025-04-23,Positive,Will watch again.,15
457,816,1,5.0,2025-04-25,Positive,A visual masterpiece.,23
458,827,9,3.5,2025-04-14,Neutral,Worth a one-time watch.,25
459,456,4,3.0,2025-03-10,Neutral,Decent watch.,67
460,160,11,3.5,2025-02-25,Neutral,Some good moments.,75
461,290,22,4.5,2024-12-10,Positive,Great performances all around.,37
462,650,1,4.0,2025-04-21,Positive,A visual masterpiece.,64
463,74,20,1.5,2024-09-30,Negative,Wasted potential.,33
464,1077,21,4.0,2025-04-07,Positive,Gripping from start to finish.,38
465,458,1,4.5,2025-02-04,Positive,One of the best this year.,29
466,683,21,4.0,2025-04-25,Positive,Will watch again.,91
467,80,18,4.5,2024-12-28,Positive,Absolutely loved it!,1
468,583,16,4.0,2025-03-01,Positive,Great performances all around.,96
469,233,5,4.0,2025-01-27,Positive,Top-tier storytelling.,44
470,589,3,4.5,2025-04-15,Positive,A visual masterpiece.,98
471,420,10,5.0,2025-01-18,Positive,Top-tier storytelling.,51
472,1164,25,3.5,2025-03-06,Neutral,Some good moments.,109
473,1149,17,5.0,2025-02-05,Positive,Great performances all around.,46
474,452,5,3.0,2024-12-27,Neutral,Nothing special but enjoyable.,46
475,125,21,4.5,2025-04-11,Positive,One of the best this year.,82
476,273,12,4.5,2025-04-27,Positive,Top-tier storytelling.,22
477,1040,15,3.5,2025-04-02,Neutral,Average for its genre.,48
478,116,11,4.5,2025-02-28,Positive,Gripping from start to finish.,99
479,1110,4,4.0,2025-03-13,Positive,Top-tier storytelling.,59
480,494,10,3.5,2025-03-09,Neutral,Decent watch.,14
481,203,24,3.5,2025-04-08,Neutral,Average for its genre.,32
482,1118,1,5.0,2025-01-19,Positive,Gripping from start to finish.,90
483,455,1,4.5,2025-01-25,Positive,Highly recommend.,94
484,822,19,5.0,2025-04-20,Positive,One of the best this year.,53
485,326,11,4.0,2025-03-10,Positive,A visual masterpiece.,44
486,117,13,4.0,2025-03-26,Positive,Great performances all around.,116
487,500,18,4.0,2025-03-31,Positive,Top-tier storytelling.,40
488,141,2,4.0,2025-04-09,Positive,Great performances all around.,113
489,657,23,5.0,2025-04-23,Positive,Top-tier storytelling.,58
490,550,7,1.5,2025-01-01,Negative,Slow and boring.,109
491,1029,15,3.0,2025-03-19,Neutral,Nothing special but enjoyable.,63
492,1110,25,4.0,2024-10-12,Positive,A visual masterpiece.,11
493,615,21,4.0,2025-04-25,Positive,Great performances all around.,3
494,1113,1,4.5,2025-04-08,Positive,Gripping from start to finish.,3
495,690,10,3.0,2025-02-24,Neutral,Worth a one-time watch.,1
496,858,25,4.0,2025-01-08,Positive,Absolutely loved it!,108
497,529,1,4.0,2025-03-10,Positive,A visual masterpiece.,108
498,573,20,1.5,2024-09-29,Negative,Slow and boring.,71
499,306,14,4.5,2025-03-07,Positive,Highly recommend.,11
500,679,3,4.0,2025-03-14,Positive,Exceeded my expectations.,7
501,686,2,5.0,2025-02-17,Positive,Exceeded my expectations.,60
502,932,18,3.5,2024-11-01,Neutral,Some good moments.,88
503,227,4,3.5,2025-02-20,Neutral,Average for its genre.,22
504,647,19,4.0,2025-04-28,Positive,Will watch again.,26
505,345,13,4.0,2025-03-19,Positive,Will watch again.,109
506,818,12,3.5,2025-01-21,Neutral,Average for its genre.,41
507,1089,12,3.0,2025-04-11,Neutral,Nothing special but enjoyable.,20
508,1072,3,4.5,2025-04-28,Positive,Great performances all around.,66
509,53,1,4.0,2025-02-28,Positive,A visual masterpiece.,49
510,615,2,4.0,2024-09-22,Positive,One of the best this year.,112
511,758,24,3.5,2025-01-16,Neutral,Average for its genre.,20
512,772,21,3.5,2025-04-25,Neutral,Average for its genre.,103
513,596,13,4.5,2025-04-04,Positive,A visual masterpiece.,8
514,305,10,4.0,2024-08-27,Positive,Exceeded my expectations.,27
515,1148,9,4.0,2025-04-21,Positive,Top-tier storytelling.,81
516,688,23,4.0,2025-02-26,Positive,A visual masterpiece.,47
517,999,25,3.5,2025-02-11,Neutral,Had its highs and lows.,21
518,411,12,3.5,2025-04-26,Neutral,Average for its genre.,64
519,113,11,4.0,2025-02-04,Positive,One of the best this year.,60
520,326,6,2.0,2025-04-01,Negative,Wasted potential.,56
521,598,1,4.0,2025-01-30,Positive,Highly recommend.,120
522,56,6,3.5,2025-04-06,Neutral,Worth a one-time watch.,49
523,465,4,4.0,2025-02-17,Positive,Will watch again.,46
524,698,22,4.0,2025-02-28,Positive,Gripping from start to finish.,102
525,575,23,5.0,2025-03-02,Positive,Will watch again.,35
526,420,9,5.0,2025-04-25,Positive,One of the best this year.,39
527,555,25,3.5,2024-10-09,Neutral,Decent watch.,100
528,111,13,4.5,2025-04-17,Positive,One of the best this year.,17
529,858,15,3.0,2025-03-12,Neutral,Had its highs and lows.,60
530,765,12,4.0,2024-10-17,Positive,A visual masterpiece.,26
531,705,13,4.0,2025-03-30,Positive,Exceeded my expectations.,50
532,622,24,3.5,2025-03-04,Neutral,Worth a one-time watch.,88
533,580,15,4.0,2025-03-10,Positive,Gripping from start to finish.,59
534,1156,11,3.5,2025-04-27,Neutral,Average for its genre.,12
535,591,11,4.5,2025-04-15,Positive,Absolutely loved it!,26
536,39,15,3.0,2025-03-24,Neutral,Average for its genre.,51
537,29,2,3.5,2024-09-01,Neutral,Nothing special but enjoyable.,78
538,1119,2,3.0,2025-04-16,Neutral,Had its highs and lows.,51
539,1025,1,3.5,2025-04-21,Neutral,Decent watch.,16
540,824,18,4.0,2025-02-16,Positive,Will watch again.,40
541,871,7,2.0,2024-12-27,Negative,Couldn't finish it.,38
542,1026,8,2.5,2025-03-17,Neutral,Had its highs and lows.,49
543,437,7,3.5,2025-02-05,Neutral,Decent watch.,42
544,1117,4,4.5,2025-04-06,Positive,Highly recommend.,9
545,14,6,3.0,2025-03-20,Neutral,Average for its genre.,103
546,1091,25,4.0,2024-10-08,Positive,A visual masterpiece.,20
547,225,12,3.5,2025-02-07,Neutral,Some good moments.,109
548,46,11,4.0,2025-02-20,Positive,Will watch again.,11
549,436,16,4.0,2025-01-08,Positive,Exceeded my expectations.,21
550,737,14,3.5,2025-03-16,Neutral,Worth a one-time watch.,72
551,565,24,3.0,2024-12-21,Neutral,Had its highs and lows.,1
552,1054,19,3.5,2025-04-19,Neutral,Average for its genre.,15
553,706,4,4.0,2025-04-12,Positive,Highly recommend.,41
554,297,2,5.0,2025-04-09,Positive,A visual masterpiece.,81
555,90,14,3.5,2024-12-16,Neutral,Some good moments.,111
556,987,21,4.0,2025-04-09,Positive,Top-tier storytelling.,95
557,1179,16,3.0,2025-02-03,Neutral,Decent watch.,115
558,348,19,4.5,2025-04-21,Positive,A visual masterpiece.,48
559,457,9,4.5,2025-04-24,Positive,Great performances all around.,91
560,1163,1,5.0,2025-03-07,Positive,Exceeded my expectations.,95
561,278,17,4.0,2025-03-16,Positive,A visual masterpiece.,52
562,923,14,4.0,2024-11-22,Positive,Great performances all around.,109
563,632,21,4.5,2025-05-03,Positive,Will watch again.,12
564,975,13,4.5,2025-04-02,Positive,Great performances all around.,53
565,997,22,4.0,2025-03-13,Positive,Exceeded my expectations.,24
566,1121,1,5.0,2025-02-05,Positive,Absolutely loved it!,97
567,260,13,4.5,2025-04-21,Positive,A visual masterpiece.,107
568,1101,23,4.5,2025-04-04,Positive,A visual masterpiece.,52
569,659,1,4.0,2025-03-14,Positive,One of the best this year.,18
570,546,9,5.0,2025-04-17,Positive,Exceeded my expectations.,54
571,42,1,4.0,2025-03-10,Positive,Top-tier storytelling.,73
572,852,25,4.0,2025-03-08,Positive,Great performances all around.,52
573,538,13,4.0,2025-04-26,Positive,Will watch again.,18
574,724,3,3.5,2025-01-02,Neutral,Average for its genre.,12
575,608,25,3.0,2025-03-14,Neutral,Decent watch.,30
576,1010,9,5.0,2025-04-20,Positive,Gripping from start to finish.,86
577,1184,13,4.0,2025-04-04,Positive,Gripping from start to finish.,43
578,267,10,3.5,2025-03-10,Neutral,Decent watch.,8
579,242,13,3.5,2025-03-28,Neutral,Some good moments.,46
580,369,10,4.5,2025-01-15,Positive,Great performances all around.,82
581,167,6,2.5,2025-04-13,Neutral,Had its highs and lows.,29
582,377,11,4.0,2025-02-16,Positive,Exceeded my expectations.,45
583,1164,1,4.0,2025-01-19,Positive,Gripping from start to finish.,50
584,47,11,4.0,2025-04-06,Positive,Top-tier storytelling.,45
585,885,19,4.5,2025-04-12,Positive,Great performances all around.,103
586,421,10,4.5,2024-08-12,Positive,Absolutely loved it!,9
587,540,19,4.5,2025-05-02,Positive,Great performances all around.,81
588,391,15,3.5,2025-04-26,Neutral,Average for its genre.,114
589,511,22,4.5,2025-01-03,Positive,One of the best this year.,80
590,1053,1,5.0,2025-03-24,Positive,One of the best this year.,47
591,147,11,4.0,2025-04-12,Positive,Exceeded my expectations.,27
592,869,1,4.0,2025-04-17,Positive,A visual masterpiece.,39
593,456,19,3.5,2025-04-26,Neutral,Decent watch.,93
594,935,7,3.5,2025-01-12,Neutral,Some good moments.,32
595,1068,19,4.5,2025-04-15,Positive,Absolutely loved it!,79
596,645,9,3.5,2025-04-13,Neutral,Some good moments.,78
597,197,14,2.5,2024-10-26,Neutral,Decent watch.,104
598,268,1,3.5,2025-01-16,Neutral,Nothing special but enjoyable.,1
599,574,3,5.0,2025-01-13,Positive,Exceeded my expectations.,119
600,782,25,4.0,2024-10-15,Positive,Will watch again.,102
601,241,21,4.0,2025-05-02,Positive,Gripping from start to finish.,63
602,470,18,4.0,2024-10-18,Positive,Exceeded my expectations.,84
603,873,25,3.0,2025-03-10,Neutral,Average for its genre.,76
604,862,6,2.5,2025-04-28,Neutral,Worth a one-time watch.,100
605,1195,13,3.5,2025-04-08,Neutral,Had its highs and lows.,76
606,125,13,4.5,2025-05-01,Positive,One of the best this year.,21
607,409,8,2.5,2025-03-04,Neutral,Decent watch.,45
608,1174,11,4.5,2025-02-02,Positive,Will watch again.,50
609,892,10,3.5,2025-02-12,Neutral,Nothing special but enjoyable.,108
610,616,9,4.5,2025-04-20,Positive,Top-tier storytelling.,28
611,641,19,4.0,2025-04-30,Positive,Gripping from start to finish.,55
612,714,11,3.0,2025-02-04,Neutral,Worth a one-time watch.,85
613,795,1,5.0,2025-01-22,Positive,Absolutely loved it!,109
614,253,24,4.0,2025-01-16,Positive,Will watch again.,32
615,245,8,3.0,2025-03-20,Neutral,Some good moments.,90
616,663,21,3.5,2025-04-14,Neutral,Had its highs and lows.,111
617,567,11,4.0,2025-02-16,Positive,Top-tier storytelling.,35
618,900,5,3.0,2024-09-10,Neutral,Nothing special but enjoyable.,87
619,930,11,4.5,2025-02-22,Positive,Highly recommend.,53
620,1192,15,4.5,2025-03-15,Positive,Absolutely loved it!,53
621,1043,16,3.5,2025-01-24,Neutral,Average for its genre.,46
622,812,1,4.0,2025-01-18,Positive,A visual masterpiece.,33
623,889,25,5.0,2024-11-24,Positive,Top-tier storytelling.,98
624,138,3,4.0,2024-12-25,Positive,Absolutely loved it!,41
625,603,12,4.0,2025-04-20,Positive,Will watch again.,114
626,327,10,4.0,2024-11-17,Positive,Absolutely loved it!,98
627,176,3,4.0,2025-01-13,Positive,One of the best this year.,65
628,680,14,4.0,2025-03-09,Positive,Gripping from start to finish.,76
629,182,9,5.0,2025-04-10,Positive,One of the best this year.,21
630,198,20,3.5,2024-08-28,Neutral,Nothing special but enjoyable.,30
631,334,13,4.0,2025-04-10,Positive,Gripping from start to finish.,73
632,501,18,3.5,2025-02-16,Neutral,Some good moments.,6
633,362,13,4.0,2025-03-27,Positive,Absolutely loved it!,43
634,871,2,4.5,2025-04-28,Positive,Absolutely loved it!,24
635,158,25,4.5,2025-03-15,Positive,Absolutely loved it!,0
636,324,16,4.0,2024-12-08,Positive,A visual masterpiece.,68
637,554,11,5.0,2025-03-27,Positive,One of the best this year.,89
638,559,19,3.5,2025-04-24,Neutral,Average for its genre.,105
639,673,23,4.5,2025-04-28,Positive,Absolutely loved it!,18
640,580,14,4.0,2024-10-25,Positive,Absolutely loved it!,85
641,353,12,4.5,2025-03-01,Positive,Will watch again.,73
642,721,6,2.5,2025-04-27,Neutral,Some good moments.,39
643,39,23,4.0,2025-02-09,Positive,A visual masterpiece.,17
644,39,10,4.5,2024-07-30,Positive,Will watch again.,85
645,764,4,5.0,2025-04-14,Positive,Gripping from start to finish.,81
646,681,11,3.0,2025-04-07,Neutral,Nothing special but enjoyable.,99
647,946,13,5.0,2025-04-21,Positive,A visual masterpiece.,84
648,912,9,3.5,2025-04-13,Neutral,Had its highs and lows.,106
649,1173,4,4.0,2025-04-11,Positive,Great performances all around.,84
650,864,17,5.0,2025-02-23,Positive,Highly recommend.,105
651,658,8,3.0,2025-02-25,Neutral,Some good moments.,18
652,378,19,5.0,2025-04-24,Positive,One of the best this year.,105
653,927,13,4.0,2025-03-26,Positive,Great performances all around.,74
654,209,3,5.0,2025-01-03,Positive,Highly recommend.,112
655,475,4,4.0,2025-03-11,Positive,Will watch again.,64
656,772,4,4.5,2025-03-18,Positive,Absolutely loved it!,10
657,285,22,3.5,2024-11-13,Neutral,Had its highs and lows.,117
658,466,15,5.0,2025-04-01,Positive,Will watch again.,2
659,1015,23,4.5,2025-04-13,Positive,Gripping from start to finish.,80
660,36,23,3.5,2025-04-27,Neutral,Nothing special but enjoyable.,3
661,536,13,4.0,2025-03-25,Positive,Highly recommend.,32
662,306,11,4.0,2025-04-17,Positive,Great performances all around.,120
663,1189,22,2.5,2024-12-08,Neutral,Nothing special but enjoyable.,89
664,60,19,4.5,2025-04-17,Positive,Absolutely loved it!,15
665,636,9,4.5,2025-04-26,Positive,Absolutely loved it!,70
666,961,14,4.0,2025-04-29,Positive,Top-tier storytelling.,18
667,662,22,4.5,2025-02-19,Positive,Exceeded my expectations.,84
668,1199,2,4.0,2025-03-17,Positive,A visual masterpiece.,87
669,98,7,2.5,2025-02-01,Neutral,Had its highs and lows.,55
670,802,6,3.0,2025-04-24,Neutral,Had its highs and lows.,93
671,953,7,3.0,2025-01-20,Neutral,Nothing special but enjoyable.,45
672,29,11,4.0,2025-02-28,Positive,Exceeded my expectations.,17
673,842,18,3.5,2024-11-12,Neutral,Nothing special but enjoyable.,1
674,201,9,4.5,2025-04-07,Positive,One of the best this year.,83
675,333,20,4.0,2024-08-29,Positive,Will watch again.,65
676,84,11,4.0,2025-02-15,Positive,Absolutely loved it!,118
677,571,19,4.0,2025-04-16,Positive,Will watch again.,6
678,214,23,5.0,2025-04-01,Positive,Great performances all around.,54
679,1040,19,4.5,2025-04-16,Positive,Top-tier storytelling.,12
680,539,6,3.5,2025-04-15,Neutral,Worth a one-time watch.,108
681,418,22,4.5,2025-03-01,Positive,Absolutely loved it!,13
682,201,21,4.5,2025-03-29,Positive,One of the best this year.,36
683,192,10,2.5,2025-04-13,Neutral,Decent watch.,110
684,648,5,3.5,2024-11-27,Neutral,Decent watch.,104
685,1128,4,3.5,2025-04-22,Neutral,Worth a one-time watch.,113
686,584,10,3.5,2025-05-01,Neutral,Nothing special but enjoyable.,3
687,593,8,3.0,2025-02-23,Neutral,Average for its genre.,55
688,465,22,4.0,2025-04-17,Positive,Absolutely loved it!,16
689,474,3,5.0,2025-02-11,Positive,Gripping from start to finish.,37
690,233,1,3.0,2025-02-19,Neutral,Some good moments.,58
691,201,20,2.0,2024-09-19,Negative,Very disappointing.,99
692,1108,15,4.0,2025-04-05,Positive,One of the best this year.,47
693,1079,4,4.0,2025-03-16,Positive,Exceeded my expectations.,60
694,892,19,3.0,2025-04-25,Neutral,Decent watch.,19
695,893,4,3.5,2025-03-25,Neutral,Decent watch.,40
696,633,21,4.0,2025-04-21,Positive,Top-tier storytelling.,70
697,1020,24,3.5,2025-03-17,Neutral,Average for its genre.,66
698,1047,1,4.5,2025-04-30,Positive,Top-tier storytelling.,47
699,19,18,3.5,2024-10-31,Neutral,Worth a one-time watch.,47
700,695,8,3.0,2025-02-23,Neutral,Some good moments.,49
701,131,3,4.0,2024-12-20,Positive,Top-tier storytelling.,19
702,405,20,2.5,2024-10-19,Neutral,Nothing special but enjoyable.,102
703,162,5,3.5,2025-01-19,Neutral,Had its highs and lows.,78
704,666,6,3.0,2025-03-18,Neutral,Some good moments.,79
705,1167,22,3.5,2025-01-28,Neutral,Had its highs and lows.,18
706,467,6,4.0,2025-04-03,Positive,A visual masterpiece.,78
707,264,1,4.5,2025-02-04,Positive,Top-tier storytelling.,49
708,1146,25,4.0,2024-11-09,Positive,A visual masterpiece.,79
709,612,12,4.0,2024-12-02,Positive,Top-tier storytelling.,77
710,393,5,4.5,2025-02-26,Positive,Will watch again.,44
711,1138,10,4.0,2024-10-25,Positive,Will watch again.,37
712,249,25,4.0,2025-02-24,Positive,Great performances all around.,69
713,1130,23,3.5,2025-02-20,Neutral,Worth a one-time watch.,35
714,321,9,4.5,2025-04-23,Positive,One of the best this year.,114
715,1013,21,4.0,2025-04-10,Positive,One of the best this year.,28
716,447,2,4.5,2024-10-03,Positive,Absolutely loved it!,50
717,267,11,3.5,2025-04-13,Neutral,Some good moments.,98
718,123,1,4.5,2025-01-31,Positive,Will watch again.,38
719,1017,25,4.0,2025-01-11,Positive,One of the best this year.,29
720,509,10,3.5,2024-11-30,Neutral,Average for its genre.,34
721,357,1,4.0,2025-01-26,Positive,A visual masterpiece.,120
722,109,12,5.0,2024-11-07,Positive,Absolutely loved it!,89
723,408,21,4.0,2025-03-30,Positive,Absolutely loved it!,98
724,997,18,4.0,2024-11-26,Positive,Great performances all around.,15
725,146,13,4.5,2025-03-25,Positive,Will watch again.,72
726,888,13,4.0,2025-04-07,Positive,Top-tier storytelling.,72
727,173,11,3.5,2025-03-18,Neutral,Nothing special but enjoyable.,89
728,687,13,3.0,2025-04-20,Neutral,Nothing special but enjoyable.,104
729,253,15,3.5,2025-03-23,Neutral,Worth a one-time watch.,83
730,751,4,5.0,2025-02-26,Positive,Absolutely loved it!,20
731,223,18,4.5,2025-03-04,Positive,One of the best this year.,81
732,327,9,5.0,2025-04-20,Positive,One of the best this year.,59
733,1067,1,4.5,2025-03-31,Positive,Gripping from start to finish.,107
734,486,2,4.5,2024-08-24,Positive,One of the best this year.,34
735,56,23,3.0,2025-04-03,Neutral,Had its highs and lows.,58
736,110,11,4.0,2025-02-25,Positive,Will watch again.,65
737,805,15,4.5,2025-04-29,Positive,Absolutely loved it!,96
738,1028,9,4.5,2025-04-13,Positive,Great performances all around.,74
739,1015,5,4.5,2025-01-02,Positive,Exceeded my expectations.,55
740,470,22,3.0,2025-03-11,Neutral,Decent watch.,91
741,507,20,4.5,2024-09-13,Positive,Top-tier storytelling.,105
742,72,2,4.5,2024-11-23,Positive,Great performances all around.,50
743,986,2,3.0,2025-04-03,Neutral,Decent watch.,25
744,626,4,3.5,2025-04-15,Neutral,Worth a one-time watch.,59
745,282,1,5.0,2025-01-29,Positive,One of the best this year.,114
746,373,4,3.5,2025-04-07,Neutral,Average for its genre.,2
747,970,12,3.5,2025-01-02,Neutral,Some good moments.,37
748,586,19,4.5,2025-04-18,Positive,Great performances all around.,77
749,1110,2,4.5,2024-12-31,Positive,Absolutely loved it!,37
750,523,15,4.0,2025-04-08,Positive,A visual masterpiece.,53
751,771,21,5.0,2025-04-27,Positive,Top-tier storytelling.,80
752,678,1,4.5,2025-01-18,Positive,Top-tier storytelling.,45
753,530,11,5.0,2025-02-08,Positive,One of the best this year.,28
754,596,18,5.0,2024-12-19,Positive,Top-tier storytelling.,120
755,1089,9,4.5,2025-05-01,Positive,A visual masterpiece.,57
756,1028,18,4.5,2025-01-14,Positive,Absolutely loved it!,50
757,303,1,5.0,2025-04-26,Positive,A visual masterpiece.,109
758,67,4,4.0,2025-04-08,Positive,Will watch again.,116
759,472,2,4.5,2024-09-26,Positive,Top-tier storytelling.,98
760,1194,8,2.5,2025-02-11,Neutral,Average for its genre.,79
761,354,13,3.5,2025-04-09,Neutral,Had its highs and lows.,7
762,528,15,4.0,2025-03-23,Positive,Exceeded my expectations.,107
763,113,22,4.0,2024-11-30,Positive,A visual masterpiece.,88
764,1092,19,4.5,2025-04-19,Positive,Top-tier storytelling.,101
765,200,24,5.0,2025-04-05,Positive,Highly recommend.,22
766,739,19,5.0,2025-04-29,Positive,Top-tier storytelling.,61
767,10,19,4.0,2025-04-16,Positive,A visual masterpiece.,115
768,875,15,3.0,2025-03-12,Neutral,Worth a one-time watch.,101
769,363,15,3.5,2025-03-22,Neutral,Nothing special but enjoyable.,108
770,483,7,1.5,2025-01-02,Negative,Poor writing overall.,93
771,625,5,3.0,2025-01-24,Neutral,Decent watch.,79
772,780,11,4.5,2025-02-15,Positive,One of the best this year.,77
773,85,17,3.0,2025-04-16,Neutral,Worth a one-time watch.,97
774,1097,7,3.5,2024-12-16,Neutral,Average for its genre.,58
775,1046,24,4.5,2024-12-21,Positive,Gripping from start to finish.,75
776,239,11,4.0,2025-03-19,Positive,Gripping from start to finish.,93
777,844,8,1.5,2025-03-06,Negative,Felt like a cash grab.,73
778,433,15,4.5,2025-04-18,Positive,Gripping from start to finish.,69
779,265,6,3.0,2025-04-01,Neutral,Some good moments.,120
780,46,4,3.0,2025-04-28,Neutral,Some good moments.,85
781,1142,18,4.5,2025-04-15,Positive,Great performances all around.,104
782,568,3,5.0,2025-02-06,Positive,A visual masterpiece.,71
783,844,11,3.0,2025-02-01,Neutral,Worth a one-time watch.,58
784,584,19,4.5,2025-04-26,Positive,Great performances all around.,13
785,1033,13,3.0,2025-04-21,Neutral,Decent watch.,109
786,1001,3,5.0,2025-03-29,Positive,Gripping from start to finish.,119
787,484,23,3.5,2025-02-16,Neutral,Decent watch.,35
788,195,23,4.0,2025-02-23,Positive,Gripping from start to finish.,110
789,129,16,3.0,2025-01-13,Neutral,Nothing special but enjoyable.,42
790,872,2,4.0,2024-10-13,Positive,One of the best this year.,114
791,470,7,2.5,2025-01-29,Neutral,Average for its genre.,36
792,167,9,5.0,2025-04-29,Positive,Great performances all around.,76
793,1167,11,4.0,2025-03-05,Positive,One of the best this year.,31
794,433,25,3.0,2024-08-16,Neutral,Some good moments.,63
795,290,1,4.5,2025-04-06,Positive,Exceeded my expectations.,105
796,945,15,3.0,2025-03-06,Neutral,Average for its genre.,116
797,1041,10,4.5,2024-08-09,Positive,Absolutely loved it!,96
798,737,13,3.5,2025-03-29,Neutral,Some good moments.,7
799,627,24,4.5,2025-05-01,Positive,Great performances all around.,1
800,1039,20,2.5,2024-10-22,Neutral,Had its highs and lows.,74
801,705,8,3.0,2025-02-24,Neutral,Decent watch.,102
802,426,15,3.5,2025-03-31,Neutral,Had its highs and lows.,54
803,799,8,3.0,2025-03-20,Neutral,Worth a one-time watch.,29
804,9,8,2.5,2025-02-20,Neutral,Some good moments.,92
805,839,5,5.0,2025-03-08,Positive,Absolutely loved it!,67
806,1077,22,3.5,2025-02-06,Neutral,Some good moments.,41
807,778,13,4.0,2025-04-23,Positive,Gripping from start to finish.,51
808,1178,13,5.0,2025-04-24,Positive,Exceeded my expectations.,5
809,1136,25,3.5,2025-01-15,Neutral,Worth a one-time watch.,75
810,908,1,4.5,2025-04-29,Positive,One of the best this year.,24
811,1004,15,4.0,2025-04-23,Positive,One of the best this year.,87
812,266,5,2.5,2024-11-08,Neutral,Worth a one-time watch.,110
813,317,2,3.5,2024-10-18,Neutral,Nothing special but enjoyable.,97
814,1069,7,1.5,2024-12-30,Negative,Slow and boring.,99
815,397,20,3.0,2024-08-20,Neutral,Had its highs and lows.,114
816,886,24,3.0,2025-04-15,Neutral,Worth a one-time watch.,62
817,1105,18,4.5,2025-03-30,Positive,One of the best this year.,32
818,1067,16,4.0,2025-01-21,Positive,Will watch again.,22
819,1047,21,4.0,2025-04-11,Positive,Absolutely loved it!,108
820,1010,3,4.5,2025-02-25,Positive,Gripping from start to finish.,0
821,997,23,4.0,2025-05-01,Positive,Gripping from start to finish.,118
822,395,1,5.0,2025-03-30,Positive,A visual masterpiece.,120
823,570,9,4.0,2025-04-10,Positive,Exceeded my expectations.,69
824,284,25,3.5,2024-10-29,Neutral,Worth a one-time watch.,105
825,910,8,3.0,2025-02-20,Neutral,Nothing special but enjoyable.,66
826,712,10,3.5,2025-01-04,Neutral,Nothing special but enjoyable.,74
827,137,21,4.0,2025-04-09,Positive,Top-tier storytelling.,27
828,313,1,5.0,2025-04-13,Positive,Top-tier storytelling.,79
829,220,24,3.0,2024-12-22,Neutral,Average for its genre.,72
830,50,22,4.0,2024-12-11,Positive,Exceeded my expectations.,74
831,327,19,3.5,2025-05-02,Neutral,Average for its genre.,117
832,204,19,3.5,2025-04-26,Neutral,Nothing special but enjoyable.,0
833,1108,24,3.5,2024-12-26,Neutral,Average for its genre.,74
834,419,14,3.0,2025-04-20,Neutral,Average for its genre.,120
835,441,4,3.0,2025-03-25,Neutral,Had its highs and lows.,111
836,127,5,3.5,2025-01-15,Neutral,Worth a one-time watch.,66
837,414,7,3.0,2025-01-02,Neutral,Some good moments.,91
838,990,15,3.5,2025-04-21,Neutral,Decent watch.,5
839,257,13,3.5,2025-04-14,Neutral,Average for its genre.,74
840,1018,1,5.0,2025-03-26,Positive,Gripping from start to finish.,72
841,1124,15,3.5,2025-03-24,Neutral,Had its highs and lows.,111
842,384,19,5.0,2025-04-28,Positive,Top-tier storytelling.,10
843,339,3,3.5,2024-11-24,Neutral,Some good moments.,101
844,958,1,4.0,2025-01-23,Positive,Highly recommend.,65
845,236,10,4.0,2024-08-02,Positive,Highly recommend.,51
846,917,4,4.5,2025-03-18,Positive,One of the best this year.,63
847,938,3,4.0,2025-03-08,Positive,Gripping from start to finish.,96
848,789,16,4.0,2025-01-01,Positive,Absolutely loved it!,79
849,1024,1,3.0,2025-02-16,Neutral,Some good moments.,56
850,596,25,4.0,2024-09-29,Positive,A visual masterpiece.,113
851,385,23,3.5,2025-04-04,Neutral,Nothing special but enjoyable.,105
852,900,18,3.5,2025-01-23,Neutral,Worth a one-time watch.,26
853,1063,19,4.5,2025-04-26,Positive,Will watch again.,109
854,76,9,4.0,2025-04-08,Positive,Highly recommend.,19
855,944,9,4.5,2025-04-29,Positive,A visual masterpiece.,112
856,755,21,5.0,2025-04-28,Positive,Exceeded my expectations.,16
857,285,6,2.0,2025-04-25,Negative,Wasted potential.,72
858,1132,1,5.0,2025-01-20,Positive,A visual masterpiece.,110
859,596,17,4.0,2025-04-22,Positive,One of the best this year.,22
860,837,13,5.0,2025-04-01,Positive,Will watch again.,82
861,80,21,4.0,2025-04-12,Positive,Will watch again.,43
862,108,21,4.5,2025-04-15,Positive,One of the best this year.,43
863,283,25,4.0,2024-09-30,Positive,Gripping from start to finish.,53
864,524,15,4.0,2025-04-18,Positive,Gripping from start to finish.,45
865,415,11,3.5,2025-04-27,Neutral,Had its highs and lows.,77
866,1109,13,4.0,2025-05-03,Positive,A visual masterpiece.,79
867,261,13,4.5,2025-04-28,Positive,Great performances all around.,40
868,86,14,5.0,2024-09-22,Positive,Top-tier storytelling.,98
869,330,21,3.5,2025-03-25,Neutral,Some good moments.,9
870,45,23,5.0,2025-04-15,Positive,Top-tier storytelling.,105
871,403,18,4.0,2025-02-25,Positive,Gripping from start to finish.,108
872,283,3,4.5,2025-04-23,Positive,Gripping from start to finish.,12
873,981,9,3.5,2025-04-06,Neutral,Nothing special but enjoyable.,61
874,648,15,3.5,2025-03-31,Neutral,Had its highs and lows.,90
875,153,18,5.0,2025-03-29,Positive,Gripping from start to finish.,100
876,327,1,3.5,2025-01-28,Neutral,Some good moments.,17
877,37,21,4.0,2025-04-13,Positive,A visual masterpiece.,2
878,99,16,4.0,2025-02-26,Positive,One of the best this year.,18
879,191,6,3.0,2025-04-04,Neutral,Average for its genre.,85
880,650,23,4.0,2025-04-22,Positive,Gripping from start to finish.,108
881,1033,8,2.5,2025-03-14,Neutral,Nothing special but enjoyable.,18
882,1094,12,4.0,2025-02-04,Positive,Exceeded my expectations.,61
883,352,1,5.0,2025-01-20,Positive,Will watch again.,68
884,759,21,4.0,2025-04-27,Positive,Top-tier storytelling.,74
885,892,5,5.0,2025-04-01,Positive,A visual masterpiece.,118
886,959,13,5.0,2025-04-25,Positive,One of the best this year.,22
887,716,22,4.0,2025-02-14,Positive,Gripping from start to finish.,74
888,527,16,4.0,2025-01-09,Positive,Exceeded my expectations.,105
889,824,13,5.0,2025-04-24,Positive,One of the best this year.,119
890,359,1,4.5,2025-04-18,Positive,Will watch again.,0
891,1178,16,3.5,2025-02-08,Neutral,Average for its genre.,28
892,1084,23,3.5,2025-02-22,Neutral,Nothing special but enjoyable.,108
893,149,1,4.5,2025-01-22,Positive,Highly recommend.,70
894,28,3,4.5,2025-03-18,Positive,Absolutely loved it!,22
895,333,24,3.0,2024-12-26,Neutral,Some good moments.,88
896,1123,7,2.5,2024-12-28,Neutral,Some good moments.,70
897,438,15,3.5,2025-04-20,Neutral,Some good moments.,0
898,719,1,5.0,2025-04-01,Positive,One of the best this year.,63
899,664,15,3.5,2025-04-14,Neutral,Had its highs and lows.,114
900,914,1,3.0,2025-01-19,Neutral,Average for its genre.,109
901,237,13,4.0,2025-04-08,Positive,A visual masterpiece.,99
902,546,7,3.5,2025-01-03,Neutral,Average for its genre.,57
903,899,6,2.5,2025-04-21,Neutral,Had its highs and lows.,30
904,483,19,3.5,2025-05-02,Neutral,Had its highs and lows.,111
905,684,14,3.5,2024-09-21,Neutral,Had its highs and lows.,63
906,990,24,3.5,2025-02-22,Neutral,Had its highs and lows.,106
907,654,15,4.5,2025-04-15,Positive,Highly recommend.,102
908,389,2,4.0,2025-04-07,Positive,A visual masterpiece.,98
909,952,9,4.5,2025-04-21,Positive,Exceeded my expectations.,40
910,742,4,2.5,2025-03-30,Neutral,Decent watch.,113
911,310,19,3.5,2025-04-24,Neutral,Nothing special but enjoyable.,19
912,211,22,3.5,2025-04-12,Neutral,Average for its genre.,115
913,578,8,3.0,2025-03-05,Neutral,Some good moments.,87
914,247,2,4.5,2024-11-02,Positive,Highly recommend.,17
915,623,16,3.5,2025-01-03,Neutral,Decent watch.,82
916,877,24,4.5,2025-02-20,Positive,Highly recommend.,8
917,77,12,5.0,2025-02-19,Positive,Great performances all around.,39
918,1195,3,5.0,2025-03-04,Positive,One of the best this year.,73
919,219,12,4.5,2024-12-26,Positive,Highly recommend.,83
920,88,12,4.0,2025-01-31,Positive,Gripping from start to finish.,25
921,785,19,4.0,2025-04-19,Positive,One of the best this year.,107
922,903,4,3.5,2025-03-26,Neutral,Nothing special but enjoyable.,46
923,357,11,4.0,2025-04-07,Positive,Will watch again.,16
924,1106,19,4.0,2025-04-13,Positive,A visual masterpiece.,51
925,1026,5,4.0,2024-12-29,Positive,Highly recommend.,111
926,946,19,4.5,2025-04-18,Positive,Highly recommend.,91
927,153,4,3.5,2025-03-25,Neutral,Decent watch.,51
928,83,20,2.5,2024-09-26,Neutral,Some good moments.,46
929,681,20,1.5,2024-09-02,Negative,Felt like a cash grab.,14
930,580,18,3.0,2024-12-04,Neutral,Decent watch.,45
931,661,7,1.5,2025-01-11,Negative,Felt like a cash grab.,39
932,265,21,4.0,2025-04-19,Positive,Gripping from start to finish.,55
933,1021,22,4.0,2024-11-22,Positive,Top-tier storytelling.,27
934,368,9,4.5,2025-04-17,Positive,Absolutely loved it!,34
935,1015,16,5.0,2025-03-25,Positive,Top-tier storytelling.,6
936,404,18,5.0,2024-12-21,Positive,Gripping from start to finish.,2
937,765,8,2.0,2025-01-31,Negative,The plot made no sense.,117
938,834,16,3.0,2024-12-15,Neutral,Decent watch.,117
939,432,25,5.0,2024-11-01,Positive,Exceeded my expectations.,63
940,80,19,4.5,2025-04-24,Positive,One of the best this year.,38
941,728,1,3.5,2025-04-12,Neutral,Had its highs and lows.,35
942,848,21,4.0,2025-04-28,Positive,Exceeded my expectations.,58
943,315,8,1.0,2025-03-21,Negative,Wasted potential.,22
944,542,24,3.0,2025-01-30,Neutral,Some good moments.,78
945,159,21,4.5,2025-04-30,Positive,Will watch again.,83
946,677,15,1.5,2025-04-17,Negative,Felt like a cash grab.,116
947,241,4,3.5,2025-04-08,Neutral,Average for its genre.,119
948,478,21,3.0,2025-04-20,Neutral,Had its highs and lows.,114
949,1093,2,3.5,2024-09-19,Neutral,Nothing special but enjoyable.,69
950,810,4,4.0,2025-03-24,Positive,Gripping from start to finish.,4
951,783,11,4.5,2025-02-17,Positive,Absolutely loved it!,50
952,1053,22,3.5,2025-02-20,Neutral,Average for its genre.,46
953,112,1,4.0,2025-03-03,Positive,Highly recommend.,26
954,810,16,2.0,2025-04-24,Negative,Couldn't finish it.,65
955,397,1,5.0,2025-03-20,Positive,Will watch again.,92
956,480,11,3.0,2025-04-03,Neutral,Decent watch.,23
957,136,15,4.5,2025-04-04,Positive,Will watch again.,112
958,421,15,4.5,2025-03-19,Positive,Top-tier storytelling.,64
959,1055,25,4.5,2024-07-26,Positive,One of the best this year.,90
960,1007,13,5.0,2025-04-27,Positive,A visual masterpiece.,120
961,288,11,4.5,2025-02-16,Positive,Exceeded my expectations.,108
962,788,9,4.0,2025-04-17,Positive,Will watch again.,74
963,920,13,3.0,2025-04-02,Neutral,Had its highs and lows.,21
964,258,7,3.5,2025-01-26,Neutral,Average for its genre.,118
965,444,12,3.5,2025-02-26,Neutral,Had its highs and lows.,79
966,457,4,3.5,2025-04-18,Neutral,Decent watch.,73
967,672,9,4.0,2025-04-22,Positive,Great performances all around.,112
968,983,13,5.0,2025-04-06,Positive,One of the best this year.,56
969,425,21,5.0,2025-04-10,Positive,Gripping from start to finish.,36
970,397,3,5.0,2025-04-12,Positive,Gripping from start to finish.,48
971,945,22,4.0,2024-12-01,Positive,One of the best this year.,51
972,283,4,4.0,2025-04-19,Positive,A visual masterpiece.,19
973,489,22,3.5,2024-11-09,Neutral,Decent watch.,42
974,523,5,4.0,2024-12-27,Positive,A visual masterpiece.,74
975,1088,3,4.5,2025-04-09,Positive,One of the best this year.,95
976,642,16,3.0,2025-01-24,Neutral,Worth a one-time watch.,55
977,24,15,3.0,2025-04-17,Neutral,Average for its genre.,16
978,1024,13,4.5,2025-03-30,Positive,Will watch again.,1
979,49,18,4.5,2025-04-18,Positive,Highly recommend.,77
980,704,24,3.5,2025-03-11,Neutral,Nothing special but enjoyable.,95
981,362,19,5.0,2025-05-01,Positive,Absolutely loved it!,85
982,661,15,4.0,2025-04-20,Positive,Exceeded my expectations.,28
983,1200,3,4.0,2024-12-30,Positive,Will watch again.,12
984,525,13,4.5,2025-04-10,Positive,Will watch again.,3
985,1003,8,3.0,2025-02-09,Neutral,Nothing special but enjoyable.,2
986,711,21,4.0,2025-04-15,Positive,Highly recommend.,105
987,246,21,3.5,2025-04-15,Neutral,Nothing special but enjoyable.,17
988,481,24,3.5,2025-03-04,Neutral,Average for its genre.,5
989,687,21,4.0,2025-03-29,Positive,Highly recommend.,46
990,973,22,4.0,2025-03-07,Positive,A visual masterpiece.,21
991,425,23,3.5,2025-03-23,Neutral,Had its highs and lows.,55
992,487,23,4.0,2025-04-27,Positive,Highly recommend.,30
993,574,14,3.5,2025-02-28,Neutral,Average for its genre.,117
994,309,5,4.0,2025-04-13,Positive,Will watch again.,103
995,1084,16,4.0,2025-04-30,Positive,Gripping from start to finish.,38
996,755,5,4.0,2025-01-05,Positive,A visual masterpiece.,95
997,790,4,4.5,2025-04-19,Positive,Exceeded my expectations.,40
998,680,4,3.5,2025-02-27,Neutral,Had its highs and lows.,8
999,123,16,4.0,2024-11-25,Positive,Great performances all around.,109
1000,466,5,3.5,2025-04-04,Neutral,Nothing special but enjoyable.,35
1001,586,18,4.0,2025-02-23,Positive,Great performances all around.,48
1002,627,5,4.0,2024-12-27,Positive,Absolutely loved it!,1
1003,723,1,3.0,2025-04-03,Neutral,Worth a one-time watch.,11
1004,1031,9,5.0,2025-04-21,Positive,Exceeded my expectations.,87
1005,503,5,4.0,2024-12-09,Positive,One of the best this year.,18
1006,745,2,4.5,2025-03-10,Positive,A visual masterpiece.,101
1007,484,1,5.0,2025-03-07,Positive,Absolutely loved it!,112
1008,598,25,5.0,2024-11-26,Positive,Gripping from start to finish.,60
1009,1178,18,4.0,2025-04-25,Positive,Will watch again.,19
1010,322,9,5.0,2025-04-30,Positive,Highly recommend.,95
1011,811,1,4.0,2025-03-11,Positive,Gripping from start to finish.,36
1012,949,9,3.5,2025-04-23,Neutral,Decent watch.,17
1013,16,16,3.5,2024-11-16,Neutral,Nothing special but enjoyable.,114
1014,925,21,5.0,2025-03-29,Positive,Highly recommend.,23
1015,1146,19,3.5,2025-04-16,Neutral,Average for its genre.,67
1016,1137,24,3.0,2025-02-12,Neutral,Nothing special but enjoyable.,98
1017,6,1,4.5,2025-02-24,Positive,Highly recommend.,62
1018,201,18,4.0,2025-04-07,Positive,One of the best this year.,120
1019,604,19,3.5,2025-04-17,Neutral,Had its highs and lows.,50
1020,635,4,3.0,2025-04-29,Neutral,Had its highs and lows.,96
1021,339,15,5.0,2025-04-16,Positive,One of the best this year.,5
1022,1041,13,4.0,2025-04-25,Positive,Top-tier storytelling.,42
1023,337,23,3.5,2025-02-25,Neutral,Some good moments.,5
1024,344,4,3.5,2025-03-16,Neutral,Nothing special but enjoyable.,31
1025,368,7,2.5,2025-02-05,Neutral,Worth a one-time watch.,61
1026,138,5,4.0,2024-12-01,Positive,Exceeded my expectations.,99
1027,731,4,4.0,2025-03-31,Positive,Top-tier storytelling.,88
1028,897,22,4.5,2024-11-29,Positive,Will watch again.,55
1029,798,15,4.5,2025-03-12,Positive,Great performances all around.,50
1030,84,23,3.5,2025-03-27,Neutral,Average for its genre.,105
1031,498,6,2.5,2025-03-31,Neutral,Some good moments.,93
1032,262,21,4.5,2025-04-29,Positive,Absolutely loved it!,89
1033,822,1,5.0,2025-02-28,Positive,Highly recommend.,45
1034,700,12,3.5,2025-04-10,Neutral,Had its highs and lows.,100
1035,532,6,3.0,2025-04-14,Neutral,Some good moments.,99
1036,357,7,3.0,2025-02-08,Neutral,Worth a one-time watch.,2
1037,38,2,4.5,2025-01-18,Positive,Great performances all around.,109
1038,981,19,3.5,2025-04-29,Neutral,Average for its genre.,14
1039,817,1,4.0,2025-02-15,Positive,One of the best this year.,101
1040,818,4,4.0,2025-04-16,Positive,Gripping from start to finish.,24
1041,1063,13,4.5,2025-04-16,Positive,Will watch again.,117
1042,269,19,3.5,2025-04-23,Neutral,Had its highs and lows.,106
1043,908,9,4.0,2025-04-26,Positive,Great performances all around.,89
1044,507,6,3.0,2025-04-13,Neutral,Average for its genre.,26
1045,1127,25,4.0,2024-09-27,Positive,One of the best this year.,21
1046,103,19,4.0,2025-04-16,Positive,Will watch again.,75
1047,106,5,4.0,2024-12-28,Positive,Great performances all around.,84
1048,16,9,4.5,2025-04-10,Positive,One of the best this year.,68
1049,1028,16,4.5,2025-02-26,Positive,Top-tier storytelling.,14
1050,25,23,3.5,2025-05-02,Neutral,Had its highs and lows.,42
1051,962,19,3.5,2025-04-21,Neutral,Average for its genre.,38
1052,1155,16,3.5,2024-12-18,Neutral,Had its highs and lows.,74
1053,127,22,4.5,2025-04-29,Positive,Gripping from start to finish.,33
1054,1042,19,4.0,2025-04-23,Positive,Gripping from start to finish.,98
1055,562,9,5.0,2025-05-03,Positive,A visual masterpiece.,33
1056,695,4,3.5,2025-02-17,Neutral,Had its highs and lows.,25
1057,739,5,4.0,2024-09-16,Positive,Exceeded my expectations.,44
1058,74,23,3.5,2025-04-05,Neutral,Decent watch.,104
1059,793,15,4.0,2025-03-05,Positive,Highly recommend.,5
1060,705,9,5.0,2025-05-02,Positive,Great performances all around.,101
1061,144,21,4.5,2025-04-07,Positive,One of the best this year.,33
1062,323,1,4.0,2025-01-20,Positive,Exceeded my expectations.,8
1063,694,18,4.0,2025-01-20,Positive,Gripping from start to finish.,90
1064,577,21,4.5,2025-04-04,Positive,Absolutely loved it!,63
1065,653,19,5.0,2025-04-19,Positive,One of the best this year.,98
1066,505,23,5.0,2025-02-15,Positive,A visual masterpiece.,79
1067,886,13,4.0,2025-04-22,Positive,Gripping from start to finish.,39
1068,14,1,4.5,2025-01-17,Positive,A visual masterpiece.,98
1069,628,13,4.0,2025-04-06,Positive,Gripping from start to finish.,16
1070,454,18,3.5,2024-10-19,Neutral,Worth a one-time watch.,34
1071,665,15,5.0,2025-03-15,Positive,A visual masterpiece.,95
1072,178,23,3.5,2025-03-11,Neutral,Nothing special but enjoyable.,33
1073,833,9,3.0,2025-04-22,Neutral,Nothing special but enjoyable.,35
1074,31,3,4.5,2025-03-25,Positive,Great performances all around.,58
1075,908,20,2.0,2024-08-25,Negative,Wasted potential.,115
1076,299,19,4.0,2025-04-23,Positive,Will watch again.,28
1077,780,22,3.5,2025-02-06,Neutral,Had its highs and lows.,0
1078,928,18,4.0,2025-03-16,Positive,One of the best this year.,34
1079,1078,12,3.5,2024-11-27,Neutral,Some good moments.,79
1080,876,23,4.5,2025-04-25,Positive,One of the best this year.,95
1081,351,11,4.0,2025-04-30,Positive,One of the best this year.,103
1082,17,1,4.5,2025-03-03,Positive,Absolutely loved it!,23
1083,527,20,2.0,2024-09-09,Negative,Wasted potential.,119
1084,745,3,4.0,2025-02-01,Positive,Great performances all around.,18
1085,1104,1,5.0,2025-02-10,Positive,Great performances all around.,93
1086,174,23,4.0,2025-04-24,Positive,Absolutely loved it!,115
1087,304,22,2.5,2025-04-20,Neutral,Decent watch.,32
1088,590,19,4.5,2025-04-21,Positive,Gripping from start to finish.,17
1089,162,4,3.5,2025-03-25,Neutral,Average for its genre.,116
1090,302,1,3.5,2025-01-18,Neutral,Decent watch.,28
1091,1006,9,5.0,2025-05-01,Positive,Highly recommend.,0
1092,1048,22,4.0,2025-03-18,Positive,Exceeded my expectations.,116
1093,90,17,3.0,2025-04-26,Neutral,Nothing special but enjoyable.,33
1094,159,25,4.0,2024-08-25,Positive,Exceeded my expectations.,120
1095,563,3,3.5,2025-04-03,Neutral,Decent watch.,52
1096,788,18,3.5,2024-10-06,Neutral,Worth a one-time watch.,77
1097,148,14,5.0,2025-02-14,Positive,Top-tier storytelling.,56
1098,1013,11,4.0,2025-03-16,Positive,Great performances all around.,64
1099,984,19,5.0,2025-04-18,Positive,Will watch again.,24
1100,12,21,3.5,2025-04-03,Neutral,Some good moments.,43
1101,426,9,4.0,2025-04-18,Positive,Absolutely loved it!,43
1102,567,20,2.5,2024-09-09,Neutral,Had its highs and lows.,57
1103,231,1,5.0,2025-02-09,Positive,Will watch again.,100
1104,470,23,4.0,2025-04-15,Positive,Absolutely loved it!,111
1105,459,22,3.5,2024-11-24,Neutral,Decent watch.,40
1106,971,22,4.0,2024-11-08,Positive,Absolutely loved it!,90
1107,817,19,4.5,2025-04-22,Positive,Top-tier storytelling.,59
1108,624,23,3.0,2025-04-17,Neutral,Had its highs and lows.,34
1109,1107,4,3.0,2025-04-03,Neutral,Nothing special but enjoyable.,36
1110,256,19,3.5,2025-05-01,Neutral,Average for its genre.,55
1111,874,1,4.5,2025-02-11,Positive,Great performances all around.,15
1112,783,15,3.0,2025-03-01,Neutral,Average for its genre.,65
1113,424,21,5.0,2025-04-19,Positive,Exceeded my expectations.,107
1114,338,21,5.0,2025-04-12,Positive,Gripping from start to finish.,11
1115,922,11,4.5,2025-03-07,Positive,Top-tier storytelling.,12
1116,209,13,5.0,2025-04-15,Positive,One of the best this year.,105
1117,1196,11,3.5,2025-04-09,Neutral,Had its highs and lows.,32
1118,469,14,4.5,2024-06-29,Positive,Highly recommend.,15
1119,1032,7,2.5,2025-01-23,Neutral,Worth a one-time watch.,9
1120,911,12,3.5,2025-02-09,Neutral,Some good moments.,80
1121,877,22,4.0,2025-04-21,Positive,Gripping from start to finish.,50
1122,259,11,3.0,2025-02-07,Neutral,Some good moments.,108
1123,1085,18,4.5,2025-02-21,Positive,Gripping from start to finish.,48
1124,398,22,3.0,2024-12-16,Neutral,Worth a one-time watch.,30
1125,80,9,4.5,2025-04-16,Positive,Absolutely loved it!,71
1126,1066,19,4.5,2025-04-14,Positive,Exceeded my expectations.,3
1127,533,14,4.0,2024-11-23,Positive,Highly recommend.,7
1128,710,9,4.5,2025-04-15,Positive,One of the best this year.,59
1129,405,2,4.5,2025-01-25,Positive,Will watch again.,85
1130,937,6,2.0,2025-05-01,Negative,Wasted potential.,99
1131,615,13,3.5,2025-04-19,Neutral,Had its highs and lows.,26
1132,249,14,5.0,2024-08-03,Positive,Top-tier storytelling.,56
1133,855,22,3.0,2025-04-27,Neutral,Worth a one-time watch.,41
1134,797,1,5.0,2025-01-19,Positive,A visual masterpiece.,38
1135,450,19,4.5,2025-04-14,Positive,Absolutely loved it!,65
1136,527,1,4.5,2025-01-30,Positive,Top-tier storytelling.,81
1137,1153,15,4.5,2025-04-30,Positive,Top-tier storytelling.,70
1138,1151,15,4.0,2025-04-08,Positive,Exceeded my expectations.,102
1139,839,4,5.0,2025-03-19,Positive,Will watch again.,110
1140,9,19,4.5,2025-04-24,Positive,Exceeded my expectations.,85
1141,62,2,4.5,2024-08-20,Positive,One of the best this year.,4
1142,684,23,4.0,2025-04-19,Positive,Top-tier storytelling.,78
1143,967,5,3.5,2025-03-07,Neutral,Average for its genre.,35
1144,1175,25,3.5,2025-03-08,Neutral,Had its highs and lows.,93
1145,1157,1,5.0,2025-01-16,Positive,One of the best this year.,100
1146,891,1,4.5,2025-03-28,Positive,Exceeded my expectations.,17
1147,750,24,4.0,2025-01-21,Positive,Highly recommend.,86
1148,1045,17,4.5,2025-04-05,Positive,Exceeded my expectations.,50
1149,938,14,3.0,2024-09-02,Neutral,Nothing special but enjoyable.,118
1150,861,5,3.0,2025-02-03,Neutral,Decent watch.,66
1151,703,5,4.0,2025-02-25,Positive,Will watch again.,86
1152,927,20,2.0,2024-09-13,Negative,Very disappointing.,72
1153,547,1,4.5,2025-04-04,Positive,Highly recommend.,63
1154,1082,7,2.5,2025-01-17,Neutral,Decent watch.,8
1155,121,1,5.0,2025-03-02,Positive,Exceeded my expectations.,103
1156,797,11,3.5,2025-02-18,Neutral,Worth a one-time watch.,76
1157,129,24,3.5,2025-02-21,Neutral,Average for its genre.,21
1158,604,15,5.0,2025-04-04,Positive,Highly recommend.,30
1159,480,5,4.0,2025-02-02,Positive,Gripping from start to finish.,31
1160,795,13,4.0,2025-04-30,Positive,Exceeded my expectations.,108
1161,139,3,4.0,2025-01-30,Positive,Absolutely loved it!,16
1162,467,19,4.0,2025-04-30,Positive,Top-tier storytelling.,73
1163,774,7,3.0,2024-12-31,Neutral,Some good moments.,34
1164,841,2,3.0,2024-10-09,Neutral,Decent watch.,34
1165,616,19,4.5,2025-04-23,Positive,Will watch again.,7
1166,875,21,4.5,2025-05-02,Positive,Will watch again.,80
1167,632,25,4.0,2024-07-29,Positive,Highly recommend.,24
1168,835,10,4.5,2024-09-17,Positive,A visual masterpiece.,96
1169,255,18,4.5,2025-04-23,Positive,Gripping from start to finish.,6
1170,1092,10,3.5,2024-11-28,Neutral,Average for its genre.,72
1171,775,13,4.5,2025-04-14,Positive,Highly recommend.,55
1172,481,3,4.0,2024-12-08,Positive,Will watch again.,7
1173,630,14,4.0,2024-11-27,Positive,Great performances all around.,60
1174,888,19,3.5,2025-04-15,Neutral,Some good moments.,110
1175,337,3,5.0,2025-02-28,Positive,One of the best this year.,51
1176,316,9,4.5,2025-04-21,Positive,Top-tier storytelling.,104
1177,53,14,3.5,2024-11-13,Neutral,Decent watch.,91
1178,722,16,3.0,2025-02-15,Neutral,Average for its genre.,10
1179,873,15,3.5,2025-03-23,Neutral,Had its highs and lows.,37
1180,84,4,4.0,2025-04-11,Positive,Top-tier storytelling.,32
1181,964,8,2.5,2025-03-05,Neutral,Nothing special but enjoyable.,99
1182,972,23,4.0,2025-03-04,Positive,Great performances all around.,102
1183,886,9,5.0,2025-04-14,Positive,Highly recommend.,108
1184,1082,14,4.0,2024-08-23,Positive,Absolutely loved it!,8
1185,812,3,4.0,2025-02-19,Positive,Highly recommend.,43
1186,805,21,4.5,2025-04-19,Positive,Will watch again.,24
1187,67,3,2.5,2025-02-08,Neutral,Nothing special but enjoyable.,10
1188,734,15,4.0,2025-03-10,Positive,Absolutely loved it!,95
1189,284,4,5.0,2025-04-08,Positive,Highly recommend.,29
1190,1002,22,4.5,2025-04-12,Positive,One of the best this year.,2
1191,310,17,4.0,2025-02-24,Positive,Highly recommend.,33
1192,1051,21,4.0,2025-04-29,Positive,Will watch again.,85
1193,1022,22,3.5,2025-05-03,Neutral,Nothing special but enjoyable.,89
1194,510,3,4.0,2025-03-11,Positive,One of the best this year.,96
1195,499,2,2.5,2024-10-21,Neutral,Nothing special but enjoyable.,82
1196,132,21,5.0,2025-03-27,Positive,One of the best this year.,40
1197,1000,13,4.5,2025-03-21,Positive,Absolutely loved it!,92
1198,685,14,4.0,2025-03-05,Positive,Gripping from start to finish.,59
1199,203,15,3.5,2025-03-21,Neutral,Worth a one-time watch.,101
1200,381,11,5.0,2025-04-14,Positive,Exceeded my expectations.,84
1201,1023,11,3.5,2025-03-17,Neutral,Worth a one-time watch.,115
1202,670,5,4.0,2025-02-08,Positive,Absolutely loved it!,101
1203,1193,1,5.0,2025-01-22,Positive,Highly recommend.,4
1204,781,22,3.5,2025-03-15,Neutral,Nothing special but enjoyable.,35
1205,1000,10,4.0,2024-09-29,Positive,One of the best this year.,74
1206,118,18,4.5,2024-12-07,Positive,Great performances all around.,43
1207,1001,2,3.0,2024-08-15,Neutral,Decent watch.,54
1208,1080,19,3.5,2025-04-27,Neutral,Had its highs and lows.,97
1209,1098,9,4.5,2025-04-12,Positive,Great performances all around.,29
1210,653,21,4.0,2025-04-01,Positive,Gripping from start to finish.,36
1211,409,22,4.0,2025-03-07,Positive,Will watch again.,43
1212,298,4,4.5,2025-03-16,Positive,A visual masterpiece.,97
1213,406,11,5.0,2025-04-15,Positive,Absolutely loved it!,6
1214,1039,7,3.5,2025-01-11,Neutral,Average for its genre.,99
1215,304,11,4.0,2025-03-07,Positive,Great performances all around.,15
1216,934,12,3.5,2025-01-31,Neutral,Average for its genre.,22
1217,834,12,3.5,2025-01-12,Neutral,Had its highs and lows.,0
1218,1095,1,5.0,2025-02-18,Positive,Highly recommend.,77
1219,1100,19,4.5,2025-04-23,Positive,A visual masterpiece.,65
1220,488,5,3.5,2024-09-08,Neutral,Decent watch.,56
1221,357,2,4.0,2025-01-09,Positive,Highly recommend.,64
1222,606,11,4.5,2025-04-12,Positive,Highly recommend.,112
1223,560,2,4.0,2025-03-08,Positive,Will watch again.,82
1224,284,21,4.5,2025-04-20,Positive,Absolutely loved it!,1
1225,816,9,3.5,2025-04-30,Neutral,Had its highs and lows.,82
1226,1082,19,4.5,2025-04-18,Positive,Will watch again.,81
1227,137,24,3.5,2025-03-14,Neutral,Worth a one-time watch.,74
1228,681,4,4.0,2025-03-26,Positive,Highly recommend.,99
1229,623,1,4.5,2025-01-18,Positive,Gripping from start to finish.,25
1230,1020,21,5.0,2025-03-31,Positive,Gripping from start to finish.,33
1231,895,11,4.0,2025-03-26,Positive,Great performances all around.,111
1232,903,24,4.5,2025-02-24,Positive,Absolutely loved it!,118
1233,1006,7,2.0,2025-01-23,Negative,Couldn't finish it.,32
1234,487,19,4.5,2025-04-25,Positive,A visual masterpiece.,81
1235,54,1,4.5,2025-01-29,Positive,Will watch again.,6
1236,526,2,4.5,2025-01-11,Positive,Will watch again.,10
1237,126,11,3.5,2025-04-19,Neutral,Some good moments.,71
1238,73,22,3.0,2025-01-24,Neutral,Had its highs and lows.,10
1239,1191,14,4.0,2024-11-08,Positive,One of the best this year.,102
1240,154,9,3.5,2025-04-29,Neutral,Average for its genre.,13
1241,372,15,4.5,2025-04-01,Positive,Highly recommend.,68
1242,686,1,4.5,2025-01-21,Positive,Highly recommend.,7
1243,458,7,2.5,2025-02-07,Neutral,Average for its genre.,103
1244,818,9,3.5,2025-05-03,Neutral,Average for its genre.,109
1245,985,5,4.5,2025-04-08,Positive,One of the best this year.,75
1246,780,13,3.5,2025-04-19,Neutral,Nothing special but enjoyable.,7
1247,227,5,3.5,2025-01-31,Neutral,Some good moments.,25
1248,739,9,4.5,2025-05-01,Positive,Exceeded my expectations.,116
1249,845,9,3.0,2025-04-18,Neutral,Had its highs and lows.,85
1250,417,19,4.0,2025-04-27,Positive,Absolutely loved it!,18
1251,277,7,2.0,2025-01-23,Negative,Wasted potential.,35
1252,1066,1,4.5,2025-04-16,Positive,Great performances all around.,65
1253,958,5,3.5,2024-09-15,Neutral,Some good moments.,79
1254,415,3,5.0,2024-11-23,Positive,Gripping from start to finish.,65
1255,131,13,4.0,2025-04-05,Positive,Absolutely loved it!,93
1256,86,1,4.0,2025-01-16,Positive,Gripping from start to finish.,104
1257,55,1,4.5,2025-02-24,Positive,Great performances all around.,64
1258,1179,15,3.0,2025-05-02,Neutral,Had its highs and lows.,73
1259,608,6,3.0,2025-04-09,Neutral,Decent watch.,66
1260,257,3,4.5,2025-03-09,Positive,Gripping from start to finish.,119
1261,784,10,3.5,2024-10-06,Neutral,Nothing special but enjoyable.,26
1262,316,19,4.5,2025-04-15,Positive,A visual masterpiece.,52
1263,206,9,4.0,2025-04-24,Positive,Will watch again.,118
1264,1115,20,2.5,2024-09-03,Neutral,Some good moments.,90
1265,768,1,3.5,2025-02-24,Neutral,Had its highs and lows.,68
1266,204,13,4.0,2025-04-10,Positive,Absolutely loved it!,68
1267,712,22,3.0,2024-12-20,Neutral,Decent watch.,11
1268,976,2,3.5,2025-02-12,Neutral,Nothing special but enjoyable.,111
1269,513,3,4.5,2025-02-27,Positive,Absolutely loved it!,21
1270,157,13,5.0,2025-04-07,Positive,Will watch again.,14
1271,642,13,4.5,2025-05-03,Positive,Will watch again.,9
1272,588,1,4.5,2025-02-16,Positive,A visual masterpiece.,103
1273,1013,2,3.0,2024-11-22,Neutral,Average for its genre.,77
1274,57,11,4.0,2025-03-19,Positive,A visual masterpiece.,74
1275,1094,8,2.5,2025-03-04,Neutral,Worth a one-time watch.,102
1276,592,4,4.0,2025-04-29,Positive,Great performances all around.,115
1277,244,9,2.5,2025-04-18,Neutral,Decent watch.,32
1278,650,14,4.0,2024-07-06,Positive,Absolutely loved it!,17
1279,731,1,4.5,2025-04-13,Positive,Exceeded my expectations.,47
1280,1012,11,4.5,2025-04-19,Positive,Exceeded my expectations.,85
1281,1130,4,3.5,2025-02-19,Neutral,Decent watch.,32
1282,3,1,4.0,2025-01-24,Positive,Will watch again.,35
1283,272,8,1.5,2025-03-16,Negative,The plot made no sense.,113
1284,733,3,4.5,2024-11-29,Positive,One of the best this year.,57
1285,767,19,5.0,2025-04-15,Positive,Highly recommend.,115
1286,171,12,3.5,2025-03-20,Neutral,Decent watch.,32
1287,694,22,3.0,2025-03-02,Neutral,Decent watch.,87
1288,127,6,2.0,2025-03-28,Negative,Couldn't finish it.,80
1289,862,15,4.0,2025-04-01,Positive,Top-tier storytelling.,114
1290,23,11,4.0,2025-04-05,Positive,One of the best this year.,28
1291,472,18,3.5,2025-03-03,Neutral,Had its highs and lows.,63
1292,657,13,4.5,2025-04-17,Positive,One of the best this year.,112
1293,508,7,3.0,2024-12-31,Neutral,Worth a one-time watch.,112
1294,171,13,5.0,2025-03-22,Positive,Absolutely loved it!,71
1295,1127,9,4.5,2025-04-25,Positive,Exceeded my expectations.,11
1296,771,10,3.5,2024-12-01,Neutral,Worth a one-time watch.,118
1297,1056,9,5.0,2025-05-01,Positive,Will watch again.,38
1298,455,23,4.0,2025-03-31,Positive,Gripping from start to finish.,49
1299,220,15,2.5,2025-04-13,Neutral,Decent watch.,104
1300,291,23,3.0,2025-04-04,Neutral,Average for its genre.,73
1301,395,9,5.0,2025-04-18,Positive,Highly recommend.,90
1302,514,11,5.0,2025-04-04,Positive,A visual masterpiece.,26
1303,993,23,3.5,2025-02-27,Neutral,Worth a one-time watch.,108
1304,706,19,5.0,2025-04-23,Positive,Gripping from start to finish.,118
1305,301,22,3.5,2025-04-26,Neutral,Worth a one-time watch.,56
1306,437,22,4.0,2024-11-22,Positive,Absolutely loved it!,44
1307,883,9,4.0,2025-04-30,Positive,Will watch again.,112
1308,793,11,3.5,2025-02-09,Neutral,Average for its genre.,26
1309,713,8,2.0,2025-03-15,Negative,Slow and boring.,117
1310,374,1,5.0,2025-02-07,Positive,Absolutely loved it!,60
1311,736,22,3.5,2025-01-23,Neutral,Average for its genre.,38
1312,317,19,5.0,2025-04-19,Positive,Will watch again.,62
1313,1044,17,4.5,2025-05-02,Positive,A visual masterpiece.,8
1314,93,12,3.5,2025-01-14,Neutral,Had its highs and lows.,75
1315,792,23,4.5,2025-03-04,Positive,Gripping from start to finish.,117
1316,416,14,3.5,2024-08-31,Neutral,Decent watch.,57
1317,943,1,4.0,2025-04-29,Positive,Highly recommend.,94
1318,711,12,4.5,2025-03-22,Positive,Exceeded my expectations.,20
1319,98,13,4.5,2025-04-22,Positive,Will watch again.,108
1320,856,22,4.0,2025-04-04,Positive,One of the best this year.,36
1321,688,12,4.0,2025-01-24,Positive,Exceeded my expectations.,81
1322,339,6,2.5,2025-03-05,Neutral,Nothing special but enjoyable.,68
1323,798,22,3.0,2025-04-18,Neutral,Decent watch.,42
1324,635,17,3.5,2025-03-17,Neutral,Decent watch.,63
1325,263,21,5.0,2025-04-08,Positive,One of the best this year.,77
1326,547,17,3.5,2025-04-24,Neutral,Worth a one-time watch.,61
1327,198,11,4.0,2025-02-08,Positive,A visual masterpiece.,90
1328,206,1,4.5,2025-03-19,Positive,Will watch again.,63
1329,516,6,2.5,2025-04-03,Neutral,Decent watch.,87
1330,650,13,4.5,2025-04-28,Positive,One of the best this year.,16
1331,341,16,3.5,2025-01-14,Neutral,Had its highs and lows.,46
1332,103,1,5.0,2025-01-24,Positive,Gripping from start to finish.,88
1333,585,21,4.0,2025-04-28,Positive,Top-tier storytelling.,119
1334,229,11,4.5,2025-02-28,Positive,Will watch again.,119
1335,916,13,5.0,2025-04-28,Positive,Absolutely loved it!,110
1336,733,1,4.5,2025-01-20,Positive,Great performances all around.,56
1337,195,5,5.0,2025-04-15,Positive,Exceeded my expectations.,58
1338,877,5,4.0,2025-01-10,Positive,Great performances all around.,16
1339,677,13,5.0,2025-03-25,Positive,Gripping from start to finish.,102
1340,945,21,5.0,2025-04-15,Positive,A visual masterpiece.,52
1341,1013,15,3.5,2025-04-28,Neutral,Decent watch.,120
1342,246,11,4.5,2025-05-01,Positive,Top-tier storytelling.,101
1343,865,1,3.5,2025-01-26,Neutral,Nothing special but enjoyable.,65
1344,1023,19,4.0,2025-05-01,Positive,One of the best this year.,7
1345,1067,5,4.0,2025-02-20,Positive,Will watch again.,113
1346,418,16,3.5,2025-03-29,Neutral,Some good moments.,35
1347,985,16,4.0,2025-03-26,Positive,Will watch again.,14
1348,356,10,4.0,2025-01-23,Positive,Great performances all around.,69
1349,292,16,3.5,2025-03-05,Neutral,Had its highs and lows.,108
1350,782,16,4.0,2024-11-17,Positive,A visual masterpiece.,73
1351,1002,1,5.0,2025-05-02,Positive,Highly recommend.,60
1352,322,21,4.5,2025-03-30,Positive,A visual masterpiece.,95
1353,235,18,3.5,2024-10-07,Neutral,Decent watch.,15
1354,1049,22,4.0,2025-01-29,Positive,Great performances all around.,80
1355,513,14,4.5,2025-04-18,Positive,Gripping from start to finish.,110
1356,926,9,4.0,2025-04-08,Positive,Absolutely loved it!,53
1357,883,18,3.0,2025-01-13,Neutral,Decent watch.,4
1358,239,13,4.5,2025-03-29,Positive,Highly recommend.,68
1359,807,10,4.5,2025-01-31,Positive,One of the best this year.,91
1360,298,2,4.5,2025-02-25,Positive,Exceeded my expectations.,74
1361,771,22,4.0,2025-01-08,Positive,One of the best this year.,73
1362,273,2,5.0,2024-11-26,Positive,A visual masterpiece.,59
1363,649,21,2.5,2025-04-04,Neutral,Had its highs and lows.,119
1364,203,22,3.0,2024-11-07,Neutral,Some good moments.,90
1365,241,19,4.0,2025-04-14,Positive,Highly recommend.,11
1366,68,5,4.5,2025-01-03,Positive,Gripping from start to finish.,109
1367,537,9,4.5,2025-04-21,Positive,One of the best this year.,22
1368,212,19,3.5,2025-04-28,Neutral,Average for its genre.,40
1369,749,9,5.0,2025-04-12,Positive,Absolutely loved it!,22
1370,435,5,4.5,2025-01-08,Positive,One of the best this year.,45
1371,674,1,5.0,2025-01-25,Positive,Absolutely loved it!,113
1372,26,25,4.0,2024-10-29,Positive,Great performances all around.,42
1373,582,24,4.5,2025-04-08,Positive,One of the best this year.,70
1374,364,2,4.5,2025-04-27,Positive,Great performances all around.,42
1375,1068,25,3.5,2025-05-01,Neutral,Decent watch.,40
1376,820,14,4.0,2024-06-11,Positive,Absolutely loved it!,107
1377,996,21,4.5,2025-04-23,Positive,Exceeded my expectations.,40
1378,694,5,5.0,2025-02-05,Positive,Great performances all around.,62
1379,936,13,3.5,2025-03-24,Neutral,Decent watch.,92
1380,1014,12,4.5,2024-11-18,Positive,Exceeded my expectations.,79
1381,847,6,3.5,2025-04-24,Neutral,Decent watch.,115
1382,959,16,4.0,2025-03-21,Positive,Will watch again.,62
1383,166,21,5.0,2025-04-24,Positive,Absolutely loved it!,119
1384,172,16,2.5,2025-02-20,Neutral,Average for its genre.,111
1385,1097,5,3.0,2025-01-12,Neutral,Average for its genre.,21
1386,222,1,3.5,2025-03-23,Neutral,Nothing special but enjoyable.,97
1387,135,1,4.5,2025-03-24,Positive,Exceeded my expectations.,108
1388,1155,11,4.5,2025-04-28,Positive,Will watch again.,45
1389,555,6,2.5,2025-04-16,Neutral,Decent watch.,30
1390,399,1,5.0,2025-01-26,Positive,Will watch again.,65
1391,197,8,3.5,2025-02-18,Neutral,Nothing special but enjoyable.,95
1392,511,1,4.5,2025-01-21,Positive,Top-tier storytelling.,40
1393,471,1,5.0,2025-03-01,Positive,Will watch again.,101
1394,601,1,4.0,2025-01-16,Positive,One of the best this year.,81
1395,1122,19,4.0,2025-05-01,Positive,Top-tier storytelling.,8
1396,1104,19,3.5,2025-04-17,Neutral,Average for its genre.,105
1397,494,19,4.5,2025-04-13,Positive,One of the best this year.,89
1398,48,21,4.0,2025-04-09,Positive,Highly recommend.,20
1399,836,3,4.0,2025-02-22,Positive,Absolutely loved it!,57
1400,1057,6,1.5,2025-04-19,Negative,The plot made no sense.,76
1401,522,15,5.0,2025-04-17,Positive,Absolutely loved it!,18
1402,582,10,4.5,2024-09-19,Positive,Exceeded my expectations.,6
1403,1055,8,3.0,2025-03-14,Neutral,Some good moments.,115
1404,442,3,4.5,2025-05-01,Positive,Top-tier storytelling.,109
1405,584,2,4.0,2024-08-30,Positive,Will watch again.,10
1406,705,5,3.5,2025-02-25,Neutral,Decent watch.,104
1407,137,11,4.0,2025-03-04,Positive,Exceeded my expectations.,12
1408,1027,19,4.0,2025-04-16,Positive,One of the best this year.,99
1409,1109,1,4.5,2025-01-20,Positive,Great performances all around.,67
1410,1040,13,3.5,2025-04-23,Neutral,Nothing special but enjoyable.,63
1411,211,9,5.0,2025-04-24,Positive,Top-tier storytelling.,103
1412,626,19,3.5,2025-04-13,Neutral,Nothing special but enjoyable.,16
1413,488,8,2.5,2025-03-15,Neutral,Some good moments.,117
1414,339,5,3.0,2025-03-29,Neutral,Nothing special but enjoyable.,39
1415,114,1,5.0,2025-02-28,Positive,One of the best this year.,62
1416,21,19,3.5,2025-04-15,Neutral,Some good moments.,21
1417,1151,18,3.0,2024-12-22,Neutral,Worth a one-time watch.,47
1418,562,18,4.0,2024-12-02,Positive,Exceeded my expectations.,103
1419,728,21,5.0,2025-04-04,Positive,Great performances all around.,52
1420,849,3,5.0,2024-12-17,Positive,Top-tier storytelling.,92
1421,241,24,4.0,2025-02-20,Positive,Highly recommend.,36
1422,534,23,4.0,2025-03-31,Positive,Great performances all around.,32
1423,752,23,3.0,2025-03-22,Neutral,Worth a one-time watch.,60
1424,532,15,2.0,2025-03-29,Negative,Wasted potential.,105
1425,626,6,3.0,2025-03-10,Neutral,Nothing special but enjoyable.,72
1426,401,13,4.0,2025-04-10,Positive,Highly recommend.,66
1427,1126,15,4.0,2025-03-09,Positive,Great performances all around.,98
1428,946,8,2.5,2025-02-23,Neutral,Average for its genre.,37
1429,129,1,4.0,2025-02-17,Positive,Highly recommend.,94
1430,292,4,5.0,2025-03-22,Positive,Will watch again.,13
1431,350,1,3.5,2025-04-18,Neutral,Worth a one-time watch.,102
1432,111,18,4.5,2024-11-08,Positive,A visual masterpiece.,47
1433,513,10,5.0,2024-12-09,Positive,A visual masterpiece.,31
1434,1151,7,3.0,2025-01-30,Neutral,Average for its genre.,60
1435,447,7,2.5,2025-01-28,Neutral,Nothing special but enjoyable.,44
1436,734,9,4.5,2025-04-10,Positive,A visual masterpiece.,38
1437,444,6,1.5,2025-04-02,Negative,The plot made no sense.,117
1438,977,10,3.5,2025-01-28,Neutral,Worth a one-time watch.,73
1439,234,16,3.5,2025-02-26,Neutral,Had its highs and lows.,112
1440,622,4,3.5,2025-02-26,Neutral,Average for its genre.,101
1441,14,2,4.5,2025-01-17,Positive,Gripping from start to finish.,86
1442,1028,19,4.5,2025-04-22,Positive,Will watch again.,4
1443,899,9,4.5,2025-04-11,Positive,One of the best this year.,13
1444,667,14,3.5,2025-01-06,Neutral,Worth a one-time watch.,1
1445,592,19,5.0,2025-04-27,Positive,A visual masterpiece.,67
1446,609,22,4.0,2025-04-26,Positive,Gripping from start to finish.,28
1447,627,1,5.0,2025-02-14,Positive,Highly recommend.,81
1448,1077,19,3.5,2025-04-13,Neutral,Worth a one-time watch.,1
1449,292,13,4.5,2025-03-31,Positive,Top-tier storytelling.,93
1450,361,11,4.5,2025-01-30,Positive,Exceeded my expectations.,77
1451,710,3,5.0,2024-12-06,Positive,Absolutely loved it!,68
1452,644,12,4.0,2025-04-12,Positive,Highly recommend.,61
1453,897,1,4.5,2025-03-30,Positive,A visual masterpiece.,115
1454,372,22,3.0,2025-02-25,Neutral,Worth a one-time watch.,118
1455,1184,2,3.5,2024-08-17,Neutral,Average for its genre.,12
1456,917,17,3.5,2025-04-04,Neutral,Some good moments.,51
1457,544,22,3.5,2025-03-29,Neutral,Had its highs and lows.,27
1458,941,3,3.5,2025-05-03,Neutral,Nothing special but enjoyable.,15
1459,787,13,3.5,2025-04-07,Neutral,Average for its genre.,92
1460,667,11,4.0,2025-02-03,Positive,Top-tier storytelling.,17
1461,676,21,4.0,2025-04-27,Positive,Will watch again.,71
1462,251,3,5.0,2025-04-17,Positive,Highly recommend.,25
1463,1092,7,3.0,2024-12-23,Neutral,Had its highs and lows.,110
1464,510,1,4.0,2025-02-22,Positive,Absolutely loved it!,87
1465,665,19,3.0,2025-04-21,Neutral,Average for its genre.,112
1466,1200,5,3.5,2024-10-27,Neutral,Had its highs and lows.,57
1467,146,14,3.5,2025-04-09,Neutral,Some good moments.,107
1468,529,9,4.5,2025-04-12,Positive,Highly recommend.,10
1469,920,2,4.5,2025-04-21,Positive,One of the best this year.,110
1470,539,16,4.5,2025-04-30,Positive,Gripping from start to finish.,75
1471,969,25,3.5,2025-04-13,Neutral,Average for its genre.,43
1472,222,15,4.5,2025-04-27,Positive,Highly recommend.,67
1473,1098,2,3.5,2025-03-11,Neutral,Some good moments.,19
1474,255,23,4.0,2025-04-14,Positive,Great performances all around.,114
1475,650,6,2.5,2025-05-01,Neutral,Some good moments.,50
1476,839,11,4.0,2025-04-15,Positive,Absolutely loved it!,106
1477,813,12,3.5,2025-04-01,Neutral,Had its highs and lows.,31
1478,230,10,2.5,2025-02-14,Neutral,Worth a one-time watch.,79
1479,193,13,4.0,2025-05-01,Positive,Highly recommend.,95
1480,331,8,2.0,2025-03-23,Negative,Would not recommend.,103
1481,716,12,3.5,2024-11-28,Neutral,Some good moments.,47
1482,63,21,4.0,2025-04-14,Positive,One of the best this year.,90
1483,801,5,4.5,2024-12-19,Positive,Gripping from start to finish.,96
1484,872,8,3.0,2025-02-27,Neutral,Some good moments.,81
1485,650,19,5.0,2025-04-30,Positive,One of the best this year.,7
1486,244,3,4.5,2025-02-20,Positive,One of the best this year.,65
1487,638,22,5.0,2025-05-01,Positive,One of the best this year.,6
1488,754,5,4.0,2024-10-05,Positive,Great performances all around.,62
1489,617,15,4.5,2025-03-19,Positive,Top-tier storytelling.,67
1490,869,3,5.0,2025-01-12,Positive,A visual masterpiece.,84
1491,983,9,3.5,2025-04-26,Neutral,Worth a one-time watch.,3
1492,437,21,4.5,2025-04-08,Positive,Top-tier storytelling.,1
1493,1088,19,3.5,2025-04-29,Neutral,Decent watch.,95
1494,331,3,4.5,2025-03-20,Positive,Great performances all around.,83
1495,909,25,3.5,2025-03-09,Neutral,Average for its genre.,76
1496,645,22,3.0,2024-11-17,Neutral,Some good moments.,52
1497,1120,15,2.5,2025-04-06,Neutral,Nothing special but enjoyable.,2
1498,303,8,3.5,2025-02-15,Neutral,Average for its genre.,82
1499,641,1,5.0,2025-02-18,Positive,Great performances all around.,11
1500,1181,11,4.0,2025-02-03,Positive,Absolutely loved it!,28
1501,1008,2,5.0,2024-10-04,Positive,Will watch again.,85
1502,1055,22,4.0,2025-01-30,Positive,Will watch again.,110
1503,741,13,4.0,2025-03-21,Positive,Great performances all around.,71
1504,200,18,4.0,2024-10-12,Positive,Highly recommend.,93
1505,1065,4,4.5,2025-03-19,Positive,Top-tier storytelling.,106
1506,1012,25,4.5,2024-07-13,Positive,Will watch again.,50
1507,646,14,4.5,2024-12-12,Positive,Top-tier storytelling.,95
1508,67,15,4.0,2025-03-27,Positive,Top-tier storytelling.,14
1509,1011,9,3.0,2025-04-27,Neutral,Worth a one-time watch.,120
1510,90,3,4.0,2024-11-24,Positive,Absolutely loved it!,66
1511,607,25,4.5,2024-11-03,Positive,One of the best this year.,1
1512,257,2,4.0,2025-03-07,Positive,One of the best this year.,75
1513,289,1,5.0,2025-02-26,Positive,Highly recommend.,84
1514,505,18,4.0,2024-12-17,Positive,Top-tier storytelling.,75
1515,1047,23,4.5,2025-04-23,Positive,Gripping from start to finish.,90
1516,597,4,4.5,2025-04-15,Positive,Top-tier storytelling.,112
1517,591,12,4.5,2025-04-07,Positive,Absolutely loved it!,108
1518,118,11,3.5,2025-03-02,Neutral,Had its highs and lows.,51
1519,161,1,4.5,2025-01-25,Positive,Will watch again.,1
1520,484,3,4.5,2025-01-06,Positive,Gripping from start to finish.,18
1521,1015,25,3.0,2024-08-16,Neutral,Average for its genre.,97
1522,419,23,4.0,2025-04-21,Positive,Exceeded my expectations.,11
1523,138,15,3.5,2025-03-04,Neutral,Average for its genre.,49
1524,240,17,4.0,2025-02-04,Positive,A visual masterpiece.,96
1525,547,2,4.5,2025-02-11,Positive,Exceeded my expectations.,98
1526,559,6,3.0,2025-03-13,Neutral,Some good moments.,12
1527,338,15,4.5,2025-03-28,Positive,Absolutely loved it!,47
1528,1197,8,3.0,2025-03-09,Neutral,Worth a one-time watch.,110
1529,1013,13,4.0,2025-04-07,Positive,Exceeded my expectations.,49
1530,513,9,4.5,2025-04-25,Positive,A visual masterpiece.,90
1531,972,19,4.0,2025-04-19,Positive,A visual masterpiece.,5
1532,139,17,4.0,2025-03-27,Positive,Will watch again.,86
1533,46,3,3.5,2025-03-10,Neutral,Decent watch.,95
1534,262,2,3.5,2025-03-01,Neutral,Had its highs and lows.,54
1535,109,13,4.0,2025-03-26,Positive,Exceeded my expectations.,26
1536,91,14,3.5,2024-08-04,Neutral,Average for its genre.,83
1537,938,19,4.0,2025-04-28,Positive,Highly recommend.,119
1538,348,2,5.0,2024-09-19,Positive,Gripping from start to finish.,38
1539,51,11,4.0,2025-03-17,Positive,One of the best this year.,38
1540,66,2,4.0,2024-10-20,Positive,Great performances all around.,101
1541,702,9,4.5,2025-04-08,Positive,Will watch again.,95
1542,734,13,4.0,2025-03-27,Positive,One of the best this year.,41
1543,254,23,4.5,2025-04-05,Positive,Great performances all around.,58
1544,1107,16,3.5,2024-12-03,Neutral,Some good moments.,2
1545,423,9,3.5,2025-04-08,Neutral,Some good moments.,47
1546,1012,13,5.0,2025-04-26,Positive,Absolutely loved it!,50
1547,515,18,4.5,2024-10-29,Positive,One of the best this year.,98
1548,540,21,4.5,2025-04-11,Positive,Highly recommend.,36
1549,272,24,3.0,2025-02-26,Neutral,Nothing special but enjoyable.,50
1550,467,7,3.5,2025-01-23,Neutral,Had its highs and lows.,52
1551,647,3,4.5,2025-01-03,Positive,A visual masterpiece.,118
1552,688,19,4.5,2025-05-01,Positive,Great performances all around.,43
1553,175,11,4.0,2025-05-03,Positive,Exceeded my expectations.,82
1554,1168,1,4.5,2025-02-03,Positive,Highly recommend.,76
1555,851,7,2.5,2024-12-25,Neutral,Nothing special but enjoyable.,44
1556,440,7,1.5,2024-12-23,Negative,Felt like a cash grab.,86
1557,812,17,5.0,2025-02-11,Positive,Gripping from start to finish.,80
1558,456,5,4.0,2025-04-08,Positive,Will watch again.,95
1559,381,1,5.0,2025-01-25,Positive,One of the best this year.,50
1560,656,15,4.5,2025-03-12,Positive,A visual masterpiece.,73
1561,698,11,4.5,2025-03-17,Positive,Highly recommend.,39
1562,980,7,2.5,2025-01-21,Neutral,Worth a one-time watch.,9
1563,1175,1,4.0,2025-03-02,Positive,Great performances all around.,39
1564,995,4,4.5,2025-02-26,Positive,Absolutely loved it!,31
1565,527,10,5.0,2024-08-16,Positive,Will watch again.,104
1566,681,23,4.5,2025-02-12,Positive,Absolutely loved it!,26
1567,754,15,4.0,2025-05-02,Positive,Exceeded my expectations.,43
1568,333,12,3.0,2024-11-02,Neutral,Had its highs and lows.,10
1569,630,19,4.5,2025-04-12,Positive,A visual masterpiece.,62
1570,1014,4,5.0,2025-04-25,Positive,Highly recommend.,32
1571,270,5,4.5,2025-04-15,Positive,A visual masterpiece.,96
1572,672,12,3.5,2024-12-19,Neutral,Some good moments.,83
1573,773,21,4.0,2025-03-25,Positive,Exceeded my expectations.,26
1574,151,5,3.5,2025-01-07,Neutral,Average for its genre.,1
1575,637,12,4.5,2024-11-08,Positive,Will watch again.,56
1576,1083,1,3.5,2025-02-14,Neutral,Decent watch.,108
1577,547,3,5.0,2025-02-15,Positive,Gripping from start to finish.,26
1578,1115,22,4.5,2025-01-16,Positive,Exceeded my expectations.,17
1579,980,12,4.0,2025-03-18,Positive,Great performances all around.,51
1580,472,21,5.0,2025-04-12,Positive,Great performances all around.,108
1581,613,22,4.5,2025-03-30,Positive,Top-tier storytelling.,43
1582,1091,24,3.5,2025-03-21,Neutral,Worth a one-time watch.,59
1583,1127,13,4.0,2025-03-28,Positive,Top-tier storytelling.,119
1584,812,21,4.0,2025-03-27,Positive,Gripping from start to finish.,63
1585,1109,7,2.5,2025-01-06,Neutral,Average for its genre.,21
1586,15,19,4.0,2025-04-25,Positive,One of the best this year.,65
1587,41,20,2.5,2024-08-28,Neutral,Average for its genre.,26
1588,48,23,4.5,2025-02-11,Positive,Gripping from start to finish.,45
1589,769,22,3.5,2024-12-14,Neutral,Nothing special but enjoyable.,110
1590,1185,22,4.0,2025-02-02,Positive,Will watch again.,97
1591,1015,11,4.0,2025-02-04,Positive,Great performances all around.,26
1592,1129,16,3.5,2024-11-11,Neutral,Decent watch.,100
1593,588,19,4.5,2025-04-22,Positive,Top-tier storytelling.,80
1594,1011,2,3.5,2024-11-11,Neutral,Average for its genre.,53
1595,443,9,5.0,2025-04-19,Positive,Will watch again.,3
1596,755,1,5.0,2025-01-28,Positive,A visual masterpiece.,28
1597,552,13,4.0,2025-04-04,Positive,Will watch again.,64
1598,709,23,3.0,2025-03-02,Neutral,Average for its genre.,17
1599,2,19,4.0,2025-04-29,Positive,Highly recommend.,78
1600,949,11,4.0,2025-04-22,Positive,Exceeded my expectations.,114
1601,156,24,3.0,2025-03-05,Neutral,Had its highs and lows.,55
1602,715,10,4.0,2025-03-11,Positive,Gripping from start to finish.,25
1603,1083,8,2.0,2025-02-25,Negative,Would not recommend.,49
1604,1157,3,4.5,2025-04-02,Positive,Great performances all around.,62
1605,1013,8,2.5,2025-03-02,Neutral,Decent watch.,112
1606,826,9,4.0,2025-04-30,Positive,Absolutely loved it!,104
1607,250,1,4.5,2025-02-13,Positive,Gripping from start to finish.,26
1608,63,9,4.0,2025-04-11,Positive,Top-tier storytelling.,30
1609,752,22,3.0,2025-02-15,Neutral,Some good moments.,30
1610,613,11,4.0,2025-03-02,Positive,Great performances all around.,65
1611,301,15,3.0,2025-03-15,Neutral,Worth a one-time watch.,17
1612,897,4,4.0,2025-02-18,Positive,Top-tier storytelling.,6
1613,1026,20,2.0,2024-09-04,Negative,Poor writing overall.,84
1614,1004,1,3.0,2025-01-29,Neutral,Some good moments.,8
1615,200,13,5.0,2025-04-30,Positive,One of the best this year.,62
1616,266,14,3.5,2025-04-14,Neutral,Had its highs and lows.,66
1617,595,19,3.5,2025-04-30,Neutral,Decent watch.,33
1618,443,6,3.0,2025-04-09,Neutral,Average for its genre.,41
1619,704,4,4.0,2025-03-03,Positive,Top-tier storytelling.,94
1620,510,10,3.5,2024-12-17,Neutral,Decent watch.,77
1621,847,12,3.5,2025-02-06,Neutral,Decent watch.,94
1622,620,22,4.5,2025-03-24,Positive,Exceeded my expectations.,20
1623,1169,1,4.5,2025-01-18,Positive,Great performances all around.,46
1624,1152,1,5.0,2025-02-10,Positive,Gripping from start to finish.,18
1625,439,20,2.5,2024-09-17,Neutral,Worth a one-time watch.,103
1626,367,22,4.0,2025-03-05,Positive,Absolutely loved it!,5
1627,954,6,3.0,2025-03-05,Neutral,Worth a one-time watch.,117
1628,1056,8,3.0,2025-02-13,Neutral,Had its highs and lows.,9
1629,644,22,4.0,2025-02-08,Positive,One of the best this year.,71
1630,660,13,5.0,2025-03-31,Positive,Great performances all around.,112
1631,346,4,3.5,2025-05-01,Neutral,Nothing special but enjoyable.,82
1632,609,19,4.0,2025-04-19,Positive,One of the best this year.,88
1633,1033,4,4.0,2025-03-11,Positive,Absolutely loved it!,22
1634,453,6,2.5,2025-05-01,Neutral,Average for its genre.,30
1635,669,23,4.0,2025-04-18,Positive,Top-tier storytelling.,112
1636,548,13,5.0,2025-04-01,Positive,Exceeded my expectations.,100
1637,864,1,4.0,2025-01-19,Positive,Will watch again.,100
1638,877,3,4.0,2025-01-05,Positive,One of the best this year.,103
1639,357,17,4.0,2025-03-20,Positive,One of the best this year.,79
1640,189,22,3.5,2025-04-14,Neutral,Nothing special but enjoyable.,64
1641,675,19,4.0,2025-04-15,Positive,Exceeded my expectations.,53
1642,108,4,3.5,2025-04-14,Neutral,Decent watch.,62
1643,313,13,4.0,2025-04-06,Positive,Will watch again.,54
1644,271,22,4.0,2025-03-11,Positive,Highly recommend.,119
1645,391,12,4.0,2025-01-08,Positive,Absolutely loved it!,106
1646,200,6,2.5,2025-03-13,Neutral,Decent watch.,34
1647,816,5,3.0,2024-11-27,Neutral,Average for its genre.,103
1648,933,23,4.0,2025-04-08,Positive,A visual masterpiece.,13
1649,302,18,4.0,2025-02-28,Positive,One of the best this year.,51
1650,606,8,4.0,2025-02-11,Positive,Great performances all around.,61
1651,72,15,4.0,2025-03-31,Positive,A visual masterpiece.,111
1652,1161,5,4.0,2024-11-04,Positive,Gripping from start to finish.,20
1653,28,10,4.0,2024-07-23,Positive,Highly recommend.,33
1654,244,11,5.0,2025-04-17,Positive,A visual masterpiece.,19
1655,335,24,4.0,2025-02-03,Positive,A visual masterpiece.,93
1656,114,21,4.0,2025-04-21,Positive,Exceeded my expectations.,117
1657,163,21,4.0,2025-04-25,Positive,Will watch again.,68
1658,658,1,4.5,2025-01-25,Positive,Exceeded my expectations.,110
1659,1011,15,4.5,2025-03-19,Positive,Gripping from start to finish.,76
1660,922,23,4.0,2025-03-14,Positive,Will watch again.,19
1661,655,1,5.0,2025-04-01,Positive,A visual masterpiece.,0
1662,875,20,2.0,2024-08-25,Negative,Slow and boring.,115
1663,1159,1,5.0,2025-04-09,Positive,One of the best this year.,21
1664,882,24,3.5,2025-04-09,Neutral,Nothing special but enjoyable.,63
1665,695,6,2.0,2025-03-10,Negative,Poor writing overall.,70
1666,279,19,3.5,2025-04-24,Neutral,Had its highs and lows.,53
1667,918,1,5.0,2025-04-24,Positive,Absolutely loved it!,67
1668,107,1,4.5,2025-03-29,Positive,Great performances all around.,98
1669,38,25,3.5,2024-08-01,Neutral,Average for its genre.,105
1670,674,18,5.0,2024-10-13,Positive,Gripping from start to finish.,13
1671,1148,8,4.0,2025-03-20,Positive,Will watch again.,87
1672,482,11,4.0,2025-04-28,Positive,Exceeded my expectations.,91
1673,720,19,4.0,2025-04-24,Positive,Top-tier storytelling.,49
1674,970,2,4.0,2025-04-06,Positive,Absolutely loved it!,68
1675,819,9,5.0,2025-04-23,Positive,Exceeded my expectations.,95
1676,733,22,3.5,2025-02-28,Neutral,Some good moments.,53
1677,435,2,4.0,2025-04-03,Positive,Highly recommend.,6
1678,10,1,4.5,2025-01-24,Positive,Highly recommend.,27
1679,752,1,4.5,2025-01-26,Positive,Great performances all around.,82
1680,973,19,4.5,2025-04-30,Positive,A visual masterpiece.,75
1681,978,8,2.5,2025-02-03,Neutral,Decent watch.,84
1682,1169,13,4.0,2025-03-20,Positive,One of the best this year.,29
1683,36,2,3.5,2025-03-02,Neutral,Average for its genre.,0
1684,762,5,3.5,2025-03-16,Neutral,Decent watch.,115
1685,905,13,4.5,2025-05-01,Positive,Gripping from start to finish.,110
1686,1094,2,4.0,2024-09-19,Positive,Highly recommend.,119
1687,95,15,4.5,2025-04-09,Positive,Gripping from start to finish.,37
1688,520,5,3.5,2025-01-06,Neutral,Worth a one-time watch.,9
1689,110,21,4.0,2025-04-13,Positive,Will watch again.,115
1690,605,7,3.5,2025-01-29,Neutral,Average for its genre.,38
1691,488,1,5.0,2025-03-15,Positive,Will watch again.,55
1692,138,1,5.0,2025-03-06,Positive,A visual masterpiece.,35
1693,886,1,4.5,2025-01-28,Positive,Gripping from start to finish.,78
1694,977,1,4.5,2025-04-24,Positive,A visual masterpiece.,50
1695,804,4,4.0,2025-04-11,Positive,One of the best this year.,28
1696,161,15,3.5,2025-04-27,Neutral,Nothing special but enjoyable.,119
1697,758,11,4.5,2025-04-05,Positive,One of the best this year.,117
1698,767,12,3.5,2025-04-27,Neutral,Nothing special but enjoyable.,116
1699,722,3,4.0,2025-03-29,Positive,A visual masterpiece.,23
1700,428,1,4.0,2025-02-24,Positive,Highly recommend.,19
1701,1079,19,4.5,2025-04-29,Positive,A visual masterpiece.,108
1702,684,10,3.5,2025-04-09,Neutral,Some good moments.,19
1703,467,21,5.0,2025-04-25,Positive,Top-tier storytelling.,28
1704,1062,19,5.0,2025-04-28,Positive,Will watch again.,101
1705,1185,5,3.0,2025-02-04,Neutral,Average for its genre.,19
1706,1091,1,4.5,2025-01-30,Positive,Highly recommend.,104
1707,1151,22,3.5,2025-01-11,Neutral,Decent watch.,10
1708,44,19,5.0,2025-05-01,Positive,Highly recommend.,107
1709,84,17,4.5,2025-02-23,Positive,Exceeded my expectations.,22
1710,14,13,4.5,2025-04-01,Positive,A visual masterpiece.,53
1711,554,16,4.5,2024-11-14,Positive,Absolutely loved it!,82
1712,743,18,4.0,2024-12-14,Positive,Exceeded my expectations.,0
1713,377,2,4.5,2025-04-06,Positive,Highly recommend.,98
1714,98,17,3.5,2025-01-31,Neutral,Some good moments.,27
1715,1163,12,3.5,2025-02-07,Neutral,Worth a one-time watch.,46
1716,807,11,4.0,2025-03-11,Positive,Absolutely loved it!,0
1717,304,19,3.5,2025-05-01,Neutral,Nothing special but enjoyable.,28
1718,17,16,3.5,2025-02-06,Neutral,Had its highs and lows.,53
1719,418,1,4.0,2025-05-02,Positive,Will watch again.,102
1720,273,11,3.5,2025-02-05,Neutral,Average for its genre.,10
1721,1180,10,3.0,2024-12-14,Neutral,Average for its genre.,75
1722,1046,16,4.0,2025-02-28,Positive,Top-tier storytelling.,35
1723,639,23,4.5,2025-04-07,Positive,Top-tier storytelling.,22
1724,38,5,4.0,2024-11-23,Positive,Highly recommend.,115
1725,613,7,1.5,2024-12-16,Negative,Felt like a cash grab.,12
1726,1102,10,4.5,2024-10-08,Positive,A visual masterpiece.,61
1727,157,4,5.0,2025-03-02,Positive,Highly recommend.,75
1728,988,4,5.0,2025-04-30,Positive,Top-tier storytelling.,11
1729,108,11,3.5,2025-04-11,Neutral,Decent watch.,69
1730,611,7,2.5,2024-12-13,Neutral,Decent watch.,51
1731,190,5,4.5,2025-04-28,Positive,Highly recommend.,49
1732,260,19,3.0,2025-04-14,Neutral,Average for its genre.,68
1733,271,10,3.5,2024-08-09,Neutral,Had its highs and lows.,1
1734,958,2,4.0,2024-09-06,Positive,Highly recommend.,116
1735,1040,1,4.5,2025-01-20,Positive,Will watch again.,29
1736,923,19,4.5,2025-04-15,Positive,Will watch again.,48
1737,304,2,5.0,2024-08-17,Positive,Absolutely loved it!,58
1738,1087,3,4.0,2025-04-20,Positive,Absolutely loved it!,60
1739,576,19,4.5,2025-04-16,Positive,Highly recommend.,49
1740,225,11,3.0,2025-03-11,Neutral,Worth a one-time watch.,58
1741,1136,15,4.0,2025-04-09,Positive,Absolutely loved it!,31
1742,600,9,3.5,2025-04-09,Neutral,Decent watch.,9
1743,1131,21,5.0,2025-03-31,Positive,Absolutely loved it!,111
1744,174,1,5.0,2025-04-12,Positive,Will watch again.,7
1745,354,21,4.0,2025-04-02,Positive,A visual masterpiece.,67
1746,32,9,4.5,2025-04-21,Positive,Will watch again.,58
1747,593,25,4.5,2024-11-15,Positive,Highly recommend.,84
1748,673,24,4.0,2025-04-06,Positive,Exceeded my expectations.,105
1749,92,19,3.5,2025-04-25,Neutral,Some good moments.,22
1750,910,14,4.0,2024-06-10,Positive,Will watch again.,83
1751,130,1,4.0,2025-03-10,Positive,Will watch again.,67
1752,207,20,2.5,2024-09-20,Neutral,Average for its genre.,77
1753,618,4,4.0,2025-04-18,Positive,Gripping from start to finish.,62
1754,615,18,3.5,2025-02-16,Neutral,Had its highs and lows.,49
1755,472,11,5.0,2025-04-10,Positive,One of the best this year.,9
1756,590,23,4.0,2025-04-02,Positive,A visual masterpiece.,114
1757,32,8,2.5,2025-03-13,Neutral,Decent watch.,80
1758,607,18,3.0,2025-02-06,Neutral,Average for its genre.,64
1759,889,18,4.5,2024-10-22,Positive,Top-tier storytelling.,47
1760,29,21,3.0,2025-04-15,Neutral,Average for its genre.,100
1761,121,11,3.5,2025-04-30,Neutral,Decent watch.,43
1762,1146,6,3.5,2025-05-02,Neutral,Decent watch.,45
1763,1113,21,4.0,2025-04-06,Positive,One of the best this year.,120
1764,142,14,3.0,2024-07-23,Neutral,Decent watch.,19
1765,945,23,3.5,2025-03-31,Neutral,Worth a one-time watch.,44
1766,1161,23,4.0,2025-03-02,Positive,Highly recommend.,36
1767,501,4,4.5,2025-04-22,Positive,Great performances all around.,26
1768,387,1,4.5,2025-04-07,Positive,Great performances all around.,34
1769,1086,22,3.0,2025-04-04,Neutral,Nothing special but enjoyable.,72
1770,229,9,3.5,2025-04-09,Neutral,Had its highs and lows.,120
1771,140,9,4.0,2025-04-19,Positive,Great performances all around.,73
1772,468,18,4.0,2024-12-19,Positive,Absolutely loved it!,116
1773,1132,8,2.0,2025-03-15,Negative,The plot made no sense.,23
1774,385,1,4.5,2025-04-18,Positive,Great performances all around.,112
1775,802,1,5.0,2025-01-26,Positive,Gripping from start to finish.,72
1776,476,8,2.0,2025-02-27,Negative,Would not recommend.,93
1777,1144,25,3.0,2024-08-15,Neutral,Nothing special but enjoyable.,91
1778,286,5,3.0,2024-10-16,Neutral,Some good moments.,17
1779,990,25,3.5,2024-08-17,Neutral,Nothing special but enjoyable.,54
1780,117,23,4.5,2025-03-22,Positive,Absolutely loved it!,67
1781,1129,11,4.0,2025-04-30,Positive,Will watch again.,28
1782,760,11,4.5,2025-03-28,Positive,Absolutely loved it!,28
1783,417,25,3.5,2025-02-02,Neutral,Worth a one-time watch.,18
1784,922,19,3.0,2025-04-23,Neutral,Worth a one-time watch.,60
1785,880,21,4.0,2025-04-09,Positive,Highly recommend.,96
1786,560,7,3.0,2025-01-10,Neutral,Some good moments.,6
1787,106,1,5.0,2025-02-11,Positive,A visual masterpiece.,84
1788,740,9,3.5,2025-04-24,Neutral,Average for its genre.,41
1789,269,18,3.5,2025-03-10,Neutral,Some good moments.,81
1790,1173,19,4.5,2025-04-24,Positive,Gripping from start to finish.,19
1791,1181,5,4.0,2024-11-30,Positive,Top-tier storytelling.,112
1792,69,11,4.0,2025-02-03,Positive,A visual masterpiece.,12
1793,163,9,4.5,2025-05-02,Positive,Great performances all around.,61
1794,872,1,5.0,2025-03-16,Positive,One of the best this year.,92
1795,311,3,3.5,2025-03-07,Neutral,Average for its genre.,11
1796,543,3,3.0,2025-01-21,Neutral,Worth a one-time watch.,105
1797,746,14,3.0,2025-01-09,Neutral,Nothing special but enjoyable.,3
1798,236,20,3.0,2024-08-31,Neutral,Decent watch.,69
1799,619,11,3.5,2025-04-03,Neutral,Had its highs and lows.,117
1800,285,13,3.5,2025-04-10,Neutral,Some good moments.,39
1801,426,13,3.5,2025-04-01,Neutral,Nothing special but enjoyable.,94
1802,991,19,5.0,2025-04-29,Positive,Exceeded my expectations.,2
1803,668,25,2.5,2025-03-15,Neutral,Had its highs and lows.,45
1804,687,11,3.0,2025-03-07,Neutral,Some good moments.,11
1805,938,11,4.0,2025-04-02,Positive,Top-tier storytelling.,10
1806,184,19,4.0,2025-04-13,Positive,Exceeded my expectations.,42
1807,1131,9,4.0,2025-04-09,Positive,Will watch again.,98
1808,221,9,5.0,2025-04-25,Positive,Will watch again.,53
1809,1075,5,4.5,2025-02-15,Positive,One of the best this year.,64
1810,1176,14,4.5,2024-07-29,Positive,One of the best this year.,96
1811,989,19,4.0,2025-04-23,Positive,Will watch again.,75
1812,567,21,4.5,2025-04-18,Positive,Gripping from start to finish.,84
1813,395,19,4.0,2025-04-13,Positive,Gripping from start to finish.,68
1814,210,12,3.0,2024-11-24,Neutral,Decent watch.,21
1815,217,4,4.0,2025-03-02,Positive,One of the best this year.,55
1816,1024,11,4.5,2025-04-22,Positive,Will watch again.,39
1817,147,17,3.5,2025-04-26,Neutral,Nothing special but enjoyable.,85
1818,881,4,3.0,2025-03-13,Neutral,Worth a one-time watch.,57
1819,1169,25,3.0,2025-03-03,Neutral,Average for its genre.,97
1820,719,13,4.5,2025-03-24,Positive,Will watch again.,48
1821,140,15,4.0,2025-04-04,Positive,Will watch again.,66
1822,863,2,4.0,2024-10-15,Positive,Great performances all around.,55
1823,457,11,4.0,2025-03-04,Positive,Highly recommend.,55
1824,1008,9,4.0,2025-04-29,Positive,Top-tier storytelling.,36
1825,5,5,3.5,2025-01-10,Neutral,Decent watch.,82
1826,968,14,4.0,2024-07-08,Positive,Will watch again.,24
1827,126,19,4.5,2025-04-24,Positive,Exceeded my expectations.,53
1828,146,18,4.0,2025-03-19,Positive,Exceeded my expectations.,38
1829,777,9,4.5,2025-04-11,Positive,Absolutely loved it!,107
1830,907,14,3.5,2024-08-11,Neutral,Some good moments.,1
1831,1090,13,4.5,2025-04-03,Positive,Highly recommend.,71
1832,53,11,4.5,2025-04-08,Positive,Absolutely loved it!,52
1833,961,10,5.0,2025-03-28,Positive,Gripping from start to finish.,58
1834,294,19,3.0,2025-04-19,Neutral,Some good moments.,6
1835,1155,13,3.5,2025-04-23,Neutral,Had its highs and lows.,10
1836,1048,11,4.0,2025-04-20,Positive,Great performances all around.,60
1837,663,10,5.0,2025-01-08,Positive,Exceeded my expectations.,14
1838,212,25,5.0,2025-03-02,Positive,One of the best this year.,77
1839,796,2,4.5,2025-03-04,Positive,Exceeded my expectations.,53
1840,1145,23,4.0,2025-03-21,Positive,Great performances all around.,2
1841,165,1,4.5,2025-04-20,Positive,Top-tier storytelling.,81
1842,811,11,5.0,2025-04-02,Positive,Gripping from start to finish.,2
1843,819,21,5.0,2025-04-14,Positive,Highly recommend.,49
1844,139,15,5.0,2025-04-30,Positive,Great performances all around.,1
1845,933,6,3.0,2025-04-22,Neutral,Decent watch.,75
1846,764,16,3.0,2024-12-14,Neutral,Some good moments.,37
1847,1128,1,4.5,2025-02-27,Positive,Top-tier storytelling.,56
1848,293,19,4.5,2025-05-01,Positive,Gripping from start to finish.,57
1849,182,18,3.0,2025-02-23,Neutral,Nothing special but enjoyable.,47
1850,1105,13,4.0,2025-04-22,Positive,Great performances all around.,31
1851,789,9,4.0,2025-04-30,Positive,Gripping from start to finish.,76
1852,3,16,3.5,2025-01-23,Neutral,Had its highs and lows.,78
1853,474,21,5.0,2025-04-19,Positive,Top-tier storytelling.,91
1854,975,5,4.0,2025-04-24,Positive,Will watch again.,82
1855,1028,13,4.5,2025-03-24,Positive,One of the best this year.,90
1856,1031,1,4.5,2025-01-27,Positive,Great performances all around.,74
1857,808,15,4.0,2025-04-24,Positive,Top-tier storytelling.,66
1858,43,13,4.0,2025-04-01,Positive,Great performances all around.,91
1859,951,9,3.5,2025-04-09,Neutral,Had its highs and lows.,105
1860,1194,13,5.0,2025-03-25,Positive,Highly recommend.,34
1861,1021,6,3.0,2025-04-21,Neutral,Nothing special but enjoyable.,47
1862,1056,25,3.5,2025-02-06,Neutral,Some good moments.,111
1863,1075,23,3.5,2025-02-17,Neutral,Decent watch.,40
1864,809,9,4.0,2025-04-16,Positive,Absolutely loved it!,41
1865,190,13,5.0,2025-03-31,Positive,Gripping from start to finish.,113
1866,241,11,2.5,2025-04-15,Neutral,Worth a one-time watch.,9
1867,943,13,3.5,2025-04-13,Neutral,Nothing special but enjoyable.,10
1868,457,16,3.0,2025-04-06,Neutral,Had its highs and lows.,83
1869,619,13,4.0,2025-04-04,Positive,One of the best this year.,118
1870,301,1,3.5,2025-03-08,Neutral,Average for its genre.,86
1871,315,14,3.0,2024-08-22,Neutral,Decent watch.,57
1872,72,11,4.5,2025-03-13,Positive,Top-tier storytelling.,107
1873,947,4,3.5,2025-03-14,Neutral,Decent watch.,42
1874,1176,8,2.0,2025-02-19,Negative,The plot made no sense.,27
1875,160,13,4.0,2025-03-21,Positive,Absolutely loved it!,85
1876,461,23,4.0,2025-04-06,Positive,Will watch again.,85
1877,125,1,4.5,2025-03-14,Positive,Highly recommend.,45
1878,902,21,5.0,2025-04-08,Positive,A visual masterpiece.,101
1879,359,7,3.0,2025-01-21,Neutral,Had its highs and lows.,83
1880,635,1,4.5,2025-04-26,Positive,Will watch again.,89
1881,1177,9,4.0,2025-05-01,Positive,A visual masterpiece.,101
1882,1043,3,4.0,2025-02-15,Positive,Will watch again.,88
1883,657,14,3.5,2025-01-27,Neutral,Nothing special but enjoyable.,72
1884,648,24,4.0,2025-02-28,Positive,Absolutely loved it!,25
1885,57,15,4.0,2025-04-30,Positive,Exceeded my expectations.,5
1886,903,22,3.5,2025-03-19,Neutral,Some good moments.,106
1887,564,19,3.5,2025-04-13,Neutral,Worth a one-time watch.,60
1888,320,15,4.5,2025-04-02,Positive,Top-tier storytelling.,69
1889,1170,11,3.5,2025-03-30,Neutral,Had its highs and lows.,46
1890,873,21,4.5,2025-04-01,Positive,Absolutely loved it!,58
1891,799,4,3.0,2025-03-23,Neutral,Had its highs and lows.,97
1892,133,17,4.0,2025-04-21,Positive,Great performances all around.,85
1893,1043,21,4.0,2025-04-23,Positive,Exceeded my expectations.,110
1894,852,5,4.0,2025-03-09,Positive,Will watch again.,106
1895,790,6,1.5,2025-04-26,Negative,Would not recommend.,29
1896,288,13,3.5,2025-04-04,Neutral,Worth a one-time watch.,105
1897,37,13,3.5,2025-04-10,Neutral,Average for its genre.,18
1898,111,14,4.5,2024-09-29,Positive,Top-tier storytelling.,65
1899,272,5,4.0,2025-01-18,Positive,Exceeded my expectations.,38
1900,361,9,4.0,2025-04-30,Positive,Highly recommend.,87
1901,1191,15,3.5,2025-03-07,Neutral,Decent watch.,39
1902,967,18,4.0,2024-12-07,Positive,Exceeded my expectations.,12
1903,396,16,4.0,2024-12-27,Positive,Great performances all around.,82
1904,695,21,4.0,2025-04-26,Positive,Highly recommend.,61
1905,1044,10,4.0,2024-11-25,Positive,One of the best this year.,77
1906,293,14,4.0,2024-08-14,Positive,Absolutely loved it!,53
1907,411,21,4.5,2025-04-14,Positive,One of the best this year.,78
1908,643,13,3.5,2025-04-14,Neutral,Nothing special but enjoyable.,22
1909,450,25,4.0,2025-04-14,Positive,Great performances all around.,7
1910,373,1,4.5,2025-01-20,Positive,Top-tier storytelling.,23
1911,328,14,3.5,2024-10-23,Neutral,Nothing special but enjoyable.,94
1912,318,18,2.5,2024-12-10,Neutral,Nothing special but enjoyable.,61
1913,287,1,5.0,2025-01-26,Positive,Exceeded my expectations.,98
1914,1052,1,5.0,2025-03-15,Positive,One of the best this year.,114
1915,747,12,4.0,2024-10-19,Positive,Top-tier storytelling.,4
1916,953,22,4.0,2025-04-17,Positive,Top-tier storytelling.,88
1917,933,19,4.0,2025-04-22,Positive,Highly recommend.,5
1918,959,21,3.0,2025-04-23,Neutral,Some good moments.,31
1919,654,6,2.5,2025-03-22,Neutral,Had its highs and lows.,119
1920,360,5,5.0,2024-11-02,Positive,Top-tier storytelling.,94
1921,569,10,4.5,2024-08-03,Positive,Will watch again.,43
1922,587,25,4.0,2024-09-11,Positive,One of the best this year.,47
1923,832,18,5.0,2025-04-11,Positive,Great performances all around.,0
1924,555,21,4.0,2025-04-29,Positive,Absolutely loved it!,1
1925,148,1,3.0,2025-05-01,Neutral,Decent watch.,47
1926,1133,3,4.5,2025-04-30,Positive,Will watch again.,17
1927,866,13,3.0,2025-04-07,Neutral,Nothing special but enjoyable.,54
1928,248,5,3.5,2025-02-13,Neutral,Average for its genre.,107
1929,1044,21,5.0,2025-04-08,Positive,A visual masterpiece.,90
1930,225,7,2.0,2025-02-08,Negative,Felt like a cash grab.,69
1931,396,11,4.0,2025-03-21,Positive,Gripping from start to finish.,32
1932,162,10,4.0,2024-09-16,Positive,Absolutely loved it!,59
1933,191,1,4.5,2025-03-05,Positive,Gripping from start to finish.,16
1934,662,4,4.0,2025-04-11,Positive,Great performances all around.,120
1935,1140,16,5.0,2025-02-04,Positive,A visual masterpiece.,61
1936,532,9,4.0,2025-04-10,Positive,Top-tier storytelling.,50
1937,350,11,3.0,2025-02-03,Neutral,Average for its genre.,104
1938,278,19,4.5,2025-04-18,Positive,Will watch again.,86
1939,1004,14,3.5,2025-01-18,Neutral,Worth a one-time watch.,90
1940,562,14,4.0,2024-11-19,Positive,Great performances all around.,35
1941,946,2,4.5,2025-01-25,Positive,Great performances all around.,66
1942,704,7,2.5,2024-12-24,Neutral,Some good moments.,34
1943,205,16,3.5,2025-04-14,Neutral,Had its highs and lows.,64
1944,465,15,3.5,2025-03-31,Neutral,Average for its genre.,110
1945,59,6,3.5,2025-04-24,Neutral,Decent watch.,42
1946,1127,3,4.0,2025-01-22,Positive,One of the best this year.,32
1947,408,18,4.0,2024-10-13,Positive,Gripping from start to finish.,47
1948,261,25,3.0,2024-10-05,Neutral,Worth a one-time watch.,51
1949,413,12,4.5,2025-03-06,Positive,Gripping from start to finish.,68
1950,483,21,3.5,2025-04-12,Neutral,Worth a one-time watch.,44
1951,237,23,3.5,2025-02-16,Neutral,Nothing special but enjoyable.,101
1952,799,16,4.0,2025-02-27,Positive,One of the best this year.,117
1953,74,1,5.0,2025-01-26,Positive,Exceeded my expectations.,41
1954,779,10,4.5,2024-10-20,Positive,Exceeded my expectations.,109
1955,636,18,3.5,2025-01-24,Neutral,Had its highs and lows.,9
1956,105,13,4.5,2025-04-09,Positive,Highly recommend.,26
1957,382,20,2.0,2024-09-29,Negative,Poor writing overall.,91
1958,184,11,4.0,2025-02-04,Positive,Will watch again.,7
1959,944,13,4.5,2025-04-10,Positive,Will watch again.,37
1960,911,3,5.0,2025-01-25,Positive,Great performances all around.,31
1961,20,2,3.5,2025-04-24,Neutral,Average for its genre.,30
1962,163,10,3.5,2024-10-18,Neutral,Decent watch.,50
1963,1143,16,3.5,2025-04-12,Neutral,Some good moments.,108
1964,382,19,5.0,2025-04-23,Positive,Absolutely loved it!,102
1965,1060,25,3.5,2024-08-28,Neutral,Worth a one-time watch.,68
1966,713,11,4.0,2025-03-21,Positive,Gripping from start to finish.,105
1967,171,17,4.5,2025-02-11,Positive,One of the best this year.,28
1968,1160,9,5.0,2025-04-06,Positive,One of the best this year.,66
1969,484,12,3.5,2024-10-19,Neutral,Had its highs and lows.,42
1970,606,21,4.5,2025-04-02,Positive,A visual masterpiece.,39
1971,390,23,4.0,2025-03-09,Positive,Gripping from start to finish.,114
1972,125,4,3.5,2025-02-15,Neutral,Nothing special but enjoyable.,99
1973,832,21,4.5,2025-04-16,Positive,One of the best this year.,68
1974,1040,9,4.5,2025-04-24,Positive,Exceeded my expectations.,94
1975,143,4,4.5,2025-04-11,Positive,A visual masterpiece.,6
1976,1082,9,5.0,2025-04-09,Positive,A visual masterpiece.,18
1977,159,4,4.5,2025-03-29,Positive,Will watch again.,103
1978,90,1,4.0,2025-01-25,Positive,Highly recommend.,43
1979,996,15,4.0,2025-04-21,Positive,Great performances all around.,39
1980,458,3,5.0,2025-04-06,Positive,One of the best this year.,55
1981,1045,13,4.5,2025-04-23,Positive,Highly recommend.,92
1982,139,5,3.5,2024-09-09,Neutral,Had its highs and lows.,23
1983,340,24,3.5,2025-01-19,Neutral,Worth a one-time watch.,56
1984,391,16,3.5,2025-02-23,Neutral,Average for its genre.,22
1985,1030,12,4.0,2025-03-30,Positive,Top-tier storytelling.,87
1986,422,12,3.5,2024-10-27,Neutral,Worth a one-time watch.,33
1987,22,22,4.0,2025-02-02,Positive,Gripping from start to finish.,24
1988,413,11,4.0,2025-03-19,Positive,Great performances all around.,102
1989,1197,7,3.0,2025-02-06,Neutral,Average for its genre.,68
1990,731,22,4.0,2025-03-20,Positive,A visual masterpiece.,49
1991,83,19,4.0,2025-05-02,Positive,Gripping from start to finish.,43
1992,542,13,4.0,2025-03-19,Positive,Highly recommend.,20
1993,466,24,4.0,2025-01-04,Positive,One of the best this year.,106
1994,512,1,4.5,2025-01-27,Positive,Highly recommend.,110
1995,327,23,4.0,2025-04-30,Positive,Gripping from start to finish.,101
1996,178,3,4.5,2025-02-10,Positive,Will watch again.,13
1997,31,13,4.5,2025-03-24,Positive,Great performances all around.,14
1998,712,23,4.5,2025-03-15,Positive,Great performances all around.,4
1999,195,8,3.0,2025-03-27,Neutral,Nothing special but enjoyable.,107
2000,784,23,3.5,2025-04-18,Neutral,Decent watch.,29
2001,1131,1,4.0,2025-02-28,Positive,Absolutely loved it!,83
2002,1075,25,4.0,2025-01-21,Positive,Absolutely loved it!,33
2003,271,23,5.0,2025-04-29,Positive,Will watch again.,81
2004,342,10,3.5,2024-12-29,Neutral,Decent watch.,100
2005,1067,25,4.5,2024-08-12,Positive,One of the best this year.,95
2006,63,17,3.5,2025-01-29,Neutral,Worth a one-time watch.,69
2007,69,19,4.0,2025-04-24,Positive,One of the best this year.,65
2008,63,23,3.5,2025-04-27,Neutral,Had its highs and lows.,89
2009,765,11,3.5,2025-03-14,Neutral,Decent watch.,9
2010,131,5,3.5,2024-09-07,Neutral,Worth a one-time watch.,78
2011,407,23,4.0,2025-04-17,Positive,Top-tier storytelling.,120
2012,132,16,5.0,2025-02-22,Positive,Exceeded my expectations.,116
2013,415,6,3.5,2025-03-06,Neutral,Some good moments.,13
2014,414,25,3.0,2025-03-17,Neutral,Decent watch.,30
2015,286,22,3.5,2025-04-15,Neutral,Average for its genre.,95
2016,951,22,3.5,2024-12-16,Neutral,Worth a one-time watch.,20
2017,126,14,5.0,2024-11-15,Positive,Gripping from start to finish.,72
2018,48,2,3.5,2024-09-26,Neutral,Worth a one-time watch.,17
2019,577,18,4.5,2025-01-28,Positive,Gripping from start to finish.,35
2020,989,5,4.5,2025-03-23,Positive,Top-tier storytelling.,103
2021,110,9,5.0,2025-04-22,Positive,Top-tier storytelling.,59
2022,454,10,5.0,2025-04-25,Positive,A visual masterpiece.,2
2023,983,11,4.5,2025-02-25,Positive,Will watch again.,34
2024,772,22,4.5,2025-02-09,Positive,A visual masterpiece.,54
2025,599,12,3.5,2025-03-26,Neutral,Some good moments.,64
2026,1041,23,3.5,2025-03-02,Neutral,Nothing special but enjoyable.,29
2027,81,1,4.5,2025-02-27,Positive,Absolutely loved it!,8
2028,975,19,4.5,2025-04-19,Positive,Gripping from start to finish.,73
2029,228,1,5.0,2025-03-09,Positive,Great performances all around.,76
2030,1186,19,5.0,2025-04-29,Positive,Top-tier storytelling.,120
2031,1053,25,2.5,2025-04-27,Neutral,Worth a one-time watch.,14
2032,210,3,3.5,2025-02-24,Neutral,Some good moments.,79
2033,808,5,4.0,2024-10-06,Positive,Will watch again.,13
2034,968,9,4.5,2025-04-22,Positive,Top-tier storytelling.,4
2035,797,6,3.0,2025-03-23,Neutral,Worth a one-time watch.,51
2036,780,23,5.0,2025-04-22,Positive,Great performances all around.,112
2037,723,4,5.0,2025-03-20,Positive,Great performances all around.,106
2038,262,16,3.0,2024-12-01,Neutral,Worth a one-time watch.,87
2039,58,1,5.0,2025-01-30,Positive,Highly recommend.,70
2040,56,3,5.0,2024-12-02,Positive,A visual masterpiece.,66
2041,502,25,3.5,2024-08-25,Neutral,Some good moments.,50
2042,453,14,5.0,2024-11-21,Positive,Gripping from start to finish.,39
2043,1162,19,4.0,2025-04-24,Positive,A visual masterpiece.,84
2044,1111,19,3.5,2025-04-28,Neutral,Average for its genre.,15
2045,539,1,5.0,2025-03-22,Positive,Exceeded my expectations.,49
2046,727,22,4.0,2024-11-09,Positive,A visual masterpiece.,14
2047,258,4,3.0,2025-03-18,Neutral,Some good moments.,101
2048,81,14,4.0,2024-07-02,Positive,Gripping from start to finish.,5
2049,344,15,4.0,2025-03-15,Positive,Gripping from start to finish.,75
2050,173,16,3.5,2025-01-04,Neutral,Worth a one-time watch.,75
2051,1080,3,4.5,2025-04-07,Positive,Gripping from start to finish.,101
2052,1027,1,4.5,2025-01-28,Positive,A visual masterpiece.,53
2053,563,17,4.5,2025-02-02,Positive,Great performances all around.,111
2054,787,12,3.0,2025-01-19,Neutral,Average for its genre.,94
2055,603,13,4.0,2025-03-23,Positive,Exceeded my expectations.,89
2056,1125,10,4.0,2024-07-27,Positive,Highly recommend.,20
2057,710,5,3.0,2025-01-01,Neutral,Nothing special but enjoyable.,77
2058,1068,18,4.0,2025-04-13,Positive,Highly recommend.,18
2059,472,6,2.5,2025-04-27,Neutral,Some good moments.,112
2060,591,1,4.0,2025-03-20,Positive,Top-tier storytelling.,98
2061,1176,19,4.5,2025-04-20,Positive,One of the best this year.,84
2062,998,13,4.0,2025-04-19,Positive,Great performances all around.,93
2063,141,12,2.5,2024-10-18,Neutral,Nothing special but enjoyable.,114
2064,994,23,3.0,2025-03-11,Neutral,Some good moments.,69
2065,1111,23,4.0,2025-02-16,Positive,Will watch again.,34
2066,920,10,3.0,2024-11-03,Neutral,Had its highs and lows.,72
2067,76,14,3.5,2025-03-17,Neutral,Had its highs and lows.,109
2068,249,21,4.5,2025-04-28,Positive,Great performances all around.,55
2069,400,9,4.0,2025-04-25,Positive,Top-tier storytelling.,108
2070,767,15,2.5,2025-04-02,Neutral,Some good moments.,107
2071,1189,19,3.5,2025-04-30,Neutral,Worth a one-time watch.,3
2072,1158,10,4.0,2024-11-27,Positive,A visual masterpiece.,5
2073,734,12,3.5,2024-12-14,Neutral,Average for its genre.,101
2074,336,7,3.0,2024-12-17,Neutral,Some good moments.,118
2075,425,11,4.5,2025-03-14,Positive,One of the best this year.,38
2076,47,13,4.0,2025-03-25,Positive,One of the best this year.,14
2077,884,15,3.5,2025-04-13,Neutral,Decent watch.,63
2078,308,21,4.0,2025-04-01,Positive,One of the best this year.,117
2079,748,22,3.5,2025-05-01,Neutral,Some good moments.,4
2080,932,19,3.5,2025-04-25,Neutral,Worth a one-time watch.,4
2081,1107,17,3.5,2025-02-12,Neutral,Had its highs and lows.,56
2082,617,5,4.0,2024-11-01,Positive,Exceeded my expectations.,39
2083,99,23,4.0,2025-04-05,Positive,Exceeded my expectations.,29
2084,739,21,4.0,2025-03-30,Positive,Absolutely loved it!,62
2085,183,4,4.5,2025-03-12,Positive,Top-tier storytelling.,4
2086,182,23,4.0,2025-03-18,Positive,Exceeded my expectations.,81
2087,89,13,5.0,2025-04-24,Positive,One of the best this year.,37
2088,346,1,5.0,2025-02-08,Positive,Gripping from start to finish.,69
2089,605,1,4.0,2025-04-29,Positive,Exceeded my expectations.,11
2090,711,7,3.5,2024-12-21,Neutral,Worth a one-time watch.,27
2091,972,13,4.0,2025-03-24,Positive,Great performances all around.,118
2092,944,12,2.5,2025-01-16,Neutral,Some good moments.,89
2093,509,18,4.5,2024-11-23,Positive,Absolutely loved it!,104
2094,64,1,4.5,2025-03-01,Positive,Gripping from start to finish.,100
2095,706,3,5.0,2025-03-28,Positive,One of the best this year.,118
2096,861,7,3.0,2024-12-28,Neutral,Worth a one-time watch.,62
2097,276,4,3.5,2025-04-02,Neutral,Decent watch.,31
2098,29,25,4.0,2024-10-06,Positive,Gripping from start to finish.,17
2099,7,14,4.0,2025-04-02,Positive,One of the best this year.,6
2100,702,4,3.5,2025-04-03,Neutral,Decent watch.,118
2101,613,4,2.5,2025-03-30,Neutral,Some good moments.,84
2102,858,2,4.5,2025-03-28,Positive,Will watch again.,81
2103,694,15,3.5,2025-04-19,Neutral,Decent watch.,80
2104,253,17,5.0,2025-01-19,Positive,Absolutely loved it!,32
2105,10,3,5.0,2025-04-11,Positive,A visual masterpiece.,79
2106,140,25,3.5,2025-01-30,Neutral,Decent watch.,29
2107,623,4,3.0,2025-04-19,Neutral,Nothing special but enjoyable.,39
2108,519,6,2.5,2025-04-11,Neutral,Some good moments.,68
2109,1017,4,3.5,2025-04-29,Neutral,Nothing special but enjoyable.,80
2110,192,1,4.0,2025-01-23,Positive,Great performances all around.,18
2111,102,21,4.5,2025-04-14,Positive,Highly recommend.,3
2112,961,1,4.5,2025-02-18,Positive,A visual masterpiece.,0
2113,806,14,4.5,2024-07-07,Positive,One of the best this year.,45
2114,892,1,5.0,2025-03-24,Positive,One of the best this year.,15
2115,1187,12,3.5,2025-01-03,Neutral,Some good moments.,103
2116,1074,18,4.5,2024-10-16,Positive,Gripping from start to finish.,49
2117,306,1,5.0,2025-02-19,Positive,Highly recommend.,111
2118,1103,9,4.0,2025-04-09,Positive,Great performances all around.,114
2119,893,1,5.0,2025-02-25,Positive,Great performances all around.,105
2120,59,22,5.0,2024-12-27,Positive,Exceeded my expectations.,72
2121,701,24,3.0,2025-02-07,Neutral,Had its highs and lows.,88
2122,345,17,4.0,2025-03-27,Positive,Top-tier storytelling.,41
2123,621,9,5.0,2025-04-26,Positive,Exceeded my expectations.,56
2124,1026,13,4.0,2025-04-06,Positive,Absolutely loved it!,37
2125,295,5,4.0,2024-10-27,Positive,Exceeded my expectations.,120
2126,995,12,2.0,2024-12-06,Negative,Very disappointing.,49
2127,266,10,3.5,2024-12-13,Neutral,Some good moments.,41
2128,376,11,4.0,2025-03-06,Positive,Great performances all around.,40
2129,700,15,4.0,2025-03-30,Positive,Will watch again.,73
2130,556,1,4.0,2025-04-20,Positive,Gripping from start to finish.,78
2131,389,5,4.0,2024-11-24,Positive,Highly recommend.,73
2132,870,13,3.5,2025-04-12,Neutral,Decent watch.,21
2133,872,11,4.0,2025-03-31,Positive,A visual masterpiece.,51
2134,1070,25,4.0,2024-12-15,Positive,Will watch again.,44
2135,358,10,2.5,2024-11-03,Neutral,Decent watch.,113
2136,887,17,4.0,2025-03-14,Positive,One of the best this year.,34
2137,895,19,4.0,2025-04-18,Positive,Top-tier storytelling.,113
2138,420,5,4.0,2024-10-20,Positive,Will watch again.,21
2139,859,10,4.0,2024-12-28,Positive,A visual masterpiece.,120
2140,1103,22,3.5,2024-11-27,Neutral,Had its highs and lows.,111
2141,654,18,4.0,2025-01-20,Positive,A visual masterpiece.,17
2142,861,1,4.0,2025-02-13,Positive,Great performances all around.,55
2143,22,24,3.5,2024-12-31,Neutral,Some good moments.,66
2144,364,3,4.5,2025-02-26,Positive,Gripping from start to finish.,35
2145,1004,21,4.0,2025-04-26,Positive,A visual masterpiece.,101
2146,647,7,2.5,2025-01-18,Neutral,Nothing special but enjoyable.,100
2147,485,4,4.5,2025-02-22,Positive,Absolutely loved it!,22
2148,823,1,4.5,2025-03-25,Positive,Will watch again.,78
2149,62,18,3.0,2024-11-05,Neutral,Decent watch.,42
2150,328,21,4.0,2025-04-09,Positive,A visual masterpiece.,29
2151,385,12,5.0,2025-01-23,Positive,A visual masterpiece.,103
2152,186,1,4.5,2025-01-30,Positive,One of the best this year.,36
2153,892,2,4.0,2024-09-21,Positive,One of the best this year.,46
2154,806,16,4.5,2025-01-26,Positive,Great performances all around.,95
2155,409,12,3.5,2024-11-02,Neutral,Worth a one-time watch.,39
2156,2,1,4.5,2025-04-13,Positive,One of the best this year.,104
2157,544,14,3.5,2025-02-07,Neutral,Some good moments.,58
2158,1126,19,4.0,2025-04-17,Positive,Highly recommend.,42
2159,612,19,3.5,2025-04-14,Neutral,Nothing special but enjoyable.,87
2160,271,2,4.0,2024-08-15,Positive,A visual masterpiece.,94
2161,879,15,4.0,2025-04-12,Positive,Absolutely loved it!,0
2162,482,13,4.5,2025-03-19,Positive,Absolutely loved it!,85
2163,662,1,4.5,2025-01-28,Positive,Gripping from start to finish.,12
2164,138,4,4.0,2025-03-29,Positive,Will watch again.,55
2165,805,13,5.0,2025-03-31,Positive,One of the best this year.,120
2166,611,25,4.5,2025-03-23,Positive,Gripping from start to finish.,11
2167,1,13,3.5,2025-03-28,Neutral,Average for its genre.,25
2168,996,19,5.0,2025-04-14,Positive,One of the best this year.,66
2169,1186,16,4.0,2024-12-25,Positive,Great performances all around.,48
2170,153,9,4.5,2025-04-18,Positive,Exceeded my expectations.,16
2171,1153,21,3.5,2025-04-08,Neutral,Had its highs and lows.,109
2172,185,8,3.0,2025-02-24,Neutral,Nothing special but enjoyable.,59
2173,449,13,4.0,2025-04-27,Positive,One of the best this year.,65
2174,665,13,3.5,2025-04-12,Neutral,Worth a one-time watch.,18
2175,405,11,4.5,2025-02-13,Positive,Highly recommend.,52
2176,1025,24,3.5,2025-04-21,Neutral,Average for its genre.,26
2177,978,12,2.5,2024-11-07,Neutral,Had its highs and lows.,84
2178,132,4,3.5,2025-03-23,Neutral,Had its highs and lows.,14
2179,389,23,4.0,2025-04-19,Positive,Will watch again.,29
2180,41,1,5.0,2025-04-04,Positive,Absolutely loved it!,36
2181,30,23,4.5,2025-04-24,Positive,Absolutely loved it!,62
2182,238,22,4.5,2025-04-17,Positive,Absolutely loved it!,73
2183,477,9,5.0,2025-04-19,Positive,Absolutely loved it!,22
2184,485,1,4.5,2025-02-25,Positive,Exceeded my expectations.,117
2185,453,19,4.5,2025-04-18,Positive,Exceeded my expectations.,110
2186,880,24,3.5,2025-04-18,Neutral,Worth a one-time watch.,71
2187,1148,1,5.0,2025-04-27,Positive,Exceeded my expectations.,105
2188,1148,16,4.5,2025-03-20,Positive,Great performances all around.,22
2189,378,14,3.0,2024-08-26,Neutral,Average for its genre.,17
2190,1141,21,4.5,2025-04-14,Positive,Exceeded my expectations.,78
2191,144,19,4.0,2025-04-25,Positive,Gripping from start to finish.,45
2192,1176,1,4.5,2025-02-05,Positive,Gripping from start to finish.,94
2193,533,4,4.5,2025-03-14,Positive,Great performances all around.,97
2194,1082,5,3.0,2025-02-06,Neutral,Worth a one-time watch.,20
2195,414,5,4.5,2025-04-23,Positive,Highly recommend.,116
2196,842,15,3.0,2025-04-01,Neutral,Decent watch.,83
2197,257,25,4.5,2024-07-18,Positive,Top-tier storytelling.,48
2198,785,15,3.5,2025-04-03,Neutral,Average for its genre.,79
2199,375,2,4.0,2024-12-25,Positive,A visual masterpiece.,84
2200,1145,1,4.0,2025-02-02,Positive,Top-tier storytelling.,19
2201,781,1,4.0,2025-01-21,Positive,Gripping from start to finish.,32
2202,347,19,5.0,2025-04-15,Positive,Great performances all around.,17
2203,1150,1,4.0,2025-04-23,Positive,Will watch again.,37
2204,416,4,3.5,2025-02-27,Neutral,Average for its genre.,19
2205,1011,17,5.0,2025-03-03,Positive,Top-tier storytelling.,68
2206,355,23,4.0,2025-03-19,Positive,Great performances all around.,84
2207,1182,5,3.5,2025-02-26,Neutral,Some good moments.,110
2208,976,9,3.5,2025-04-22,Neutral,Some good moments.,28
2209,485,25,3.0,2024-07-22,Neutral,Nothing special but enjoyable.,11
2210,602,21,3.5,2025-04-20,Neutral,Decent watch.,75
2211,527,15,4.5,2025-04-11,Positive,A visual masterpiece.,28
2212,349,9,3.0,2025-04-23,Neutral,Had its highs and lows.,100
2213,954,10,5.0,2025-04-04,Positive,Will watch again.,65
2214,1122,1,4.5,2025-04-11,Positive,One of the best this year.,7
2215,861,13,4.5,2025-04-10,Positive,Absolutely loved it!,36
2216,456,8,2.0,2025-02-14,Negative,Slow and boring.,106
2217,670,11,3.5,2025-01-31,Neutral,Some good moments.,73
2218,658,22,3.5,2025-02-07,Neutral,Some good moments.,109
2219,429,18,3.5,2025-03-09,Neutral,Worth a one-time watch.,28
2220,340,25,3.0,2025-01-24,Neutral,Decent watch.,28
2221,917,20,2.0,2024-09-12,Negative,Couldn't finish it.,60
2222,947,1,4.5,2025-03-07,Positive,Will watch again.,36
2223,461,11,4.0,2025-02-05,Positive,One of the best this year.,78
2224,230,15,4.5,2025-03-03,Positive,A visual masterpiece.,6
2225,1080,11,3.5,2025-04-17,Neutral,Some good moments.,33
2226,718,15,4.0,2025-04-01,Positive,One of the best this year.,114
2227,678,15,4.0,2025-03-18,Positive,Gripping from start to finish.,1
2228,101,9,3.5,2025-04-21,Neutral,Had its highs and lows.,60
2229,992,1,4.5,2025-04-02,Positive,Gripping from start to finish.,33
2230,941,23,4.0,2025-03-08,Positive,A visual masterpiece.,39
2231,630,11,4.0,2025-04-29,Positive,Great performances all around.,52
2232,371,10,4.0,2024-08-21,Positive,One of the best this year.,92
2233,957,12,4.0,2024-11-29,Positive,One of the best this year.,81
2234,582,8,3.0,2025-03-19,Neutral,Some good moments.,36
2235,727,18,4.5,2025-01-14,Positive,One of the best this year.,80
2236,315,25,3.5,2025-04-04,Neutral,Worth a one-time watch.,99
2237,379,3,4.5,2024-12-31,Positive,Highly recommend.,40
2238,305,4,5.0,2025-04-17,Positive,Highly recommend.,77
2239,477,19,5.0,2025-04-13,Positive,One of the best this year.,99
2240,65,2,4.0,2025-03-17,Positive,Absolutely loved it!,71
2241,45,25,4.5,2024-12-23,Positive,Top-tier storytelling.,86
2242,80,11,3.5,2025-04-23,Neutral,Had its highs and lows.,5
2243,365,4,5.0,2025-03-19,Positive,Absolutely loved it!,13
2244,883,24,2.5,2025-04-03,Neutral,Average for its genre.,53
2245,854,15,4.5,2025-03-12,Positive,A visual masterpiece.,26
2246,784,4,4.0,2025-03-22,Positive,A visual masterpiece.,90
2247,1029,9,4.5,2025-04-10,Positive,A visual masterpiece.,90
2248,1132,13,3.5,2025-03-29,Neutral,Had its highs and lows.,16
2249,1141,15,5.0,2025-03-13,Positive,Top-tier storytelling.,52
2250,40,2,4.5,2024-10-06,Positive,Will watch again.,29
2251,935,14,3.0,2024-10-24,Neutral,Worth a one-time watch.,82
2252,816,14,3.5,2025-04-11,Neutral,Had its highs and lows.,9
2253,84,3,4.0,2025-04-22,Positive,Top-tier storytelling.,16
2254,557,18,3.5,2025-03-03,Neutral,Some good moments.,40
2255,323,2,5.0,2025-02-01,Positive,Exceeded my expectations.,55
2256,747,7,2.0,2025-02-09,Negative,Very disappointing.,38
2257,325,23,4.0,2025-04-29,Positive,Absolutely loved it!,13
2258,499,4,3.5,2025-04-14,Neutral,Worth a one-time watch.,81
2259,431,17,4.0,2025-01-21,Positive,Absolutely loved it!,24
2260,1142,2,4.5,2024-08-26,Positive,Gripping from start to finish.,117
2261,197,15,3.5,2025-03-18,Neutral,Some good moments.,97
2262,511,12,4.5,2024-10-16,Positive,Exceeded my expectations.,23
2263,206,11,3.5,2025-02-15,Neutral,Worth a one-time watch.,91
2264,778,23,4.0,2025-04-18,Positive,Gripping from start to finish.,60
2265,171,1,5.0,2025-04-26,Positive,Absolutely loved it!,4
2266,355,3,4.0,2025-02-09,Positive,Will watch again.,21
2267,414,21,5.0,2025-04-20,Positive,Will watch again.,72
2268,308,13,4.0,2025-04-04,Positive,One of the best this year.,73
2269,777,1,4.5,2025-02-26,Positive,Highly recommend.,37
2270,27,1,5.0,2025-04-28,Positive,Will watch again.,94
2271,982,15,4.0,2025-03-21,Positive,One of the best this year.,115
2272,1160,2,3.5,2024-09-03,Neutral,Decent watch.,27
2273,64,15,4.0,2025-04-28,Positive,Top-tier storytelling.,103
2274,350,5,2.5,2024-10-17,Neutral,Average for its genre.,34
2275,715,14,3.5,2025-03-25,Neutral,Decent watch.,34
2276,659,11,4.0,2025-02-11,Positive,Gripping from start to finish.,49
2277,1113,16,4.5,2025-04-29,Positive,Highly recommend.,95
2278,496,9,4.5,2025-04-19,Positive,Gripping from start to finish.,85
2279,319,9,4.5,2025-05-02,Positive,Gripping from start to finish.,118
2280,278,1,4.0,2025-03-03,Positive,Top-tier storytelling.,32
2281,594,5,4.5,2024-10-31,Positive,Exceeded my expectations.,79
2282,1153,17,3.5,2025-02-04,Neutral,Nothing special but enjoyable.,51
2283,560,21,4.0,2025-03-31,Positive,Great performances all around.,37
2284,637,2,4.0,2024-11-20,Positive,Great performances all around.,44
2285,303,13,4.5,2025-04-25,Positive,Will watch again.,60
2286,267,1,5.0,2025-01-23,Positive,Great performances all around.,18
2287,1164,4,4.0,2025-04-27,Positive,A visual masterpiece.,42
2288,783,13,5.0,2025-04-01,Positive,Absolutely loved it!,75
2289,608,21,5.0,2025-04-27,Positive,Will watch again.,5
2290,548,8,2.5,2025-03-10,Neutral,Nothing special but enjoyable.,35
2291,921,21,4.0,2025-04-18,Positive,Gripping from start to finish.,69
2292,442,11,4.5,2025-02-11,Positive,One of the best this year.,32
2293,452,1,4.0,2025-01-19,Positive,Absolutely loved it!,46
2294,313,9,4.5,2025-04-18,Positive,Exceeded my expectations.,109
2295,858,4,3.0,2025-02-23,Neutral,Average for its genre.,88
2296,780,24,3.5,2025-04-02,Neutral,Some good moments.,107
2297,631,2,3.0,2024-12-22,Neutral,Worth a one-time watch.,104
2298,956,2,3.5,2025-01-26,Neutral,Nothing special but enjoyable.,5
2299,77,2,4.0,2025-04-09,Positive,A visual masterpiece.,48
2300,749,13,4.5,2025-04-05,Positive,Gripping from start to finish.,107
2301,65,3,4.0,2025-03-08,Positive,Highly recommend.,46
2302,338,11,4.0,2025-05-03,Positive,A visual masterpiece.,80
2303,939,19,5.0,2025-04-25,Positive,Absolutely loved it!,59
2304,917,19,5.0,2025-04-14,Positive,Exceeded my expectations.,48
2305,587,24,4.0,2025-03-14,Positive,Top-tier storytelling.,42
2306,222,25,3.0,2025-03-26,Neutral,Had its highs and lows.,39
2307,1113,4,4.0,2025-03-17,Positive,Great performances all around.,85
2308,666,11,4.5,2025-02-26,Positive,One of the best this year.,16
2309,588,23,3.5,2025-03-23,Neutral,Worth a one-time watch.,76
2310,424,24,4.0,2024-12-27,Positive,Great performances all around.,99
2311,208,1,5.0,2025-01-21,Positive,Gripping from start to finish.,62
2312,285,8,1.5,2025-02-13,Negative,Wasted potential.,10
2313,824,6,1.5,2025-04-13,Negative,Very disappointing.,1
2314,418,9,3.5,2025-04-29,Neutral,Average for its genre.,6
2315,1154,18,4.5,2025-03-24,Positive,Exceeded my expectations.,58
2316,906,25,4.0,2025-01-01,Positive,A visual masterpiece.,105
2317,966,21,3.5,2025-04-03,Neutral,Had its highs and lows.,79
2318,184,1,4.0,2025-04-29,Positive,Gripping from start to finish.,39
2319,688,21,4.0,2025-03-25,Positive,Highly recommend.,24
2320,1186,11,4.0,2025-02-22,Positive,One of the best this year.,44
2321,478,25,3.0,2024-08-25,Neutral,Some good moments.,86
2322,134,6,2.5,2025-03-22,Neutral,Had its highs and lows.,97
2323,151,19,3.0,2025-04-22,Neutral,Nothing special but enjoyable.,115
2324,275,15,3.0,2025-04-25,Neutral,Nothing special but enjoyable.,104
2325,726,21,4.5,2025-04-14,Positive,Gripping from start to finish.,49
2326,1071,11,3.0,2025-02-23,Neutral,Worth a one-time watch.,39
2327,1014,22,4.5,2025-03-01,Positive,Top-tier storytelling.,98
2328,1036,8,2.5,2025-03-27,Neutral,Had its highs and lows.,100
2329,163,17,4.0,2025-02-15,Positive,Top-tier storytelling.,73
2330,900,13,4.0,2025-04-22,Positive,Will watch again.,74
2331,967,25,3.5,2024-10-19,Neutral,Some good moments.,74
2332,142,18,4.0,2025-03-14,Positive,Great performances all around.,101
2333,654,24,3.0,2025-01-13,Neutral,Average for its genre.,23
2334,754,9,3.5,2025-04-19,Neutral,Had its highs and lows.,37
2335,1037,6,3.0,2025-03-26,Neutral,Some good moments.,114
2336,36,10,3.0,2025-03-03,Neutral,Average for its genre.,88
2337,766,1,5.0,2025-04-07,Positive,Highly recommend.,76
2338,1022,19,5.0,2025-04-16,Positive,Absolutely loved it!,88
2339,28,2,5.0,2025-03-13,Positive,Highly recommend.,74
2340,379,21,3.5,2025-03-27,Neutral,Nothing special but enjoyable.,37
2341,955,11,2.5,2025-04-29,Neutral,Some good moments.,95
2342,1074,15,4.0,2025-04-04,Positive,Great performances all around.,28
2343,995,16,3.0,2025-02-18,Neutral,Had its highs and lows.,99
2344,403,2,4.5,2025-04-23,Positive,Absolutely loved it!,44
2345,4,9,4.5,2025-04-30,Positive,Exceeded my expectations.,34
2346,814,19,4.0,2025-04-22,Positive,Great performances all around.,37
2347,289,24,5.0,2025-04-21,Positive,Gripping from start to finish.,4
2348,537,5,5.0,2024-12-29,Positive,Absolutely loved it!,92
2349,462,9,4.0,2025-05-03,Positive,One of the best this year.,81
2350,1117,22,3.5,2025-02-25,Neutral,Average for its genre.,119
2351,1031,14,3.5,2024-07-19,Neutral,Nothing special but enjoyable.,91
2352,590,17,3.5,2025-03-04,Neutral,Some good moments.,32
2353,547,21,4.5,2025-04-07,Positive,Gripping from start to finish.,103
2354,481,15,3.0,2025-03-31,Neutral,Decent watch.,6
2355,680,8,3.0,2025-02-02,Neutral,Worth a one-time watch.,43
2356,359,2,3.5,2025-01-01,Neutral,Nothing special but enjoyable.,110
2357,582,17,4.0,2025-03-22,Positive,Absolutely loved it!,96
2358,623,21,3.0,2025-04-04,Neutral,Worth a one-time watch.,88
2359,144,22,3.5,2024-12-25,Neutral,Some good moments.,52
2360,672,13,3.5,2025-03-31,Neutral,Some good moments.,58
2361,212,5,3.5,2025-02-27,Neutral,Some good moments.,98
2362,898,13,3.5,2025-04-27,Neutral,Worth a one-time watch.,55
2363,317,24,3.5,2025-01-03,Neutral,Had its highs and lows.,30
2364,102,24,4.0,2025-04-13,Positive,Great performances all around.,69
2365,297,1,5.0,2025-03-21,Positive,Top-tier storytelling.,47
2366,1110,1,5.0,2025-04-14,Positive,Top-tier storytelling.,6
2367,706,1,5.0,2025-01-22,Positive,Great performances all around.,98
2368,814,11,5.0,2025-03-31,Positive,Top-tier storytelling.,47
2369,784,19,4.0,2025-04-20,Positive,Gripping from start to finish.,46
2370,605,4,3.5,2025-04-03,Neutral,Worth a one-time watch.,110
2371,483,13,4.5,2025-04-18,Positive,One of the best this year.,90
2372,902,3,4.0,2024-12-11,Positive,Gripping from start to finish.,10
2373,238,15,4.0,2025-03-10,Positive,Will watch again.,31
2374,363,9,5.0,2025-04-21,Positive,Great performances all around.,77
2375,567,13,5.0,2025-03-26,Positive,Gripping from start to finish.,15
2376,1188,3,4.5,2025-04-19,Positive,Gripping from start to finish.,45
2377,151,22,3.5,2025-03-12,Neutral,Average for its genre.,77
2378,1070,24,4.5,2025-01-21,Positive,Will watch again.,99
2379,35,3,5.0,2025-01-12,Positive,A visual masterpiece.,22
2380,1189,16,4.5,2024-12-05,Positive,One of the best this year.,83
2381,833,22,4.0,2024-11-21,Positive,Exceeded my expectations.,52
2382,754,3,3.5,2024-11-22,Neutral,Some good moments.,66
2383,1110,21,4.0,2025-04-21,Positive,Exceeded my expectations.,42
2384,623,18,5.0,2024-10-15,Positive,Highly recommend.,103
2385,478,23,4.0,2025-04-16,Positive,A visual masterpiece.,10
2386,1059,22,5.0,2024-11-23,Positive,Highly recommend.,107
2387,58,18,4.5,2025-03-30,Positive,Exceeded my expectations.,75
2388,1054,21,4.0,2025-04-05,Positive,A visual masterpiece.,83
2389,1110,14,4.0,2024-12-23,Positive,Top-tier storytelling.,116
2390,765,1,2.5,2025-03-31,Neutral,Some good moments.,21
2391,35,22,4.0,2024-11-02,Positive,Great performances all around.,60
2392,758,16,4.5,2025-01-02,Positive,Top-tier storytelling.,15
2393,320,24,3.0,2025-02-13,Neutral,Some good moments.,44
2394,494,1,4.5,2025-04-28,Positive,Will watch again.,37
2395,636,13,4.0,2025-04-08,Positive,A visual masterpiece.,83
2396,392,8,2.0,2025-02-11,Negative,Wasted potential.,67
2397,886,16,4.5,2025-01-14,Positive,One of the best this year.,94
2398,915,13,4.0,2025-04-05,Positive,Highly recommend.,84
2399,81,13,5.0,2025-04-22,Positive,Gripping from start to finish.,105
2400,1074,11,3.0,2025-04-15,Neutral,Had its highs and lows.,32
2401,1089,23,4.0,2025-02-11,Positive,Exceeded my expectations.,98
2402,74,15,4.0,2025-03-19,Positive,Gripping from start to finish.,112
2403,885,8,2.0,2025-02-24,Negative,The plot made no sense.,84
2404,587,3,4.5,2025-03-08,Positive,Gripping from start to finish.,79
2405,815,10,3.0,2025-01-16,Neutral,Some good moments.,108
2406,1112,15,4.0,2025-03-29,Positive,Great performances all around.,95
2407,1193,7,2.5,2025-01-20,Neutral,Some good moments.,50
2408,402,3,4.0,2025-04-14,Positive,Absolutely loved it!,25
2409,866,16,3.0,2025-04-02,Neutral,Had its highs and lows.,75
2410,25,13,4.0,2025-04-05,Positive,Exceeded my expectations.,31
2411,1149,13,3.5,2025-03-21,Neutral,Worth a one-time watch.,8
2412,611,1,4.0,2025-02-20,Positive,Absolutely loved it!,41
2413,673,9,5.0,2025-04-10,Positive,Absolutely loved it!,35
2414,831,11,4.5,2025-04-17,Positive,Exceeded my expectations.,83
2415,141,10,3.5,2024-09-08,Neutral,Average for its genre.,30
2416,517,1,5.0,2025-02-27,Positive,A visual masterpiece.,14
2417,631,12,4.5,2025-02-08,Positive,Exceeded my expectations.,37
2418,19,23,4.5,2025-03-19,Positive,One of the best this year.,35
2419,718,4,4.0,2025-02-20,Positive,Exceeded my expectations.,83
2420,1045,9,4.0,2025-04-27,Positive,Will watch again.,107
2421,517,25,4.5,2024-08-14,Positive,Absolutely loved it!,84
2422,1025,10,3.5,2024-08-04,Neutral,Decent watch.,79
2423,82,13,4.0,2025-04-07,Positive,Great performances all around.,27
2424,213,19,3.5,2025-05-02,Neutral,Average for its genre.,41
2425,227,3,4.5,2025-04-06,Positive,Great performances all around.,97
2426,1097,4,4.0,2025-02-23,Positive,A visual masterpiece.,39
2427,928,4,3.0,2025-04-19,Neutral,Decent watch.,26
2428,312,19,4.0,2025-04-16,Positive,Top-tier storytelling.,118
2429,1019,3,4.5,2025-01-12,Positive,Top-tier storytelling.,40
2430,1004,5,5.0,2025-03-12,Positive,Will watch again.,93
2431,524,10,4.0,2024-12-08,Positive,Great performances all around.,37
2432,375,25,4.5,2025-03-25,Positive,Absolutely loved it!,108
2433,215,13,4.0,2025-04-23,Positive,Gripping from start to finish.,59
2434,634,9,4.5,2025-04-24,Positive,Will watch again.,88
2435,92,13,4.0,2025-04-16,Positive,Gripping from start to finish.,86
2436,250,23,3.5,2025-04-22,Neutral,Worth a one-time watch.,39
2437,1186,22,4.5,2025-04-09,Positive,Gripping from start to finish.,2
2438,26,13,4.0,2025-04-30,Positive,Highly recommend.,79
2439,354,22,4.5,2025-04-24,Positive,Gripping from start to finish.,69
2440,544,10,4.0,2024-08-24,Positive,Exceeded my expectations.,5
2441,720,10,4.0,2024-09-12,Positive,Top-tier storytelling.,114
2442,45,16,2.5,2025-02-20,Neutral,Nothing special but enjoyable.,113
2443,501,1,4.0,2025-01-23,Positive,Absolutely loved it!,4
2444,260,4,2.5,2025-04-16,Neutral,Average for its genre.,91
2445,928,3,4.0,2025-04-12,Positive,Top-tier storytelling.,78
2446,69,13,3.0,2025-03-28,Neutral,Had its highs and lows.,103
2447,441,14,4.0,2025-03-28,Positive,Great performances all around.,77
2448,981,3,4.5,2025-01-24,Positive,Gripping from start to finish.,33
2449,882,9,4.0,2025-04-09,Positive,One of the best this year.,78
2450,541,10,4.0,2025-04-27,Positive,Gripping from start to finish.,52
2451,593,11,4.0,2025-02-14,Positive,Top-tier storytelling.,68
2452,722,13,4.5,2025-04-26,Positive,Gripping from start to finish.,107
2453,921,23,5.0,2025-04-04,Positive,Highly recommend.,113
2454,986,19,3.5,2025-04-20,Neutral,Some good moments.,27
2455,764,2,4.0,2025-01-16,Positive,Great performances all around.,13
2456,726,6,2.5,2025-04-17,Neutral,Nothing special but enjoyable.,108
2457,713,15,4.0,2025-03-28,Positive,Top-tier storytelling.,16
2458,1084,21,4.0,2025-04-08,Positive,One of the best this year.,14
2459,339,16,3.0,2025-04-03,Neutral,Some good moments.,17
2460,1074,1,4.5,2025-01-23,Positive,Highly recommend.,31
2461,788,14,4.0,2024-08-09,Positive,A visual masterpiece.,117
2462,479,16,4.5,2025-01-28,Positive,Top-tier storytelling.,47
2463,301,25,3.5,2024-09-10,Neutral,Average for its genre.,119
2464,633,19,3.5,2025-04-15,Neutral,Decent watch.,13
2465,1152,18,4.5,2024-10-16,Positive,Absolutely loved it!,118
2466,68,15,2.5,2025-03-03,Neutral,Worth a one-time watch.,93
2467,178,2,4.0,2025-02-18,Positive,Great performances all around.,67
2468,1009,14,4.0,2024-09-14,Positive,One of the best this year.,52
2469,420,15,3.5,2025-03-09,Neutral,Nothing special but enjoyable.,48
2470,334,8,1.0,2025-03-27,Negative,Slow and boring.,37
2471,328,5,3.5,2025-01-31,Neutral,Nothing special but enjoyable.,22
2472,460,2,5.0,2024-12-20,Positive,Gripping from start to finish.,23
2473,284,3,5.0,2025-04-22,Positive,Great performances all around.,120
2474,1194,25,4.0,2025-03-31,Positive,Absolutely loved it!,28
2475,1116,15,3.5,2025-04-07,Neutral,Nothing special but enjoyable.,22
2476,1053,19,4.0,2025-04-18,Positive,Will watch again.,24
2477,517,18,4.0,2024-12-09,Positive,Gripping from start to finish.,0
2478,250,11,3.0,2025-02-08,Neutral,Some good moments.,105
2479,407,9,4.0,2025-04-10,Positive,Gripping from start to finish.,42
2480,215,19,4.0,2025-04-18,Positive,Will watch again.,120
2481,675,16,4.5,2025-02-18,Positive,A visual masterpiece.,99
2482,98,3,4.0,2025-01-29,Positive,Highly recommend.,38
2483,1094,1,4.0,2025-03-08,Positive,Top-tier storytelling.,3
2484,231,21,4.0,2025-04-07,Positive,A visual masterpiece.,101
2485,1153,1,3.5,2025-01-26,Neutral,Decent watch.,37
2486,295,6,3.0,2025-03-30,Neutral,Average for its genre.,32
2487,1173,11,4.5,2025-03-04,Positive,Gripping from start to finish.,58
2488,1017,1,4.0,2025-05-01,Positive,Top-tier storytelling.,89
2489,130,24,4.5,2025-01-12,Positive,Exceeded my expectations.,19
2490,208,18,4.5,2025-02-10,Positive,Will watch again.,26
2491,107,21,5.0,2025-03-27,Positive,Great performances all around.,54
2492,664,1,4.0,2025-04-20,Positive,Will watch again.,92
2493,30,1,5.0,2025-01-28,Positive,Top-tier storytelling.,108
2494,114,19,4.0,2025-04-17,Positive,Will watch again.,98
2495,262,18,4.0,2024-11-30,Positive,A visual masterpiece.,19
2496,152,19,3.5,2025-04-25,Neutral,Decent watch.,111
2497,276,25,4.5,2025-04-15,Positive,Highly recommend.,26
2498,611,23,4.0,2025-04-22,Positive,Exceeded my expectations.,84
2499,1074,6,3.0,2025-04-28,Neutral,Had its highs and lows.,57
2500,495,1,4.5,2025-04-03,Positive,Absolutely loved it!,50
2501,797,15,4.5,2025-03-25,Positive,Highly recommend.,7
2502,936,23,4.5,2025-04-17,Positive,Gripping from start to finish.,110
2503,403,1,4.0,2025-01-28,Positive,Top-tier storytelling.,79
2504,1176,20,2.5,2024-10-06,Neutral,Worth a one-time watch.,64
2505,105,15,3.0,2025-03-01,Neutral,Worth a one-time watch.,116
2506,511,13,3.5,2025-05-02,Neutral,Average for its genre.,10
2507,815,1,4.0,2025-01-19,Positive,Gripping from start to finish.,21
2508,543,23,4.0,2025-03-03,Positive,Exceeded my expectations.,86
2509,515,21,3.0,2025-04-25,Neutral,Some good moments.,54
2510,582,4,4.5,2025-04-27,Positive,Highly recommend.,14
2511,1005,3,3.5,2025-03-10,Neutral,Worth a one-time watch.,23
2512,700,19,4.5,2025-04-24,Positive,Exceeded my expectations.,108
2513,13,15,5.0,2025-03-12,Positive,Top-tier storytelling.,7
2514,191,5,3.5,2025-02-26,Neutral,Nothing special but enjoyable.,77
2515,1063,9,3.5,2025-04-30,Neutral,Decent watch.,35
2516,261,12,3.5,2025-01-16,Neutral,Worth a one-time watch.,94
2517,569,22,5.0,2024-12-31,Positive,Top-tier storytelling.,88
2518,404,19,3.0,2025-04-20,Neutral,Decent watch.,61
2519,427,15,3.0,2025-03-24,Neutral,Worth a one-time watch.,35
2520,807,14,3.5,2025-03-06,Neutral,Nothing special but enjoyable.,30
2521,234,14,4.0,2025-01-24,Positive,Will watch again.,61
2522,570,6,2.5,2025-04-21,Neutral,Nothing special but enjoyable.,57
2523,69,20,2.5,2024-10-09,Neutral,Worth a one-time watch.,11
2524,980,19,3.0,2025-04-18,Neutral,Average for its genre.,26
2525,827,20,2.5,2024-09-06,Neutral,Decent watch.,68
2526,961,8,4.0,2025-02-09,Positive,One of the best this year.,69
2527,125,18,5.0,2025-04-08,Positive,Will watch again.,22
2528,392,3,4.0,2025-04-14,Positive,Absolutely loved it!,20
2529,129,18,4.5,2024-11-15,Positive,Exceeded my expectations.,57
2530,838,9,4.0,2025-04-20,Positive,One of the best this year.,36
2531,442,10,4.0,2025-04-13,Positive,Gripping from start to finish.,38
2532,1115,13,2.0,2025-04-03,Negative,Very disappointing.,69
2533,856,19,4.5,2025-04-23,Positive,Absolutely loved it!,18
2534,175,19,4.0,2025-04-17,Positive,Absolutely loved it!,79
2535,879,16,4.0,2025-04-10,Positive,Great performances all around.,83
2536,1109,17,4.5,2025-02-25,Positive,Exceeded my expectations.,15
2537,256,16,3.0,2025-04-12,Neutral,Had its highs and lows.,109
2538,718,18,3.0,2024-11-02,Neutral,Decent watch.,111
2539,53,22,3.5,2025-03-03,Neutral,Decent watch.,106
2540,38,15,2.0,2025-04-19,Negative,The plot made no sense.,88
2541,615,23,4.5,2025-03-22,Positive,A visual masterpiece.,51
2542,107,20,3.0,2024-08-26,Neutral,Nothing special but enjoyable.,21
2543,298,3,5.0,2025-04-20,Positive,Great performances all around.,54
2544,61,1,5.0,2025-01-25,Positive,One of the best this year.,71
2545,354,11,4.5,2025-02-07,Positive,Will watch again.,12
2546,517,16,4.0,2024-12-23,Positive,Great performances all around.,119
2547,41,11,5.0,2025-04-11,Positive,Highly recommend.,89
2548,38,14,3.0,2024-09-04,Neutral,Worth a one-time watch.,81
2549,516,2,4.5,2024-11-13,Positive,One of the best this year.,86
2550,134,1,4.5,2025-03-23,Positive,A visual masterpiece.,61
2551,1052,14,4.0,2024-06-26,Positive,Highly recommend.,64
2552,336,23,4.0,2025-03-25,Positive,Exceeded my expectations.,52
2553,552,21,4.0,2025-04-01,Positive,One of the best this year.,35
2554,267,4,4.0,2025-02-23,Positive,Gripping from start to finish.,7
2555,738,21,4.0,2025-04-03,Positive,Top-tier storytelling.,67
2556,131,9,5.0,2025-04-23,Positive,Top-tier storytelling.,114
2557,918,14,5.0,2024-10-22,Positive,Highly recommend.,102
2558,64,23,4.5,2025-02-23,Positive,Will watch again.,2
2559,643,23,3.0,2025-03-01,Neutral,Worth a one-time watch.,15
2560,417,14,3.0,2024-11-08,Neutral,Average for its genre.,90
2561,871,23,4.0,2025-04-01,Positive,A visual masterpiece.,18
2562,264,11,4.5,2025-04-19,Positive,Absolutely loved it!,25
2563,984,2,5.0,2024-10-30,Positive,Highly recommend.,4
2564,658,10,4.5,2025-02-17,Positive,Absolutely loved it!,32
2565,1147,25,4.5,2024-12-31,Positive,Will watch again.,71
2566,165,2,4.0,2024-09-27,Positive,Absolutely loved it!,37
2567,145,9,4.0,2025-04-28,Positive,Top-tier storytelling.,47
2568,1084,1,4.5,2025-01-25,Positive,A visual masterpiece.,30
2569,202,1,4.5,2025-03-21,Positive,Highly recommend.,69
2570,778,16,4.0,2025-01-16,Positive,Great performances all around.,60
2571,458,11,4.0,2025-03-01,Positive,Highly recommend.,105
2572,177,21,4.0,2025-04-07,Positive,Top-tier storytelling.,30
2573,512,14,3.5,2025-01-08,Neutral,Average for its genre.,72
2574,542,1,4.5,2025-04-13,Positive,A visual masterpiece.,33
2575,395,10,3.5,2024-07-30,Neutral,Worth a one-time watch.,75
2576,319,25,4.5,2024-11-25,Positive,Top-tier storytelling.,90
2577,162,14,3.0,2025-01-04,Neutral,Decent watch.,112
2578,605,22,3.5,2025-04-01,Neutral,Some good moments.,53
2579,11,9,4.0,2025-04-13,Positive,Exceeded my expectations.,117
2580,506,6,3.5,2025-04-07,Neutral,Some good moments.,31
2581,97,15,4.0,2025-03-30,Positive,Great performances all around.,4
2582,414,2,4.5,2024-12-03,Positive,Top-tier storytelling.,13
2583,13,1,4.5,2025-04-14,Positive,Highly recommend.,92
2584,1144,21,5.0,2025-04-08,Positive,Absolutely loved it!,61
2585,307,14,4.0,2025-01-17,Positive,Absolutely loved it!,31
2586,603,1,4.0,2025-03-23,Positive,A visual masterpiece.,26
2587,135,13,4.5,2025-03-22,Positive,Gripping from start to finish.,43
2588,983,19,5.0,2025-04-16,Positive,Top-tier storytelling.,28
2589,422,1,5.0,2025-04-23,Positive,Will watch again.,15
2590,1160,15,4.5,2025-03-30,Positive,Highly recommend.,110
2591,20,4,3.5,2025-02-22,Neutral,Had its highs and lows.,31
2592,837,2,4.0,2024-08-23,Positive,Great performances all around.,59
2593,640,14,4.0,2025-04-16,Positive,A visual masterpiece.,63
2594,521,15,4.0,2025-03-31,Positive,Highly recommend.,42
2595,257,12,4.5,2024-11-09,Positive,A visual masterpiece.,120
2596,1030,22,3.5,2024-11-24,Neutral,Decent watch.,97
2597,57,3,4.0,2025-04-06,Positive,Exceeded my expectations.,5
2598,500,14,5.0,2024-11-04,Positive,Highly recommend.,34
2599,251,22,5.0,2024-12-29,Positive,Highly recommend.,105
2600,639,24,4.0,2025-04-24,Positive,Great performances all around.,6
2601,627,10,4.0,2024-11-27,Positive,Exceeded my expectations.,65
2602,848,23,3.0,2025-03-20,Neutral,Average for its genre.,72
2603,1067,21,4.0,2025-04-30,Positive,Highly recommend.,71
2604,99,20,2.5,2024-09-02,Neutral,Some good moments.,83
2605,496,2,4.5,2024-11-30,Positive,Gripping from start to finish.,109
2606,832,15,5.0,2025-03-30,Positive,Will watch again.,99
2607,716,19,4.0,2025-04-18,Positive,One of the best this year.,78
2608,30,24,2.5,2025-02-09,Neutral,Some good moments.,55
2609,1179,21,5.0,2025-04-12,Positive,Exceeded my expectations.,108
2610,714,12,3.5,2025-04-13,Neutral,Nothing special but enjoyable.,102
2611,698,5,4.0,2025-04-08,Positive,Will watch again.,78
2612,614,16,4.0,2025-04-04,Positive,Great performances all around.,108
2613,1157,25,3.0,2024-10-21,Neutral,Decent watch.,115
2614,960,10,4.5,2025-01-16,Positive,Absolutely loved it!,2
2615,665,9,5.0,2025-04-08,Positive,Will watch again.,111
2616,775,1,5.0,2025-03-23,Positive,Absolutely loved it!,14
2617,909,2,3.5,2024-12-27,Neutral,Worth a one-time watch.,16
2618,580,11,4.5,2025-02-05,Positive,Will watch again.,101
2619,722,21,3.5,2025-04-25,Neutral,Decent watch.,116
2620,1179,1,3.5,2025-04-17,Neutral,Had its highs and lows.,18
2621,715,4,4.0,2025-04-11,Positive,Gripping from start to finish.,25
2622,1190,11,3.5,2025-04-30,Neutral,Nothing special but enjoyable.,99
2623,1080,4,5.0,2025-04-09,Positive,Highly recommend.,63
2624,1034,1,3.5,2025-01-31,Neutral,Had its highs and lows.,36
2625,924,9,4.5,2025-04-14,Positive,Great performances all around.,111
2626,17,4,3.0,2025-02-25,Neutral,Some good moments.,15
2627,41,9,4.5,2025-04-17,Positive,Exceeded my expectations.,0
2628,721,2,3.5,2025-04-05,Neutral,Decent watch.,113
2629,504,15,3.5,2025-05-01,Neutral,Some good moments.,110
2630,1149,14,4.5,2024-06-15,Positive,Highly recommend.,70
2631,1015,18,3.5,2025-02-22,Neutral,Average for its genre.,17
2632,432,10,3.0,2024-08-11,Neutral,Some good moments.,36
2633,677,23,4.0,2025-03-04,Positive,A visual masterpiece.,16
2634,593,18,4.0,2024-11-26,Positive,Will watch again.,99
2635,869,22,3.0,2025-01-19,Neutral,Nothing special but enjoyable.,16
2636,904,22,5.0,2024-12-22,Positive,Gripping from start to finish.,104
2637,907,22,4.0,2024-12-20,Positive,Highly recommend.,112
2638,393,6,3.5,2025-03-13,Neutral,Some good moments.,61
2639,627,11,4.0,2025-02-10,Positive,Great performances all around.,31
2640,602,16,2.5,2025-01-15,Neutral,Decent watch.,2
2641,752,11,4.5,2025-03-07,Positive,One of the best this year.,30
2642,1186,14,3.5,2024-08-08,Neutral,Nothing special but enjoyable.,100
2643,715,22,3.0,2025-03-02,Neutral,Some good moments.,59
2644,771,1,4.5,2025-01-20,Positive,Highly recommend.,80
2645,941,18,3.0,2024-11-16,Neutral,Had its highs and lows.,19
2646,141,1,4.5,2025-02-22,Positive,Highly recommend.,59
2647,965,5,4.5,2025-01-10,Positive,A visual masterpiece.,104
2648,473,15,3.0,2025-03-31,Neutral,Average for its genre.,70
2649,582,6,3.5,2025-03-14,Neutral,Decent watch.,55
2650,199,19,3.5,2025-04-29,Neutral,Average for its genre.,68
2651,211,3,4.5,2024-11-28,Positive,Gripping from start to finish.,10
2652,41,10,3.5,2025-01-30,Neutral,Had its highs and lows.,14
2653,643,25,3.5,2024-08-11,Neutral,Average for its genre.,31
2654,719,21,5.0,2025-04-05,Positive,One of the best this year.,25
2655,571,12,4.0,2025-03-02,Positive,One of the best this year.,107
2656,262,22,2.0,2024-12-08,Negative,Poor writing overall.,116
2657,993,16,3.0,2024-11-12,Neutral,Average for its genre.,102
2658,806,7,2.0,2024-12-26,Negative,Very disappointing.,16
2659,66,11,4.0,2025-04-10,Positive,Great performances all around.,71
2660,300,25,3.0,2025-03-26,Neutral,Average for its genre.,71
2661,42,20,2.0,2024-10-08,Negative,Felt like a cash grab.,28
2662,1176,4,4.0,2025-04-09,Positive,Exceeded my expectations.,60
2663,784,7,3.0,2025-02-05,Neutral,Some good moments.,26
2664,22,5,4.0,2024-11-21,Positive,A visual masterpiece.,116
2665,912,10,4.0,2024-12-05,Positive,A visual masterpiece.,74
2666,772,2,5.0,2025-03-27,Positive,Gripping from start to finish.,63
2667,466,23,3.5,2025-04-17,Neutral,Nothing special but enjoyable.,90
2668,1088,4,3.5,2025-03-21,Neutral,Decent watch.,29
2669,644,3,3.5,2025-01-10,Neutral,Average for its genre.,108
2670,1184,15,2.0,2025-04-02,Negative,Couldn't finish it.,28
2671,361,7,2.5,2025-01-08,Neutral,Some good moments.,33
2672,480,15,3.0,2025-04-13,Neutral,Nothing special but enjoyable.,25
2673,36,13,4.5,2025-04-19,Positive,Will watch again.,47
2674,522,11,4.0,2025-04-27,Positive,One of the best this year.,28
2675,1077,1,4.0,2025-02-11,Positive,Highly recommend.,53
2676,34,25,3.5,2024-08-27,Neutral,Had its highs and lows.,63
2677,1031,6,3.0,2025-04-28,Neutral,Some good moments.,47
2678,900,19,4.0,2025-04-25,Positive,Exceeded my expectations.,109
2679,730,20,2.5,2024-08-28,Neutral,Nothing special but enjoyable.,80
2680,828,23,4.0,2025-03-13,Positive,One of the best this year.,31
2681,642,21,4.0,2025-03-28,Positive,Top-tier storytelling.,41
2682,928,6,2.0,2025-04-07,Negative,Couldn't finish it.,106
2683,1130,14,3.5,2024-12-17,Neutral,Nothing special but enjoyable.,64
2684,1102,3,4.0,2025-04-25,Positive,Highly recommend.,68
2685,1092,6,3.0,2025-04-07,Neutral,Some good moments.,64
2686,278,18,5.0,2025-04-16,Positive,Will watch again.,99
2687,914,15,3.5,2025-03-12,Neutral,Some good moments.,69
2688,332,12,3.5,2025-03-29,Neutral,Worth a one-time watch.,21
2689,828,24,4.0,2025-04-07,Positive,Exceeded my expectations.,89
2690,914,4,4.0,2025-04-10,Positive,Will watch again.,78
2691,936,4,3.5,2025-03-11,Neutral,Nothing special but enjoyable.,83
2692,644,23,3.5,2025-03-24,Neutral,Nothing special but enjoyable.,9
2693,982,22,4.0,2025-02-27,Positive,Will watch again.,29
2694,813,19,4.0,2025-04-27,Positive,Exceeded my expectations.,80
2695,801,1,4.5,2025-03-31,Positive,Gripping from start to finish.,86
2696,895,24,3.5,2025-04-24,Neutral,Decent watch.,117
2697,544,5,4.5,2024-09-17,Positive,Top-tier storytelling.,76
2698,239,7,4.0,2024-12-28,Positive,One of the best this year.,65
2699,1183,9,3.0,2025-04-09,Neutral,Had its highs and lows.,96
2700,796,10,4.0,2024-11-16,Positive,Great performances all around.,99
2701,208,14,4.0,2024-11-04,Positive,Top-tier storytelling.,73
2702,280,8,3.0,2025-03-14,Neutral,Some good moments.,37
2703,42,25,4.5,2024-07-26,Positive,Top-tier storytelling.,95
2704,328,19,4.0,2025-04-30,Positive,Absolutely loved it!,25
2705,985,4,4.5,2025-02-19,Positive,Absolutely loved it!,60
2706,634,17,3.0,2025-01-19,Neutral,Had its highs and lows.,46
2707,684,4,5.0,2025-03-15,Positive,Will watch again.,101
2708,385,13,4.0,2025-04-22,Positive,One of the best this year.,18
2709,71,14,3.0,2024-07-20,Neutral,Nothing special but enjoyable.,23
2710,935,1,4.0,2025-04-08,Positive,Gripping from start to finish.,5
2711,1057,18,4.5,2025-02-01,Positive,Highly recommend.,46
2712,958,25,2.5,2025-02-11,Neutral,Some good moments.,99
2713,172,17,4.5,2025-04-14,Positive,Will watch again.,63
2714,308,16,3.5,2025-01-14,Neutral,Had its highs and lows.,8
2715,103,7,1.5,2025-01-27,Negative,Couldn't finish it.,103
2716,285,25,3.5,2024-11-19,Neutral,Nothing special but enjoyable.,74
2717,704,13,3.0,2025-04-11,Neutral,Average for its genre.,14
2718,955,25,3.5,2024-11-14,Neutral,Average for its genre.,44
2719,583,1,4.0,2025-04-14,Positive,A visual masterpiece.,79
2720,506,4,4.5,2025-02-22,Positive,Great performances all around.,10
2721,490,18,5.0,2024-11-25,Positive,Top-tier storytelling.,87
2722,997,11,2.5,2025-04-19,Neutral,Decent watch.,109
2723,448,7,1.5,2025-01-24,Negative,Couldn't finish it.,97
2724,853,14,4.0,2024-09-21,Positive,Highly recommend.,10
2725,180,22,3.5,2025-01-28,Neutral,Nothing special but enjoyable.,14
2726,970,24,3.5,2025-01-22,Neutral,Had its highs and lows.,3
2727,42,17,5.0,2025-01-24,Positive,Great performances all around.,28
2728,106,2,4.0,2024-10-04,Positive,Great performances all around.,17
2729,13,23,4.5,2025-04-12,Positive,Highly recommend.,16
2730,887,9,4.5,2025-04-26,Positive,Top-tier storytelling.,56
2731,318,3,5.0,2025-02-03,Positive,Great performances all around.,44
2732,77,19,3.5,2025-04-30,Neutral,Nothing special but enjoyable.,48
2733,166,11,4.0,2025-04-27,Positive,Absolutely loved it!,17
2734,912,14,4.5,2025-03-15,Positive,Gripping from start to finish.,56
2735,1194,1,4.5,2025-03-16,Positive,Highly recommend.,37
2736,779,20,2.5,2024-09-17,Neutral,Had its highs and lows.,53
2737,775,21,4.5,2025-04-27,Positive,Exceeded my expectations.,82
2738,465,13,4.0,2025-04-28,Positive,Will watch again.,9
2739,949,15,2.0,2025-04-19,Negative,Wasted potential.,99
2740,1081,22,4.0,2025-02-28,Positive,Great performances all around.,37
2741,295,10,4.0,2024-12-23,Positive,Exceeded my expectations.,1
2742,230,19,4.0,2025-04-18,Positive,One of the best this year.,95
2743,409,1,4.0,2025-02-03,Positive,Exceeded my expectations.,118
2744,149,9,4.5,2025-04-14,Positive,Gripping from start to finish.,54
2745,111,2,4.5,2025-02-05,Positive,Absolutely loved it!,88
2746,1175,15,3.0,2025-03-13,Neutral,Had its highs and lows.,29
2747,696,22,3.0,2025-04-03,Neutral,Decent watch.,74
2748,842,2,4.5,2024-11-26,Positive,One of the best this year.,75
2749,95,9,3.0,2025-04-18,Neutral,Decent watch.,88
2750,518,18,4.0,2024-10-13,Positive,One of the best this year.,4
2751,1182,24,4.0,2025-02-06,Positive,Gripping from start to finish.,81
2752,176,15,4.0,2025-04-25,Positive,Top-tier storytelling.,38
2753,229,13,4.0,2025-04-15,Positive,Exceeded my expectations.,41
2754,902,12,3.5,2025-02-10,Neutral,Some good moments.,8
2755,145,23,4.0,2025-02-18,Positive,Great performances all around.,83
2756,598,22,3.0,2024-11-25,Neutral,Worth a one-time watch.,94
2757,1085,17,4.0,2025-02-18,Positive,One of the best this year.,54
2758,393,25,3.0,2024-09-18,Neutral,Decent watch.,28
2759,980,23,5.0,2025-04-28,Positive,Exceeded my expectations.,61
2760,479,1,3.5,2025-01-28,Neutral,Decent watch.,95
2761,696,13,4.0,2025-03-20,Positive,Gripping from start to finish.,27
2762,444,20,3.0,2024-09-06,Neutral,Nothing special but enjoyable.,47
2763,452,3,5.0,2024-12-09,Positive,Gripping from start to finish.,70
2764,533,1,3.0,2025-02-22,Neutral,Worth a one-time watch.,52
2765,110,16,3.0,2024-12-19,Neutral,Some good moments.,15
2766,1099,15,4.5,2025-03-05,Positive,Highly recommend.,33
2767,356,6,2.5,2025-03-20,Neutral,Had its highs and lows.,51
2768,414,12,3.5,2024-12-12,Neutral,Worth a one-time watch.,38
2769,1043,22,4.0,2024-11-19,Positive,Top-tier storytelling.,30
2770,384,18,4.5,2025-04-04,Positive,Top-tier storytelling.,23
2771,102,2,4.5,2025-02-23,Positive,Top-tier storytelling.,87
2772,793,7,2.5,2024-12-16,Neutral,Some good moments.,109
2773,1058,2,4.5,2024-11-25,Positive,Great performances all around.,65
2774,341,23,4.5,2025-03-19,Positive,Absolutely loved it!,73
2775,559,8,2.5,2025-03-28,Neutral,Had its highs and lows.,80
2776,456,2,5.0,2025-02-04,Positive,Highly recommend.,95
2777,116,15,2.5,2025-03-07,Neutral,Decent watch.,119
2778,891,4,4.0,2025-03-10,Positive,Gripping from start to finish.,44
2779,821,1,5.0,2025-03-06,Positive,Will watch again.,28
2780,225,22,3.5,2025-03-26,Neutral,Nothing special but enjoyable.,34
2781,773,10,3.5,2024-08-13,Neutral,Decent watch.,26
2782,572,21,4.0,2025-03-31,Positive,Highly recommend.,74
2783,587,1,5.0,2025-04-21,Positive,A visual masterpiece.,70
2784,1140,13,5.0,2025-04-20,Positive,Top-tier storytelling.,116
2785,385,5,4.0,2025-04-26,Positive,Absolutely loved it!,115
2786,758,15,4.5,2025-03-09,Positive,A visual masterpiece.,51
2787,933,25,3.0,2024-12-03,Neutral,Had its highs and lows.,18
2788,1138,2,4.0,2025-02-16,Positive,A visual masterpiece.,31
2789,1059,25,3.5,2024-08-11,Neutral,Average for its genre.,27
2790,326,5,5.0,2024-11-06,Positive,Great performances all around.,71
2791,1043,11,3.5,2025-03-09,Neutral,Had its highs and lows.,46
2792,878,5,4.5,2025-01-19,Positive,Exceeded my expectations.,20
2793,878,1,4.5,2025-02-16,Positive,Absolutely loved it!,89
2794,42,19,3.5,2025-04-26,Neutral,Worth a one-time watch.,102
2795,1162,15,4.5,2025-03-14,Positive,Exceeded my expectations.,23
2796,312,24,3.5,2025-03-29,Neutral,Had its highs and lows.,6
2797,218,18,4.5,2024-12-07,Positive,Exceeded my expectations.,35
2798,433,21,5.0,2025-04-17,Positive,Absolutely loved it!,62
2799,371,25,4.0,2024-09-18,Positive,Gripping from start to finish.,42
2800,754,1,4.5,2025-03-17,Positive,A visual masterpiece.,83
2801,818,20,2.0,2024-09-03,Negative,The plot made no sense.,61
2802,370,13,4.5,2025-04-16,Positive,Exceeded my expectations.,96
2803,1129,13,4.5,2025-03-29,Positive,Top-tier storytelling.,66
2804,601,5,4.0,2025-04-05,Positive,Gripping from start to finish.,86
2805,1121,22,3.5,2024-11-12,Neutral,Had its highs and lows.,112
2806,222,21,4.0,2025-04-02,Positive,Absolutely loved it!,55
2807,259,25,4.0,2025-04-13,Positive,A visual masterpiece.,69
2808,1037,11,5.0,2025-02-03,Positive,A visual masterpiece.,17
2809,197,11,4.0,2025-03-08,Positive,Top-tier storytelling.,44
2810,833,14,3.0,2025-04-16,Neutral,Some good moments.,23
2811,49,21,4.0,2025-04-23,Positive,Great performances all around.,64
2812,594,14,3.5,2025-01-18,Neutral,Had its highs and lows.,116
2813,462,10,4.0,2024-11-15,Positive,Absolutely loved it!,84
2814,143,19,2.5,2025-04-29,Neutral,Some good moments.,40
2815,349,22,4.5,2025-02-19,Positive,Absolutely loved it!,100
2816,874,9,4.5,2025-04-07,Positive,Will watch again.,27
2817,990,2,4.0,2024-09-03,Positive,Will watch again.,1
2818,578,2,4.5,2024-11-24,Positive,Great performances all around.,118
2819,120,13,3.5,2025-03-22,Neutral,Average for its genre.,38
2820,527,6,4.0,2025-03-31,Positive,A visual masterpiece.,103
2821,809,7,3.0,2025-01-20,Neutral,Had its highs and lows.,86
2822,1044,16,4.0,2024-11-12,Positive,Great performances all around.,116
2823,612,21,3.5,2025-04-20,Neutral,Average for its genre.,1
2824,160,2,4.0,2025-02-18,Positive,Absolutely loved it!,9
2825,63,6,3.5,2025-04-03,Neutral,Nothing special but enjoyable.,88
2826,560,15,4.0,2025-04-08,Positive,Great performances all around.,8
2827,641,25,3.0,2024-12-06,Neutral,Some good moments.,111
2828,938,17,4.0,2025-04-26,Positive,Highly recommend.,117
2829,412,11,3.5,2025-04-20,Neutral,Decent watch.,80
2830,620,5,3.0,2024-11-02,Neutral,Nothing special but enjoyable.,97
2831,27,7,3.0,2024-12-27,Neutral,Average for its genre.,118
2832,584,25,4.0,2024-12-16,Positive,Highly recommend.,46
2833,1187,23,3.0,2025-03-15,Neutral,Some good moments.,51
2834,859,14,4.5,2024-12-05,Positive,Absolutely loved it!,78
2835,934,15,3.0,2025-04-15,Neutral,Had its highs and lows.,13
2836,126,6,2.5,2025-03-12,Neutral,Decent watch.,54
2837,850,5,4.5,2024-11-21,Positive,Will watch again.,20
2838,257,5,4.0,2025-04-12,Positive,Absolutely loved it!,91
2839,427,3,4.5,2025-02-23,Positive,Gripping from start to finish.,76
2840,480,21,4.5,2025-04-04,Positive,One of the best this year.,120
2841,1138,4,4.0,2025-05-01,Positive,Absolutely loved it!,13
2842,839,3,4.0,2025-02-13,Positive,Top-tier storytelling.,39
2843,1139,18,3.5,2024-10-14,Neutral,Nothing special but enjoyable.,80
2844,985,25,4.0,2024-12-19,Positive,Absolutely loved it!,45
2845,81,16,4.0,2025-03-25,Positive,Exceeded my expectations.,94
2846,306,2,4.5,2025-03-05,Positive,A visual masterpiece.,73
2847,591,24,3.5,2025-04-09,Neutral,Had its highs and lows.,24
2848,833,1,4.5,2025-04-18,Positive,Will watch again.,46
2849,703,25,3.5,2024-07-27,Neutral,Had its highs and lows.,24
2850,21,2,4.5,2024-10-03,Positive,Exceeded my expectations.,113
2851,1097,3,4.5,2025-01-26,Positive,Great performances all around.,69
2852,429,8,2.0,2025-02-02,Negative,Would not recommend.,62
2853,644,11,3.5,2025-02-12,Neutral,Average for its genre.,34
2854,580,19,4.0,2025-04-25,Positive,Great performances all around.,107
2855,919,16,4.5,2024-12-19,Positive,Highly recommend.,77
2856,728,16,4.0,2025-02-03,Positive,One of the best this year.,100
2857,928,19,4.5,2025-04-19,Positive,Great performances all around.,89
2858,1099,8,3.5,2025-02-20,Neutral,Had its highs and lows.,103
2859,416,16,3.5,2025-04-25,Neutral,Worth a one-time watch.,94
2860,78,23,4.5,2025-04-05,Positive,Top-tier storytelling.,73
2861,1011,14,3.0,2024-08-29,Neutral,Some good moments.,115
2862,804,2,4.0,2024-09-02,Positive,Top-tier storytelling.,105
2863,164,21,5.0,2025-04-25,Positive,Absolutely loved it!,37
2864,254,21,4.0,2025-04-20,Positive,Will watch again.,110
2865,566,25,3.0,2024-08-05,Neutral,Decent watch.,107
2866,556,18,3.0,2025-01-25,Neutral,Had its highs and lows.,68
2867,1111,2,3.5,2025-03-28,Neutral,Decent watch.,26
2868,938,13,4.0,2025-04-18,Positive,Will watch again.,76
2869,226,12,5.0,2025-02-15,Positive,Will watch again.,34
2870,739,11,3.5,2025-04-03,Neutral,Worth a one-time watch.,68
2871,95,3,4.0,2025-04-20,Positive,A visual masterpiece.,52
2872,898,9,4.5,2025-04-14,Positive,Exceeded my expectations.,32
2873,692,4,5.0,2025-03-24,Positive,A visual masterpiece.,50
2874,1071,18,4.0,2025-01-04,Positive,Gripping from start to finish.,53
2875,874,12,4.0,2025-03-19,Positive,Gripping from start to finish.,103
2876,1077,10,3.0,2025-03-20,Neutral,Nothing special but enjoyable.,80
2877,815,3,4.0,2025-02-05,Positive,Gripping from start to finish.,37
2878,793,5,4.5,2025-02-25,Positive,Will watch again.,53
2879,1158,1,5.0,2025-02-14,Positive,A visual masterpiece.,63
2880,947,16,4.0,2025-03-05,Positive,Great performances all around.,69
2881,487,5,5.0,2025-03-08,Positive,Will watch again.,66
2882,125,2,4.0,2025-04-04,Positive,Top-tier storytelling.,20
2883,110,5,4.0,2025-03-06,Positive,A visual masterpiece.,114
2884,277,25,4.0,2025-02-10,Positive,Great performances all around.,76
2885,180,4,4.5,2025-03-03,Positive,Highly recommend.,100
2886,652,2,4.5,2025-03-24,Positive,Highly recommend.,34
2887,929,1,5.0,2025-03-07,Positive,Highly recommend.,8
2888,2,8,2.5,2025-02-26,Neutral,Had its highs and lows.,51
2889,1028,22,4.5,2025-02-18,Positive,Top-tier storytelling.,103
2890,103,6,3.5,2025-04-23,Neutral,Worth a one-time watch.,77
2891,802,19,4.0,2025-04-27,Positive,Highly recommend.,24
2892,381,19,3.5,2025-04-18,Neutral,Had its highs and lows.,43
2893,77,24,4.0,2025-04-29,Positive,Absolutely loved it!,54
2894,337,10,3.5,2024-12-20,Neutral,Had its highs and lows.,57
2895,980,16,4.0,2025-03-18,Positive,Will watch again.,22
2896,1054,4,4.5,2025-02-27,Positive,Will watch again.,79
2897,375,24,4.0,2025-03-23,Positive,Absolutely loved it!,119
2898,918,7,3.5,2025-01-28,Neutral,Nothing special but enjoyable.,119
2899,1181,22,3.0,2025-01-08,Neutral,Some good moments.,120
2900,668,22,4.0,2025-04-28,Positive,Great performances all around.,109
2901,1143,13,4.5,2025-04-11,Positive,Top-tier storytelling.,110
2902,218,2,4.5,2024-09-19,Positive,Will watch again.,89
2903,595,10,3.0,2025-02-05,Neutral,Nothing special but enjoyable.,20
2904,113,12,3.5,2024-10-20,Neutral,Nothing special but enjoyable.,2
2905,1050,18,3.5,2025-04-17,Neutral,Had its highs and lows.,24
2906,20,21,4.0,2025-04-06,Positive,Top-tier storytelling.,119
2907,121,4,4.5,2025-02-26,Positive,Great performances all around.,0
2908,1102,23,4.5,2025-02-26,Positive,One of the best this year.,83
2909,185,2,4.0,2025-04-09,Positive,Top-tier storytelling.,117
2910,1069,1,3.5,2025-04-16,Neutral,Had its highs and lows.,43
2911,1049,4,4.5,2025-04-19,Positive,Absolutely loved it!,22
2912,698,3,4.0,2025-03-13,Positive,Great performances all around.,120
2913,705,21,3.5,2025-04-10,Neutral,Nothing special but enjoyable.,89
2914,1080,18,4.5,2024-12-24,Positive,Gripping from start to finish.,91
2915,127,23,3.5,2025-03-04,Neutral,Decent watch.,6
2916,983,23,4.0,2025-02-21,Positive,Top-tier storytelling.,102
2917,156,22,3.0,2025-02-22,Neutral,Average for its genre.,115
2918,184,6,4.0,2025-03-30,Positive,Gripping from start to finish.,49
2919,971,5,5.0,2024-11-11,Positive,Absolutely loved it!,94
2920,213,8,3.5,2025-02-02,Neutral,Worth a one-time watch.,85
2921,397,21,4.0,2025-04-11,Positive,Great performances all around.,74
2922,639,13,4.5,2025-04-29,Positive,Will watch again.,97
2923,975,22,3.5,2025-04-28,Neutral,Decent watch.,101
2924,266,8,3.5,2025-02-08,Neutral,Had its highs and lows.,57
2925,1044,3,3.5,2025-01-01,Neutral,Worth a one-time watch.,65
2926,370,20,2.5,2024-09-23,Neutral,Nothing special but enjoyable.,51
2927,915,11,3.5,2025-02-17,Neutral,Some good moments.,109
2928,210,21,4.5,2025-04-22,Positive,Absolutely loved it!,104
2929,281,20,2.5,2024-10-03,Neutral,Nothing special but enjoyable.,6
2930,1094,10,4.0,2025-01-08,Positive,Great performances all around.,10
2931,769,2,3.0,2025-01-20,Neutral,Average for its genre.,39
2932,499,19,3.5,2025-04-17,Neutral,Nothing special but enjoyable.,91
2933,339,22,4.0,2025-01-05,Positive,Exceeded my expectations.,16
2934,968,21,4.5,2025-04-27,Positive,Absolutely loved it!,107
2935,291,2,4.0,2025-04-28,Positive,Top-tier storytelling.,98
2936,716,9,5.0,2025-04-09,Positive,Highly recommend.,92
2937,563,5,4.0,2024-09-28,Positive,Great performances all around.,101
2938,244,18,5.0,2025-02-09,Positive,Exceeded my expectations.,117
2939,230,25,4.0,2024-08-17,Positive,Great performances all around.,15
2940,1070,14,5.0,2024-07-10,Positive,Great performances all around.,78
2941,873,20,2.0,2024-09-02,Negative,Felt like a cash grab.,106
2942,951,12,3.0,2025-03-29,Neutral,Had its highs and lows.,7
2943,875,4,4.5,2025-03-17,Positive,Top-tier storytelling.,119
2944,830,5,3.5,2025-03-04,Neutral,Nothing special but enjoyable.,65
2945,507,14,4.0,2025-01-29,Positive,Great performances all around.,57
2946,276,18,4.5,2024-10-07,Positive,A visual masterpiece.,99
2947,1163,23,4.5,2025-04-11,Positive,Absolutely loved it!,36
2948,218,1,3.5,2025-03-29,Neutral,Average for its genre.,39
2949,1003,21,5.0,2025-04-05,Positive,Highly recommend.,35
2950,616,8,1.0,2025-03-08,Negative,Would not recommend.,100
2951,1180,19,4.5,2025-05-03,Positive,One of the best this year.,88
2952,124,5,4.5,2025-04-01,Positive,Absolutely loved it!,27
2953,1037,25,4.0,2024-07-17,Positive,Great performances all around.,92
2954,839,13,4.0,2025-03-30,Positive,Will watch again.,55
2955,206,15,3.0,2025-04-19,Neutral,Worth a one-time watch.,93
2956,54,6,3.0,2025-03-23,Neutral,Average for its genre.,110
2957,625,25,3.0,2024-07-07,Neutral,Worth a one-time watch.,72
2958,341,14,3.5,2025-02-24,Neutral,Had its highs and lows.,11
2959,776,15,4.5,2025-03-18,Positive,One of the best this year.,60
2960,1170,1,5.0,2025-01-25,Positive,Highly recommend.,44
2961,814,9,3.0,2025-04-06,Neutral,Average for its genre.,82
2962,710,6,3.0,2025-03-23,Neutral,Nothing special but enjoyable.,68
2963,692,2,4.0,2025-01-03,Positive,One of the best this year.,111
2964,1154,1,4.0,2025-03-09,Positive,Highly recommend.,10
2965,981,14,4.5,2024-11-20,Positive,One of the best this year.,100
2966,609,15,4.0,2025-04-11,Positive,One of the best this year.,99
2967,848,9,4.5,2025-05-01,Positive,Exceeded my expectations.,118
2968,542,11,4.5,2025-04-26,Positive,Top-tier storytelling.,83
2969,728,5,4.0,2024-11-09,Positive,One of the best this year.,29
2970,276,2,4.5,2025-03-07,Positive,Gripping from start to finish.,77
2971,926,1,4.0,2025-02-01,Positive,Gripping from start to finish.,83
2972,683,12,3.5,2025-02-07,Neutral,Decent watch.,66
2973,591,3,5.0,2025-01-26,Positive,Great performances all around.,53
2974,1087,8,3.5,2025-03-31,Neutral,Worth a one-time watch.,57
2975,13,19,5.0,2025-04-19,Positive,Great performances all around.,15
2976,1034,21,4.0,2025-03-28,Positive,Will watch again.,114
2977,41,15,4.0,2025-03-31,Positive,Top-tier storytelling.,98
2978,657,1,5.0,2025-02-11,Positive,Gripping from start to finish.,20
2979,453,12,4.0,2025-01-07,Positive,Absolutely loved it!,53
2980,62,22,3.0,2025-02-26,Neutral,Average for its genre.,56
2981,694,21,4.5,2025-04-03,Positive,One of the best this year.,23
2982,693,25,4.0,2025-04-23,Positive,One of the best this year.,52
2983,779,21,4.5,2025-04-15,Positive,Absolutely loved it!,77
2984,505,1,5.0,2025-03-20,Positive,Top-tier storytelling.,34
2985,714,9,4.0,2025-04-29,Positive,A visual masterpiece.,119
2986,551,19,3.5,2025-04-25,Neutral,Nothing special but enjoyable.,83
2987,627,15,3.5,2025-05-01,Neutral,Had its highs and lows.,71
2988,366,15,4.0,2025-04-10,Positive,Top-tier storytelling.,28
2989,1101,7,2.5,2025-01-18,Neutral,Decent watch.,85
2990,16,14,4.0,2025-03-16,Positive,Highly recommend.,77
2991,429,1,4.0,2025-04-18,Positive,Highly recommend.,14
2992,890,6,3.5,2025-03-09,Neutral,Worth a one-time watch.,70
2993,192,23,3.5,2025-02-18,Neutral,Some good moments.,108
2994,275,8,2.5,2025-03-26,Neutral,Some good moments.,21
2995,134,4,4.5,2025-04-28,Positive,Absolutely loved it!,49
2996,918,2,3.5,2024-12-26,Neutral,Some good moments.,84
2997,940,9,4.5,2025-04-19,Positive,Great performances all around.,84
2998,1070,16,4.5,2024-12-03,Positive,Will watch again.,9
2999,336,6,3.0,2025-04-13,Neutral,Decent watch.,80
3000,923,2,4.0,2025-03-24,Positive,Top-tier storytelling.,46
3001,437,13,5.0,2025-04-04,Positive,Highly recommend.,91
3002,444,11,3.5,2025-03-27,Neutral,Average for its genre.,97
3003,105,21,4.5,2025-04-11,Positive,Gripping from start to finish.,0
3004,426,1,5.0,2025-01-18,Positive,Great performances all around.,25
3005,549,9,3.5,2025-05-01,Neutral,Nothing special but enjoyable.,38
3006,997,19,4.0,2025-04-19,Positive,Top-tier storytelling.,84
3007,310,16,3.5,2024-11-08,Neutral,Nothing special but enjoyable.,90
3008,1165,9,3.0,2025-04-12,Neutral,Some good moments.,107
3009,660,1,5.0,2025-04-30,Positive,Top-tier storytelling.,102
3010,890,11,4.0,2025-04-23,Positive,One of the best this year.,69
3011,95,23,4.0,2025-03-05,Positive,Gripping from start to finish.,4
3012,565,13,4.0,2025-04-12,Positive,Highly recommend.,35
3013,1042,21,4.5,2025-04-16,Positive,A visual masterpiece.,8
3014,370,14,3.5,2024-10-13,Neutral,Some good moments.,23
3015,1116,8,2.5,2025-02-12,Neutral,Decent watch.,6
3016,313,21,3.5,2025-04-05,Neutral,Worth a one-time watch.,91
3017,931,23,3.5,2025-03-01,Neutral,Worth a one-time watch.,64
3018,1186,8,2.5,2025-02-06,Neutral,Some good moments.,113
3019,952,25,4.0,2025-01-26,Positive,Great performances all around.,58
3020,37,24,4.0,2025-03-19,Positive,Great performances all around.,77
3021,901,19,3.5,2025-04-20,Neutral,Nothing special but enjoyable.,107
3022,486,1,4.0,2025-01-19,Positive,Great performances all around.,20
3023,750,1,5.0,2025-02-03,Positive,A visual masterpiece.,10
3024,179,6,3.0,2025-04-16,Neutral,Decent watch.,64
3025,145,1,4.5,2025-04-22,Positive,One of the best this year.,108
3026,172,9,3.5,2025-04-08,Neutral,Nothing special but enjoyable.,16
3027,596,24,5.0,2025-01-09,Positive,Great performances all around.,70
3028,513,4,3.5,2025-03-30,Neutral,Nothing special but enjoyable.,105
3029,485,7,2.0,2025-01-03,Negative,Wasted potential.,24
3030,1101,8,3.5,2025-02-20,Neutral,Nothing special but enjoyable.,108
3031,1132,21,5.0,2025-04-03,Positive,One of the best this year.,104
3032,596,4,4.0,2025-04-27,Positive,Absolutely loved it!,39
3033,474,25,3.0,2025-02-03,Neutral,Nothing special but enjoyable.,22
3034,702,17,4.5,2025-01-31,Positive,Top-tier storytelling.,5
3035,104,24,3.0,2025-02-01,Neutral,Worth a one-time watch.,57
3036,623,19,4.5,2025-04-19,Positive,Highly recommend.,104
3037,1147,13,4.0,2025-04-19,Positive,Absolutely loved it!,18
3038,747,3,3.5,2025-01-21,Neutral,Had its highs and lows.,14
3039,639,1,4.5,2025-04-23,Positive,One of the best this year.,36
3040,30,22,3.5,2024-12-06,Neutral,Nothing special but enjoyable.,117
3041,750,11,4.5,2025-02-04,Positive,Absolutely loved it!,36
3042,169,11,5.0,2025-03-30,Positive,A visual masterpiece.,43
3043,869,11,4.5,2025-03-28,Positive,Absolutely loved it!,99
3044,683,24,3.5,2025-04-23,Neutral,Some good moments.,94
3045,574,18,4.5,2025-03-07,Positive,Highly recommend.,79
3046,602,12,3.0,2025-01-31,Neutral,Worth a one-time watch.,53
3047,239,1,4.0,2025-04-02,Positive,Will watch again.,23
3048,874,13,5.0,2025-04-12,Positive,Gripping from start to finish.,109
3049,746,5,3.5,2025-04-05,Neutral,Worth a one-time watch.,58
3050,1131,11,4.0,2025-02-09,Positive,Exceeded my expectations.,118
3051,1190,9,4.0,2025-04-23,Positive,Gripping from start to finish.,113
3052,36,14,4.5,2025-01-22,Positive,Exceeded my expectations.,49
3053,1076,9,4.5,2025-05-01,Positive,Highly recommend.,102
3054,442,19,3.0,2025-04-26,Neutral,Decent watch.,110
3055,1039,9,4.0,2025-04-29,Positive,One of the best this year.,112
3056,1170,14,3.5,2025-01-26,Neutral,Average for its genre.,7
3057,219,15,5.0,2025-03-21,Positive,Exceeded my expectations.,66
3058,196,22,4.0,2025-01-16,Positive,Great performances all around.,39
3059,460,25,2.0,2025-04-11,Negative,Slow and boring.,63
3060,609,2,4.5,2024-10-30,Positive,Will watch again.,63
3061,1016,5,5.0,2024-12-08,Positive,Gripping from start to finish.,103
3062,1128,23,3.0,2025-02-18,Neutral,Decent watch.,38
3063,374,15,4.5,2025-03-09,Positive,Exceeded my expectations.,72
3064,1130,15,3.5,2025-04-05,Neutral,Had its highs and lows.,92
3065,1160,1,3.5,2025-04-28,Neutral,Had its highs and lows.,115
3066,247,15,4.5,2025-03-28,Positive,Top-tier storytelling.,92
3067,1106,9,4.5,2025-05-03,Positive,Exceeded my expectations.,40
3068,44,8,2.5,2025-02-25,Neutral,Average for its genre.,89
3069,524,22,3.5,2025-04-29,Neutral,Worth a one-time watch.,86
3070,464,19,4.5,2025-04-29,Positive,Gripping from start to finish.,33
3071,598,17,4.5,2025-04-18,Positive,Will watch again.,36
3072,1035,15,4.5,2025-03-18,Positive,Great performances all around.,47
3073,22,21,4.5,2025-04-19,Positive,Absolutely loved it!,14
3074,445,23,4.5,2025-04-22,Positive,Top-tier storytelling.,27
3075,1099,6,3.5,2025-03-30,Neutral,Worth a one-time watch.,38
3076,946,22,3.0,2025-04-28,Neutral,Average for its genre.,2
3077,390,13,4.0,2025-03-30,Positive,Great performances all around.,89
3078,871,13,4.5,2025-04-23,Positive,A visual masterpiece.,7
3079,1181,16,5.0,2025-03-03,Positive,Great performances all around.,88
3080,502,23,3.5,2025-04-14,Neutral,Some good moments.,39
3081,840,1,4.5,2025-04-24,Positive,Top-tier storytelling.,19
3082,621,10,3.5,2024-08-06,Neutral,Nothing special but enjoyable.,74
3083,751,8,2.0,2025-02-02,Negative,Would not recommend.,95
3084,878,3,5.0,2025-01-07,Positive,Will watch again.,4
3085,307,15,4.0,2025-04-06,Positive,Absolutely loved it!,21
3086,687,5,4.5,2024-09-28,Positive,Great performances all around.,35
3087,417,15,4.0,2025-05-01,Positive,Will watch again.,114
3088,39,1,3.5,2025-03-14,Neutral,Worth a one-time watch.,70
3089,279,24,3.5,2025-03-29,Neutral,Average for its genre.,119
3090,1124,22,3.5,2025-04-01,Neutral,Had its highs and lows.,42
3091,558,8,3.0,2025-03-28,Neutral,Average for its genre.,68
3092,783,9,4.0,2025-04-29,Positive,Highly recommend.,31
3093,1061,18,3.5,2025-01-06,Neutral,Average for its genre.,113
3094,920,5,2.5,2024-11-12,Neutral,Nothing special but enjoyable.,88
3095,35,1,5.0,2025-04-22,Positive,Great performances all around.,45
3096,807,5,4.0,2025-03-30,Positive,Absolutely loved it!,98
3097,97,1,4.5,2025-03-22,Positive,Great performances all around.,18
3098,298,13,4.5,2025-03-28,Positive,Top-tier storytelling.,95
3099,245,5,4.5,2024-12-18,Positive,A visual masterpiece.,82
3100,514,19,4.5,2025-04-26,Positive,Absolutely loved it!,81
3101,905,10,4.0,2025-02-25,Positive,Absolutely loved it!,36
3102,329,4,3.5,2025-03-13,Neutral,Average for its genre.,66
3103,793,4,5.0,2025-03-21,Positive,Absolutely loved it!,69
3104,1006,21,4.0,2025-04-03,Positive,Gripping from start to finish.,37
3105,793,10,3.0,2025-03-13,Neutral,Nothing special but enjoyable.,77
3106,80,13,3.5,2025-03-29,Neutral,Worth a one-time watch.,64
3107,1041,18,3.5,2025-01-27,Neutral,Had its highs and lows.,10
3108,607,15,3.5,2025-04-10,Neutral,Some good moments.,21
3109,228,15,4.5,2025-03-08,Positive,Great performances all around.,38
3110,545,15,4.0,2025-04-21,Positive,One of the best this year.,12
3111,122,2,4.5,2024-10-13,Positive,Highly recommend.,67
3112,85,11,4.0,2025-02-09,Positive,Exceeded my expectations.,11
3113,79,9,5.0,2025-05-02,Positive,Top-tier storytelling.,103
3114,549,25,4.0,2024-07-13,Positive,A visual masterpiece.,64
3115,736,23,4.0,2025-02-27,Positive,Exceeded my expectations.,49
3116,107,18,4.0,2024-12-04,Positive,One of the best this year.,77
3117,112,2,3.5,2024-10-27,Neutral,Worth a one-time watch.,34
3118,162,17,4.0,2025-04-10,Positive,Exceeded my expectations.,6
3119,78,21,4.0,2025-04-16,Positive,Gripping from start to finish.,28
3120,359,11,5.0,2025-03-08,Positive,Top-tier storytelling.,89
3121,901,7,3.0,2025-01-18,Neutral,Average for its genre.,61
3122,1018,19,4.5,2025-04-19,Positive,Great performances all around.,36
3123,370,17,4.5,2025-02-12,Positive,Highly recommend.,80
3124,187,3,5.0,2024-12-22,Positive,Great performances all around.,99
3125,625,14,3.5,2025-01-17,Neutral,Nothing special but enjoyable.,49
3126,35,21,3.5,2025-04-04,Neutral,Some good moments.,100
3127,50,23,3.0,2025-04-04,Neutral,Nothing special but enjoyable.,76
3128,174,5,4.0,2025-03-13,Positive,Great performances all around.,104
3129,1144,2,4.5,2025-03-14,Positive,Gripping from start to finish.,117
3130,588,9,5.0,2025-04-11,Positive,Highly recommend.,69
3131,560,3,4.0,2025-03-06,Positive,Exceeded my expectations.,44
3132,261,21,4.0,2025-03-26,Positive,Will watch again.,76
3133,19,22,3.5,2025-04-25,Neutral,Some good moments.,80
3134,430,15,4.5,2025-04-29,Positive,Exceeded my expectations.,85
3135,1128,13,4.0,2025-04-30,Positive,Will watch again.,96
3136,857,13,4.5,2025-04-20,Positive,Absolutely loved it!,46
3137,776,8,1.5,2025-02-10,Negative,Couldn't finish it.,120
3138,400,1,4.0,2025-01-17,Positive,Exceeded my expectations.,49
3139,693,19,4.5,2025-04-30,Positive,Highly recommend.,36
3140,970,11,5.0,2025-03-18,Positive,A visual masterpiece.,74
3141,862,18,3.0,2024-09-29,Neutral,Worth a one-time watch.,41
3142,622,13,4.0,2025-04-30,Positive,Exceeded my expectations.,45
3143,208,21,5.0,2025-03-29,Positive,Highly recommend.,3
3144,1105,19,4.0,2025-04-13,Positive,Will watch again.,91
3145,469,9,4.0,2025-04-08,Positive,A visual masterpiece.,28
3146,881,2,4.0,2025-02-09,Positive,One of the best this year.,3
3147,110,24,4.5,2025-03-21,Positive,Great performances all around.,13
3148,1099,23,3.0,2025-02-10,Neutral,Worth a one-time watch.,55
3149,192,22,3.0,2025-01-29,Neutral,Worth a one-time watch.,25
3150,699,16,4.5,2024-11-11,Positive,A visual masterpiece.,23
3151,53,5,3.5,2024-10-05,Neutral,Some good moments.,35
3152,650,21,4.5,2025-05-01,Positive,Gripping from start to finish.,107
3153,1173,22,3.5,2024-11-23,Neutral,Some good moments.,102
3154,266,13,5.0,2025-04-18,Positive,Great performances all around.,104
3155,1197,21,3.5,2025-04-12,Neutral,Worth a one-time watch.,69
3156,119,5,4.0,2025-02-10,Positive,Great performances all around.,31
3157,290,12,3.0,2025-03-06,Neutral,Nothing special but enjoyable.,70
3158,241,18,3.5,2025-03-22,Neutral,Had its highs and lows.,25
3159,571,14,3.0,2024-10-25,Neutral,Some good moments.,28
3160,596,1,5.0,2025-01-18,Positive,Will watch again.,93
3161,654,19,4.0,2025-04-17,Positive,Great performances all around.,35
3162,328,11,2.5,2025-02-27,Neutral,Had its highs and lows.,43
3163,959,7,2.5,2025-02-08,Neutral,Average for its genre.,77
3164,734,1,5.0,2025-03-22,Positive,Absolutely loved it!,94
3165,96,14,3.5,2024-06-29,Neutral,Some good moments.,83
3166,298,1,4.0,2025-03-01,Positive,Highly recommend.,100
3167,827,1,4.5,2025-02-06,Positive,Highly recommend.,31
3168,180,19,5.0,2025-04-18,Positive,Top-tier storytelling.,107
3169,14,11,4.5,2025-02-18,Positive,One of the best this year.,109
3170,271,13,3.5,2025-03-31,Neutral,Some good moments.,103
3171,325,21,4.0,2025-04-03,Positive,Absolutely loved it!,98
3172,1027,24,4.0,2025-04-07,Positive,Great performances all around.,3
3173,614,15,4.5,2025-04-16,Positive,Top-tier storytelling.,105
3174,636,6,3.5,2025-04-03,Neutral,Average for its genre.,35
3175,206,12,4.5,2025-01-12,Positive,Absolutely loved it!,42
3176,88,17,3.5,2025-04-17,Neutral,Average for its genre.,109
3177,725,15,4.0,2025-03-31,Positive,Will watch again.,38
3178,128,25,3.5,2024-09-28,Neutral,Some good moments.,109
3179,91,24,3.5,2025-02-02,Neutral,Average for its genre.,69
3180,480,3,4.5,2024-12-11,Positive,Great performances all around.,78
3181,7,9,4.0,2025-04-29,Positive,Absolutely loved it!,32
3182,698,15,3.5,2025-04-24,Neutral,Average for its genre.,16
3183,706,8,3.0,2025-02-21,Neutral,Nothing special but enjoyable.,23
3184,768,16,3.0,2025-02-09,Neutral,Decent watch.,96
3185,886,19,5.0,2025-04-22,Positive,Top-tier storytelling.,78
3186,180,20,2.0,2024-09-06,Negative,Couldn't finish it.,48
3187,250,5,3.5,2025-02-24,Neutral,Nothing special but enjoyable.,89
3188,498,4,4.0,2025-04-27,Positive,Will watch again.,70
3189,914,6,3.5,2025-04-27,Neutral,Decent watch.,114
3190,282,22,4.0,2025-01-06,Positive,Gripping from start to finish.,31
3191,256,25,3.0,2024-11-16,Neutral,Nothing special but enjoyable.,71
3192,538,23,3.5,2025-04-27,Neutral,Had its highs and lows.,1
3193,830,21,4.5,2025-04-30,Positive,Will watch again.,84
3194,734,5,4.0,2025-04-13,Positive,One of the best this year.,27
3195,1076,25,3.5,2024-10-20,Neutral,Average for its genre.,90
3196,500,10,4.5,2024-11-25,Positive,Absolutely loved it!,93
3197,413,2,4.5,2024-10-04,Positive,Top-tier storytelling.,59
3198,753,1,5.0,2025-03-08,Positive,Gripping from start to finish.,99
3199,107,19,4.5,2025-04-14,Positive,One of the best this year.,39
3200,634,15,3.5,2025-04-14,Neutral,Nothing special but enjoyable.,68
3201,632,22,4.5,2025-04-09,Positive,Highly recommend.,66
3202,278,2,3.0,2024-11-11,Neutral,Some good moments.,70
3203,527,4,3.5,2025-03-30,Neutral,Average for its genre.,5
3204,836,15,4.5,2025-04-23,Positive,Great performances all around.,27
3205,811,21,5.0,2025-04-29,Positive,A visual masterpiece.,111
3206,116,1,5.0,2025-02-21,Positive,Absolutely loved it!,106
3207,793,1,5.0,2025-01-18,Positive,Gripping from start to finish.,56
3208,850,12,4.0,2024-11-22,Positive,A visual masterpiece.,108
3209,440,16,4.5,2025-01-19,Positive,Great performances all around.,66
3210,174,16,4.0,2025-02-16,Positive,A visual masterpiece.,97
3211,671,1,4.5,2025-02-17,Positive,Exceeded my expectations.,48
3212,359,23,3.5,2025-02-14,Neutral,Decent watch.,26
3213,607,5,4.0,2025-05-02,Positive,Absolutely loved it!,112
3214,1073,1,4.0,2025-02-11,Positive,Will watch again.,71
3215,511,19,4.0,2025-04-15,Positive,Gripping from start to finish.,25
3216,568,11,4.5,2025-02-26,Positive,A visual masterpiece.,114
3217,726,3,4.5,2025-03-12,Positive,One of the best this year.,53
3218,227,1,5.0,2025-02-26,Positive,Great performances all around.,35
3219,203,1,4.5,2025-04-19,Positive,Gripping from start to finish.,68
3220,901,2,4.0,2025-02-15,Positive,Top-tier storytelling.,79
3221,657,24,3.0,2024-12-31,Neutral,Worth a one-time watch.,62
3222,615,15,3.0,2025-03-11,Neutral,Worth a one-time watch.,56
3223,537,25,4.0,2025-04-21,Positive,Top-tier storytelling.,70
3224,539,20,3.0,2024-09-01,Neutral,Some good moments.,58
3225,12,23,3.5,2025-04-08,Neutral,Worth a one-time watch.,34
3226,625,15,3.5,2025-03-13,Neutral,Average for its genre.,10
3227,794,10,3.5,2024-10-03,Neutral,Worth a one-time watch.,30
3228,13,16,4.0,2025-01-27,Positive,Absolutely loved it!,67
3229,411,19,4.5,2025-04-18,Positive,Top-tier storytelling.,36
3230,906,19,4.0,2025-05-01,Positive,Exceeded my expectations.,84
3231,145,25,4.0,2025-01-12,Positive,Exceeded my expectations.,39
3232,530,15,3.5,2025-04-15,Neutral,Decent watch.,41
3233,1032,1,4.5,2025-03-08,Positive,Highly recommend.,76
3234,45,9,4.5,2025-04-22,Positive,Great performances all around.,51
3235,727,24,3.0,2025-03-30,Neutral,Nothing special but enjoyable.,37
3236,1039,6,2.5,2025-04-28,Neutral,Nothing special but enjoyable.,61
3237,76,1,5.0,2025-01-30,Positive,Exceeded my expectations.,96
3238,181,24,3.5,2025-04-22,Neutral,Average for its genre.,94
3239,871,19,3.0,2025-04-24,Neutral,Decent watch.,30
3240,810,1,4.5,2025-03-30,Positive,Highly recommend.,69
3241,730,6,4.0,2025-04-27,Positive,Absolutely loved it!,47
3242,951,2,3.0,2024-11-23,Neutral,Average for its genre.,51
3243,760,1,5.0,2025-01-30,Positive,Absolutely loved it!,89
3244,117,1,4.5,2025-01-30,Positive,A visual masterpiece.,43
3245,35,2,4.0,2024-12-30,Positive,Highly recommend.,43
3246,102,16,2.5,2025-03-22,Neutral,Some good moments.,86
3247,454,24,4.0,2025-04-01,Positive,Great performances all around.,50
3248,1109,10,5.0,2025-04-23,Positive,Exceeded my expectations.,31
3249,505,9,4.5,2025-04-27,Positive,Gripping from start to finish.,100
3250,855,18,4.0,2025-02-18,Positive,Top-tier storytelling.,16
3251,1159,12,4.0,2025-04-24,Positive,Highly recommend.,41
3252,183,3,4.5,2025-04-22,Positive,Top-tier storytelling.,104
3253,661,3,4.5,2025-01-21,Positive,Absolutely loved it!,89
3254,475,22,4.0,2025-03-31,Positive,A visual masterpiece.,76
3255,1172,9,4.0,2025-04-15,Positive,Exceeded my expectations.,59
3256,763,1,4.0,2025-04-18,Positive,Highly recommend.,6
3257,864,9,4.5,2025-04-08,Positive,One of the best this year.,35
3258,659,2,3.0,2025-03-09,Neutral,Average for its genre.,120
3259,778,9,4.0,2025-04-21,Positive,Gripping from start to finish.,98
3260,419,19,4.0,2025-04-17,Positive,Top-tier storytelling.,55
3261,394,21,3.5,2025-04-10,Neutral,Decent watch.,8
3262,1198,17,4.5,2025-04-12,Positive,Will watch again.,83
3263,131,18,4.0,2024-11-07,Positive,A visual masterpiece.,19
3264,1125,24,4.0,2025-02-17,Positive,Exceeded my expectations.,14
3265,1180,23,4.0,2025-03-24,Positive,Gripping from start to finish.,120
3266,673,21,3.5,2025-04-25,Neutral,Nothing special but enjoyable.,105
3267,652,7,3.0,2025-02-09,Neutral,Average for its genre.,1
3268,660,10,4.0,2025-03-09,Positive,Highly recommend.,12
3269,568,20,3.0,2024-09-15,Neutral,Decent watch.,108
3270,935,9,5.0,2025-04-27,Positive,Will watch again.,47
3271,250,12,3.0,2025-04-26,Neutral,Average for its genre.,107
3272,880,11,4.5,2025-04-14,Positive,A visual masterpiece.,67
3273,448,21,4.5,2025-04-07,Positive,Absolutely loved it!,25
3274,578,3,4.0,2025-04-20,Positive,Absolutely loved it!,103
3275,599,2,4.5,2024-11-11,Positive,Absolutely loved it!,11
3276,110,1,4.5,2025-03-11,Positive,Great performances all around.,78
3277,649,19,4.0,2025-04-14,Positive,Absolutely loved it!,12
3278,312,1,5.0,2025-01-18,Positive,Highly recommend.,40
3279,995,24,4.0,2025-02-17,Positive,Great performances all around.,100
3280,409,19,3.0,2025-04-29,Neutral,Worth a one-time watch.,84
3281,571,9,3.5,2025-04-24,Neutral,Decent watch.,8
3282,830,19,4.0,2025-04-22,Positive,One of the best this year.,93
3283,479,2,3.5,2025-01-14,Neutral,Worth a one-time watch.,118
3284,336,13,4.5,2025-04-16,Positive,Top-tier storytelling.,6
3285,792,1,4.5,2025-04-01,Positive,Gripping from start to finish.,93
3286,656,18,3.0,2025-02-09,Neutral,Average for its genre.,25
3287,286,18,4.5,2024-12-30,Positive,A visual masterpiece.,62
3288,810,5,2.5,2025-04-25,Neutral,Nothing special but enjoyable.,39
3289,859,19,5.0,2025-04-16,Positive,A visual masterpiece.,7
3290,922,9,4.0,2025-04-30,Positive,Absolutely loved it!,48
3291,573,4,4.0,2025-03-10,Positive,Exceeded my expectations.,62
3292,220,23,4.0,2025-02-15,Positive,Absolutely loved it!,24
3293,1086,8,2.0,2025-03-11,Negative,Poor writing overall.,62
3294,337,11,4.0,2025-03-29,Positive,Absolutely loved it!,18
3295,158,11,4.0,2025-04-02,Positive,Highly recommend.,22
3296,128,3,4.0,2024-12-11,Positive,Exceeded my expectations.,23
3297,155,7,2.0,2025-02-02,Negative,Poor writing overall.,113
3298,789,10,3.5,2025-01-04,Neutral,Some good moments.,82
3299,288,15,4.0,2025-04-19,Positive,Will watch again.,39
3300,753,15,4.0,2025-03-11,Positive,Highly recommend.,106
3301,191,3,4.5,2025-03-07,Positive,Will watch again.,95
3302,1007,8,2.0,2025-03-05,Negative,Poor writing overall.,114
3303,1148,22,3.5,2024-11-25,Neutral,Decent watch.,75
3304,779,1,5.0,2025-02-12,Positive,A visual masterpiece.,86
3305,760,18,5.0,2024-12-30,Positive,Will watch again.,11
3306,1180,1,4.5,2025-01-27,Positive,Great performances all around.,102
3307,734,23,4.0,2025-04-23,Positive,Highly recommend.,13
3308,116,5,4.0,2024-11-30,Positive,Top-tier storytelling.,100
3309,432,5,4.0,2025-01-21,Positive,Exceeded my expectations.,96
3310,890,12,3.5,2025-01-17,Neutral,Some good moments.,38
3311,82,2,4.0,2024-11-15,Positive,Will watch again.,69
3312,18,21,4.0,2025-03-30,Positive,Will watch again.,27
3313,106,16,4.5,2025-04-17,Positive,One of the best this year.,82
3314,883,4,3.5,2025-04-07,Neutral,Average for its genre.,15
3315,532,1,5.0,2025-01-21,Positive,Exceeded my expectations.,4
3316,435,18,3.5,2024-11-06,Neutral,Decent watch.,47
3317,45,13,4.5,2025-04-07,Positive,Will watch again.,89
3318,1123,13,3.5,2025-04-17,Neutral,Nothing special but enjoyable.,54
3319,1162,21,3.5,2025-04-08,Neutral,Nothing special but enjoyable.,77
3320,628,1,4.5,2025-03-16,Positive,Will watch again.,62
3321,965,6,2.5,2025-04-30,Neutral,Some good moments.,54
3322,944,3,4.5,2025-03-21,Positive,Top-tier storytelling.,106
3323,267,25,3.0,2025-04-22,Neutral,Average for its genre.,27
3324,1095,15,3.5,2025-04-07,Neutral,Had its highs and lows.,1
3325,1136,23,3.5,2025-02-26,Neutral,Nothing special but enjoyable.,14
3326,395,2,3.5,2025-01-14,Neutral,Some good moments.,106
3327,938,23,3.5,2025-04-30,Neutral,Decent watch.,5
3328,102,9,3.5,2025-05-02,Neutral,Had its highs and lows.,106
3329,866,10,4.5,2024-07-25,Positive,Exceeded my expectations.,14
3330,393,10,3.5,2025-03-07,Neutral,Average for its genre.,66
3331,484,19,4.0,2025-04-26,Positive,Great performances all around.,119
3332,353,2,3.5,2024-12-19,Neutral,Decent watch.,57
3333,317,13,4.0,2025-04-10,Positive,Gripping from start to finish.,97
3334,714,13,4.0,2025-03-21,Positive,Will watch again.,113
3335,1013,19,3.5,2025-04-23,Neutral,Worth a one-time watch.,48
3336,478,14,4.0,2025-01-22,Positive,Absolutely loved it!,85
3337,182,3,4.0,2025-03-24,Positive,Top-tier storytelling.,34
3338,956,16,3.5,2025-03-17,Neutral,Decent watch.,12
3339,153,2,5.0,2024-08-20,Positive,Will watch again.,108
3340,550,19,5.0,2025-04-26,Positive,Great performances all around.,104
3341,447,4,4.5,2025-04-14,Positive,A visual masterpiece.,32
3342,1073,9,5.0,2025-04-29,Positive,Great performances all around.,84
3343,582,14,4.0,2025-04-07,Positive,Absolutely loved it!,35
3344,124,15,5.0,2025-03-06,Positive,One of the best this year.,7
3345,883,1,5.0,2025-01-20,Positive,Gripping from start to finish.,45
3346,165,15,3.5,2025-03-04,Neutral,Average for its genre.,62
3347,1042,2,4.5,2025-03-04,Positive,Highly recommend.,63
3348,406,1,5.0,2025-02-01,Positive,Great performances all around.,101
3349,27,16,3.5,2025-01-18,Neutral,Some good moments.,63
3350,725,3,4.0,2025-04-01,Positive,Top-tier storytelling.,72
3351,121,19,4.5,2025-04-20,Positive,Exceeded my expectations.,25
3352,987,11,5.0,2025-04-06,Positive,Exceeded my expectations.,106
3353,181,22,3.5,2024-12-25,Neutral,Worth a one-time watch.,30
3354,651,9,4.0,2025-04-27,Positive,Absolutely loved it!,80
3355,526,13,3.5,2025-04-30,Neutral,Worth a one-time watch.,41
3356,604,6,2.5,2025-04-30,Neutral,Nothing special but enjoyable.,48
3357,139,8,3.0,2025-02-15,Neutral,Had its highs and lows.,74
3358,914,2,3.5,2024-09-06,Neutral,Average for its genre.,85
3359,199,24,3.0,2025-01-12,Neutral,Some good moments.,106
3360,451,2,4.0,2024-11-05,Positive,One of the best this year.,56
3361,139,18,3.5,2024-10-20,Neutral,Some good moments.,55
3362,539,24,3.0,2025-01-30,Neutral,Nothing special but enjoyable.,42
3363,468,15,4.5,2025-04-10,Positive,Gripping from start to finish.,79
3364,620,16,3.5,2025-02-24,Neutral,Decent watch.,59
3365,598,19,4.5,2025-04-21,Positive,Highly recommend.,51
3366,431,4,3.5,2025-03-25,Neutral,Nothing special but enjoyable.,2
3367,778,1,4.0,2025-03-30,Positive,One of the best this year.,6
3368,428,22,4.5,2025-04-22,Positive,Gripping from start to finish.,118
3369,346,13,4.0,2025-03-31,Positive,Top-tier storytelling.,7
3370,407,1,4.5,2025-03-04,Positive,A visual masterpiece.,116
3371,148,15,4.5,2025-04-29,Positive,A visual masterpiece.,20
3372,598,6,2.5,2025-04-16,Neutral,Decent watch.,19
3373,43,11,4.0,2025-04-09,Positive,A visual masterpiece.,109
3374,222,22,3.0,2024-11-23,Neutral,Average for its genre.,107
3375,906,3,4.5,2025-01-25,Positive,Will watch again.,31
3376,673,1,5.0,2025-01-27,Positive,Absolutely loved it!,58
3377,311,2,4.5,2024-08-27,Positive,Gripping from start to finish.,54
3378,718,13,3.5,2025-04-02,Neutral,Average for its genre.,102
3379,1129,1,4.5,2025-03-15,Positive,Great performances all around.,16
3380,910,9,5.0,2025-04-07,Positive,Will watch again.,32
3381,15,13,4.0,2025-04-04,Positive,Gripping from start to finish.,17
3382,917,8,3.0,2025-03-14,Neutral,Average for its genre.,86
3383,324,20,3.5,2024-09-27,Neutral,Decent watch.,92
3384,70,11,4.5,2025-03-04,Positive,Exceeded my expectations.,82
3385,991,9,4.0,2025-05-01,Positive,A visual masterpiece.,118
3386,47,4,3.0,2025-03-20,Neutral,Nothing special but enjoyable.,64
3387,700,1,3.5,2025-01-17,Neutral,Worth a one-time watch.,117
3388,347,14,4.0,2024-07-16,Positive,A visual masterpiece.,106
3389,889,24,3.5,2025-03-04,Neutral,Some good moments.,117
3390,268,22,3.0,2024-11-06,Neutral,Average for its genre.,113
3391,1127,22,3.5,2024-12-14,Neutral,Average for its genre.,11
3392,1088,11,3.5,2025-04-17,Neutral,Average for its genre.,45
3393,643,18,4.5,2025-02-21,Positive,Absolutely loved it!,59
3394,209,1,4.0,2025-01-21,Positive,One of the best this year.,117
3395,1164,11,3.5,2025-02-25,Neutral,Some good moments.,3
3396,2,21,3.5,2025-04-12,Neutral,Had its highs and lows.,5
3397,458,10,4.0,2024-08-22,Positive,Great performances all around.,71
3398,1000,19,5.0,2025-05-01,Positive,Top-tier storytelling.,99
3399,343,23,3.5,2025-04-24,Neutral,Had its highs and lows.,0
3400,1062,18,3.0,2024-10-18,Neutral,Some good moments.,26
3401,1113,19,3.5,2025-04-28,Neutral,Average for its genre.,51
3402,436,22,5.0,2024-12-23,Positive,Top-tier storytelling.,11
3403,274,8,3.0,2025-03-16,Neutral,Worth a one-time watch.,11
3404,403,24,5.0,2025-01-24,Positive,Absolutely loved it!,63
3405,646,12,4.0,2025-01-18,Positive,Will watch again.,18
3406,1127,16,3.5,2025-04-04,Neutral,Some good moments.,15
3407,905,21,3.5,2025-03-28,Neutral,Some good moments.,64
3408,113,4,4.0,2025-04-16,Positive,Will watch again.,56
3409,893,10,4.0,2024-12-28,Positive,A visual masterpiece.,101
3410,912,1,4.5,2025-01-19,Positive,Highly recommend.,1
3411,785,22,3.5,2025-01-31,Neutral,Nothing special but enjoyable.,33
3412,181,2,3.5,2024-10-15,Neutral,Decent watch.,62
3413,859,3,5.0,2025-03-24,Positive,Absolutely loved it!,77
3414,583,2,4.0,2024-12-13,Positive,Will watch again.,11
3415,83,16,4.5,2025-03-21,Positive,A visual masterpiece.,49
3416,1093,3,4.0,2025-04-07,Positive,A visual masterpiece.,35
3417,916,3,4.5,2024-12-13,Positive,Exceeded my expectations.,118
3418,568,25,4.0,2024-09-16,Positive,Gripping from start to finish.,118
3419,1093,15,4.5,2025-05-01,Positive,Will watch again.,57
3420,50,5,3.5,2024-12-02,Neutral,Nothing special but enjoyable.,104
3421,952,13,5.0,2025-04-17,Positive,Absolutely loved it!,42
3422,1070,9,3.5,2025-04-28,Neutral,Average for its genre.,54
3423,911,1,4.0,2025-01-21,Positive,One of the best this year.,113
3424,960,22,3.5,2025-04-03,Neutral,Worth a one-time watch.,4
3425,23,9,3.5,2025-05-02,Neutral,Average for its genre.,26
3426,1155,19,3.5,2025-04-16,Neutral,Some good moments.,2
3427,996,1,3.5,2025-04-13,Neutral,Some good moments.,38
3428,237,18,4.5,2025-03-04,Positive,Highly recommend.,6
3429,478,17,4.0,2025-03-10,Positive,Exceeded my expectations.,10
3430,1004,11,4.5,2025-03-28,Positive,Absolutely loved it!,101
3431,548,2,4.5,2024-09-19,Positive,Gripping from start to finish.,71
3432,44,17,5.0,2025-02-26,Positive,Great performances all around.,41
3433,697,5,4.0,2025-01-19,Positive,Great performances all around.,54
3434,347,25,3.5,2024-11-28,Neutral,Average for its genre.,74
3435,1194,9,4.0,2025-04-10,Positive,Top-tier storytelling.,99
3436,821,13,4.0,2025-04-27,Positive,Great performances all around.,101
3437,377,3,4.5,2025-04-27,Positive,One of the best this year.,6
3438,418,23,4.5,2025-02-12,Positive,Highly recommend.,70
3439,1087,23,3.5,2025-04-10,Neutral,Decent watch.,40
3440,1037,9,4.0,2025-04-11,Positive,Gripping from start to finish.,88
3441,1063,4,3.0,2025-03-26,Neutral,Nothing special but enjoyable.,35
3442,1120,21,5.0,2025-04-20,Positive,Great performances all around.,115
3443,756,14,3.0,2024-07-15,Neutral,Nothing special but enjoyable.,79
3444,860,24,3.0,2025-01-02,Neutral,Worth a one-time watch.,2
3445,727,25,4.0,2025-01-14,Positive,Highly recommend.,36
3446,1176,10,4.0,2025-03-26,Positive,Gripping from start to finish.,25
3447,923,21,4.0,2025-04-22,Positive,A visual masterpiece.,43
3448,534,3,4.5,2024-12-03,Positive,Highly recommend.,105
3449,619,18,4.0,2025-02-08,Positive,Great performances all around.,101
3450,925,18,3.5,2024-10-06,Neutral,Worth a one-time watch.,43
3451,880,9,5.0,2025-04-08,Positive,One of the best this year.,45
3452,845,1,4.0,2025-03-02,Positive,Will watch again.,4
3453,707,10,3.0,2025-02-07,Neutral,Had its highs and lows.,25
3454,1135,1,3.5,2025-01-22,Neutral,Decent watch.,78
3455,1150,4,3.5,2025-04-16,Neutral,Had its highs and lows.,16
3456,838,25,4.5,2025-03-27,Positive,Exceeded my expectations.,80
3457,724,23,4.5,2025-03-03,Positive,Exceeded my expectations.,98
3458,161,24,4.0,2025-04-09,Positive,One of the best this year.,57
3459,1101,16,4.5,2025-02-06,Positive,One of the best this year.,106
3460,751,11,5.0,2025-02-25,Positive,Great performances all around.,98
3461,590,1,5.0,2025-02-12,Positive,Great performances all around.,61
3462,176,25,3.5,2024-07-14,Neutral,Worth a one-time watch.,14
3463,40,1,3.5,2025-01-31,Neutral,Decent watch.,33
3464,13,14,5.0,2025-01-19,Positive,Will watch again.,112
3465,992,8,3.0,2025-02-28,Neutral,Decent watch.,82
3466,1124,24,4.0,2025-01-07,Positive,Highly recommend.,36
3467,10,10,4.5,2024-09-10,Positive,Exceeded my expectations.,112
3468,64,5,4.0,2024-09-24,Positive,One of the best this year.,25
3469,586,23,2.5,2025-03-24,Neutral,Had its highs and lows.,7
3470,647,21,4.5,2025-03-29,Positive,Exceeded my expectations.,75
3471,911,19,4.5,2025-04-22,Positive,Top-tier storytelling.,9
3472,830,23,3.0,2025-03-14,Neutral,Nothing special but enjoyable.,55
3473,45,3,4.5,2025-04-19,Positive,Exceeded my expectations.,8
3474,44,2,4.5,2025-03-25,Positive,Highly recommend.,35
3475,120,3,3.5,2024-12-06,Neutral,Decent watch.,112
3476,903,3,4.0,2025-04-08,Positive,One of the best this year.,52
3477,617,14,4.0,2024-08-13,Positive,A visual masterpiece.,43
3478,527,12,4.5,2025-04-20,Positive,Highly recommend.,108
3479,546,3,4.0,2025-03-24,Positive,One of the best this year.,47
3480,43,21,4.0,2025-05-03,Positive,Absolutely loved it!,6
3481,441,19,3.5,2025-04-30,Neutral,Decent watch.,97
3482,11,13,4.0,2025-04-26,Positive,Absolutely loved it!,54
3483,114,7,2.5,2025-02-05,Neutral,Nothing special but enjoyable.,113
3484,656,3,4.5,2025-02-09,Positive,Great performances all around.,115
3485,965,23,3.0,2025-04-11,Neutral,Average for its genre.,85
3486,279,17,3.5,2025-01-28,Neutral,Worth a one-time watch.,16
3487,452,25,4.0,2024-10-02,Positive,Absolutely loved it!,14
3488,1172,13,4.5,2025-04-22,Positive,Great performances all around.,87
3489,42,24,4.5,2025-01-05,Positive,Great performances all around.,93
3490,987,12,4.5,2025-03-30,Positive,One of the best this year.,82
3491,541,16,3.5,2025-03-15,Neutral,Decent watch.,89
3492,264,9,5.0,2025-04-22,Positive,A visual masterpiece.,112
3493,1122,21,4.0,2025-04-16,Positive,Will watch again.,96
3494,1061,2,5.0,2024-09-12,Positive,Absolutely loved it!,10
3495,319,19,4.0,2025-04-25,Positive,Will watch again.,87
3496,1134,1,5.0,2025-04-14,Positive,Top-tier storytelling.,109
3497,156,9,3.5,2025-04-19,Neutral,Worth a one-time watch.,78
3498,1113,15,3.5,2025-03-13,Neutral,Some good moments.,89
3499,608,24,3.0,2025-03-11,Neutral,Nothing special but enjoyable.,106
3500,389,22,4.5,2025-02-11,Positive,Will watch again.,113
3501,730,8,2.5,2025-03-18,Neutral,Worth a one-time watch.,30
3502,255,4,4.0,2025-04-19,Positive,Highly recommend.,88
3503,1080,1,4.0,2025-01-20,Positive,Exceeded my expectations.,56
3504,918,5,5.0,2025-01-05,Positive,Absolutely loved it!,51
3505,937,23,3.0,2025-03-16,Neutral,Average for its genre.,29
3506,1188,19,5.0,2025-04-12,Positive,One of the best this year.,5
3507,868,3,4.5,2025-04-22,Positive,Highly recommend.,4
3508,355,18,4.0,2025-01-08,Positive,Absolutely loved it!,64
3509,1162,22,3.5,2025-04-07,Neutral,Nothing special but enjoyable.,4
3510,1176,7,2.5,2025-01-19,Neutral,Worth a one-time watch.,74
3511,792,15,3.5,2025-03-23,Neutral,Decent watch.,65
3512,266,1,4.0,2025-03-18,Positive,Exceeded my expectations.,107
3513,585,8,3.0,2025-03-01,Neutral,Average for its genre.,101
3514,61,19,5.0,2025-04-21,Positive,Exceeded my expectations.,16
3515,119,22,4.0,2025-03-20,Positive,Gripping from start to finish.,84
3516,331,2,4.0,2024-11-03,Positive,Highly recommend.,32
3517,685,25,4.5,2024-11-06,Positive,Highly recommend.,10
3518,705,3,3.0,2025-02-16,Neutral,Worth a one-time watch.,76
3519,697,11,4.0,2025-04-16,Positive,Gripping from start to finish.,87
3520,540,11,3.5,2025-04-21,Neutral,Some good moments.,71
3521,93,15,4.0,2025-04-15,Positive,Great performances all around.,35
3522,968,6,3.0,2025-04-19,Neutral,Some good moments.,46
3523,961,23,4.0,2025-04-11,Positive,One of the best this year.,71
3524,825,9,5.0,2025-04-13,Positive,Absolutely loved it!,113
3525,78,13,5.0,2025-04-21,Positive,Exceeded my expectations.,22
3526,500,15,3.5,2025-04-02,Neutral,Had its highs and lows.,46
3527,399,19,4.0,2025-04-16,Positive,Top-tier storytelling.,71
3528,1154,21,3.0,2025-04-27,Neutral,Average for its genre.,87
3529,1184,23,4.5,2025-04-29,Positive,Highly recommend.,39
3530,701,19,4.0,2025-04-18,Positive,Gripping from start to finish.,116
3531,462,22,1.5,2025-04-28,Negative,Would not recommend.,112
3532,256,3,4.5,2025-02-06,Positive,Top-tier storytelling.,71
3533,622,22,4.0,2025-02-08,Positive,Highly recommend.,56
3534,617,13,4.0,2025-04-14,Positive,Exceeded my expectations.,45
3535,713,16,4.0,2024-11-21,Positive,Top-tier storytelling.,24
3536,400,12,3.0,2025-04-10,Neutral,Some good moments.,14
3537,205,19,4.0,2025-04-30,Positive,Will watch again.,73
3538,323,4,3.0,2025-04-29,Neutral,Had its highs and lows.,3
3539,773,19,4.5,2025-04-27,Positive,One of the best this year.,79
3540,772,19,5.0,2025-04-17,Positive,Absolutely loved it!,112
3541,391,9,5.0,2025-04-25,Positive,Will watch again.,11
3542,682,9,3.5,2025-04-13,Neutral,Nothing special but enjoyable.,0
3543,57,7,2.5,2025-01-08,Neutral,Average for its genre.,38
3544,303,9,4.5,2025-04-20,Positive,Exceeded my expectations.,34
3545,659,10,4.5,2025-02-04,Positive,A visual masterpiece.,13
3546,910,19,5.0,2025-04-14,Positive,Great performances all around.,107
3547,1194,12,4.5,2025-03-20,Positive,Great performances all around.,114
3548,889,12,4.0,2025-02-28,Positive,Will watch again.,108
3549,413,22,3.5,2025-02-08,Neutral,Nothing special but enjoyable.,27
3550,919,5,3.5,2024-10-31,Neutral,Average for its genre.,102
3551,384,23,2.5,2025-03-14,Neutral,Nothing special but enjoyable.,107
3552,806,15,4.0,2025-03-18,Positive,Highly recommend.,13
3553,20,23,3.0,2025-02-18,Neutral,Average for its genre.,60
3554,1113,25,3.5,2024-10-29,Neutral,Average for its genre.,94
3555,1183,1,3.5,2025-03-05,Neutral,Average for its genre.,95
3556,318,19,4.0,2025-04-24,Positive,Highly recommend.,96
3557,700,7,2.5,2024-12-28,Neutral,Had its highs and lows.,11
3558,515,25,5.0,2024-11-30,Positive,One of the best this year.,85
3559,602,24,3.5,2025-01-06,Neutral,Some good moments.,98
3560,208,2,4.0,2024-10-13,Positive,Gripping from start to finish.,18
3561,1153,11,4.0,2025-04-19,Positive,A visual masterpiece.,4
3562,774,3,5.0,2025-04-06,Positive,One of the best this year.,64
3563,1139,4,3.5,2025-04-24,Neutral,Nothing special but enjoyable.,67
3564,648,4,4.0,2025-02-20,Positive,One of the best this year.,66
3565,85,13,5.0,2025-04-30,Positive,One of the best this year.,49
3566,816,22,4.0,2025-04-24,Positive,One of the best this year.,62
3567,432,16,3.0,2024-12-06,Neutral,Nothing special but enjoyable.,39
3568,197,10,3.0,2024-12-12,Neutral,Had its highs and lows.,46
3569,793,18,4.0,2024-11-16,Positive,Exceeded my expectations.,14
3570,175,25,4.5,2024-12-31,Positive,One of the best this year.,92
3571,19,24,4.5,2025-03-23,Positive,Will watch again.,87
3572,289,25,3.5,2025-01-29,Neutral,Decent watch.,15
3573,819,1,5.0,2025-03-24,Positive,A visual masterpiece.,118
3574,1009,13,5.0,2025-03-30,Positive,Absolutely loved it!,107
3575,460,11,4.0,2025-04-14,Positive,Absolutely loved it!,77
3576,667,5,4.0,2025-02-26,Positive,Top-tier storytelling.,71
3577,1044,23,3.5,2025-03-06,Neutral,Nothing special but enjoyable.,13
3578,687,7,2.5,2025-01-24,Neutral,Average for its genre.,44
3579,799,1,5.0,2025-02-12,Positive,One of the best this year.,103
3580,323,17,4.0,2025-03-07,Positive,Absolutely loved it!,100
3581,1088,14,4.0,2024-09-14,Positive,Gripping from start to finish.,37
3582,321,23,3.0,2025-03-12,Neutral,Some good moments.,32
3583,599,1,5.0,2025-02-14,Positive,Great performances all around.,35
3584,582,9,5.0,2025-04-18,Positive,Highly recommend.,17
3585,506,1,4.0,2025-03-13,Positive,Absolutely loved it!,60
3586,601,11,4.0,2025-04-14,Positive,Great performances all around.,114
3587,438,3,2.5,2024-12-31,Neutral,Nothing special but enjoyable.,61
3588,514,13,3.5,2025-04-18,Neutral,Average for its genre.,114
3589,268,5,3.0,2025-01-13,Neutral,Nothing special but enjoyable.,76
3590,875,5,4.5,2025-02-18,Positive,Highly recommend.,63
3591,167,23,4.0,2025-03-08,Positive,Gripping from start to finish.,20
3592,51,13,4.5,2025-04-12,Positive,Top-tier storytelling.,1
3593,351,22,3.5,2025-02-07,Neutral,Nothing special but enjoyable.,8
3594,160,22,4.5,2024-11-22,Positive,A visual masterpiece.,79
3595,34,1,4.5,2025-02-22,Positive,Will watch again.,6
3596,357,13,4.5,2025-03-18,Positive,One of the best this year.,83
3597,127,4,3.5,2025-03-21,Neutral,Had its highs and lows.,76
3598,51,9,4.0,2025-04-29,Positive,Great performances all around.,65
3599,704,3,4.5,2024-12-09,Positive,Absolutely loved it!,0
3600,685,23,3.0,2025-04-27,Neutral,Nothing special but enjoyable.,7
3601,25,19,4.0,2025-04-29,Positive,Gripping from start to finish.,11
3602,102,15,3.5,2025-04-03,Neutral,Some good moments.,64
3603,657,2,5.0,2025-04-19,Positive,Absolutely loved it!,45
3604,406,10,3.0,2025-02-24,Neutral,Decent watch.,25
3605,144,5,4.5,2025-02-16,Positive,Will watch again.,116
3606,308,18,3.5,2025-01-18,Neutral,Nothing special but enjoyable.,13
3607,754,14,3.5,2024-06-08,Neutral,Had its highs and lows.,33
3608,44,16,4.5,2024-11-09,Positive,Top-tier storytelling.,68
3609,259,3,3.5,2025-02-19,Neutral,Worth a one-time watch.,95
3610,1108,1,4.5,2025-03-02,Positive,Exceeded my expectations.,11
3611,1109,19,4.5,2025-04-30,Positive,Exceeded my expectations.,103
3612,163,15,3.5,2025-03-10,Neutral,Had its highs and lows.,73
3613,235,21,3.0,2025-05-02,Neutral,Nothing special but enjoyable.,64
3614,238,1,3.5,2025-01-27,Neutral,Average for its genre.,67
3615,46,13,4.5,2025-04-05,Positive,Exceeded my expectations.,120
3616,266,22,3.5,2024-12-22,Neutral,Nothing special but enjoyable.,5
3617,525,10,3.5,2024-09-15,Neutral,Nothing special but enjoyable.,95
3618,28,11,4.0,2025-03-15,Positive,Exceeded my expectations.,4
3619,1154,11,3.5,2025-02-11,Neutral,Some good moments.,74
3620,1140,19,4.5,2025-04-14,Positive,Gripping from start to finish.,16
3621,536,23,3.5,2025-04-07,Neutral,Nothing special but enjoyable.,55
3622,423,1,4.5,2025-03-11,Positive,Top-tier storytelling.,6
3623,531,11,3.5,2025-02-16,Neutral,Worth a one-time watch.,107
3624,759,1,5.0,2025-04-18,Positive,Top-tier storytelling.,69
3625,1145,13,4.5,2025-04-16,Positive,One of the best this year.,119
3626,229,2,4.0,2025-03-07,Positive,Absolutely loved it!,78
3627,1026,21,3.5,2025-04-28,Neutral,Decent watch.,57
3628,208,11,4.0,2025-04-10,Positive,Gripping from start to finish.,0
3629,904,1,5.0,2025-02-25,Positive,Great performances all around.,96
3630,878,9,4.0,2025-04-22,Positive,Top-tier storytelling.,14
3631,7,2,4.5,2025-01-30,Positive,Absolutely loved it!,47
3632,864,3,4.5,2024-12-10,Positive,Gripping from start to finish.,44
3633,758,18,4.5,2024-10-24,Positive,Will watch again.,20
3634,765,4,4.0,2025-02-17,Positive,Top-tier storytelling.,110
3635,23,2,4.0,2024-11-05,Positive,Will watch again.,34
3636,1061,11,4.0,2025-03-01,Positive,Will watch again.,97
3637,286,4,4.0,2025-02-24,Positive,Gripping from start to finish.,75
3638,360,11,3.0,2025-02-13,Neutral,Had its highs and lows.,93
3639,1142,5,4.0,2025-02-26,Positive,Gripping from start to finish.,7
3640,1165,2,4.0,2024-08-30,Positive,Top-tier storytelling.,2
3641,554,1,4.5,2025-01-19,Positive,Absolutely loved it!,33
3642,369,9,5.0,2025-04-19,Positive,Great performances all around.,100
3643,365,13,4.5,2025-04-27,Positive,Will watch again.,46
3644,560,9,4.5,2025-04-28,Positive,Top-tier storytelling.,108
3645,848,10,5.0,2024-08-31,Positive,Top-tier storytelling.,95
3646,1199,24,3.5,2025-02-21,Neutral,Decent watch.,101
3647,501,25,4.5,2025-04-19,Positive,Will watch again.,30
3648,371,6,3.5,2025-03-25,Neutral,Had its highs and lows.,15
3649,422,16,3.0,2025-03-03,Neutral,Average for its genre.,68
3650,991,11,5.0,2025-01-31,Positive,Exceeded my expectations.,114
3651,984,3,4.0,2025-02-25,Positive,Exceeded my expectations.,52
3652,942,22,4.0,2024-12-25,Positive,Gripping from start to finish.,65
3653,919,15,3.0,2025-04-15,Neutral,Worth a one-time watch.,106
3654,1004,19,4.0,2025-04-15,Positive,One of the best this year.,77
3655,256,11,4.5,2025-04-29,Positive,Highly recommend.,1
3656,456,16,3.5,2025-03-10,Neutral,Some good moments.,75
3657,214,5,3.5,2024-10-29,Neutral,Had its highs and lows.,40
3658,117,18,4.0,2025-01-29,Positive,Top-tier storytelling.,78
3659,150,1,5.0,2025-04-10,Positive,Top-tier storytelling.,24
3660,1176,22,3.0,2025-03-31,Neutral,Had its highs and lows.,61
3661,476,7,2.0,2025-01-01,Negative,Felt like a cash grab.,115
3662,566,1,4.5,2025-03-23,Positive,Top-tier storytelling.,2
3663,906,15,4.0,2025-04-06,Positive,Great performances all around.,18
3664,814,1,2.5,2025-03-18,Neutral,Decent watch.,4
3665,4,16,3.5,2024-11-15,Neutral,Worth a one-time watch.,34
3666,315,1,5.0,2025-01-28,Positive,Highly recommend.,58
3667,1080,10,4.5,2024-11-03,Positive,Gripping from start to finish.,28
3668,1025,13,4.0,2025-04-08,Positive,Absolutely loved it!,104
3669,251,21,4.0,2025-04-15,Positive,Absolutely loved it!,103
3670,30,19,5.0,2025-04-18,Positive,Top-tier storytelling.,120
3671,1081,2,4.0,2024-09-06,Positive,Exceeded my expectations.,107
3672,494,21,3.5,2025-04-22,Neutral,Decent watch.,84
3673,78,15,3.5,2025-04-21,Neutral,Had its highs and lows.,103
3674,601,4,4.0,2025-03-02,Positive,One of the best this year.,29
3675,153,19,3.5,2025-05-01,Neutral,Had its highs and lows.,49
3676,531,13,4.5,2025-03-28,Positive,Will watch again.,58
3677,306,13,3.5,2025-04-01,Neutral,Decent watch.,45
3678,939,4,3.5,2025-04-11,Neutral,Decent watch.,83
3679,82,8,2.0,2025-03-08,Negative,The plot made no sense.,39
3680,1163,21,4.5,2025-03-30,Positive,A visual masterpiece.,120
3681,690,22,3.5,2025-04-27,Neutral,Average for its genre.,43
3682,275,11,4.5,2025-03-14,Positive,Gripping from start to finish.,36
3683,843,19,4.0,2025-04-14,Positive,Great performances all around.,71
3684,56,9,4.0,2025-04-26,Positive,Highly recommend.,119
3685,729,5,3.5,2025-02-12,Neutral,Some good moments.,113
3686,940,21,4.0,2025-03-28,Positive,Absolutely loved it!,36
3687,486,15,4.0,2025-05-02,Positive,Exceeded my expectations.,106
3688,364,9,5.0,2025-04-27,Positive,Exceeded my expectations.,50
3689,314,9,4.0,2025-04-16,Positive,Absolutely loved it!,104
3690,959,8,3.0,2025-03-28,Neutral,Had its highs and lows.,116
3691,704,17,4.0,2025-02-13,Positive,Top-tier storytelling.,80
3692,262,10,5.0,2024-12-01,Positive,A visual masterpiece.,22
3693,1124,12,4.0,2024-11-02,Positive,One of the best this year.,77
3694,760,2,5.0,2024-10-25,Positive,One of the best this year.,49
3695,309,14,3.5,2025-03-07,Neutral,Decent watch.,35
3696,563,25,3.0,2024-08-28,Neutral,Nothing special but enjoyable.,9
3697,511,14,3.5,2025-02-09,Neutral,Some good moments.,73
3698,681,22,5.0,2025-03-09,Positive,One of the best this year.,36
3699,386,25,4.5,2024-07-21,Positive,Will watch again.,56
3700,929,13,3.0,2025-04-07,Neutral,Decent watch.,9
3701,1114,9,5.0,2025-05-02,Positive,Great performances all around.,23
3702,175,5,3.5,2025-04-22,Neutral,Some good moments.,79
3703,453,9,4.0,2025-04-12,Positive,Exceeded my expectations.,46
3704,1035,2,3.5,2025-02-23,Neutral,Had its highs and lows.,26
3705,968,13,5.0,2025-04-24,Positive,Top-tier storytelling.,45
3706,434,13,3.5,2025-03-24,Neutral,Worth a one-time watch.,18
3707,976,21,5.0,2025-03-30,Positive,Highly recommend.,117
3708,371,2,4.5,2025-02-24,Positive,Great performances all around.,51
3709,707,22,4.0,2024-11-24,Positive,Absolutely loved it!,63
3710,25,1,4.5,2025-01-24,Positive,Top-tier storytelling.,93
3711,627,18,5.0,2024-10-09,Positive,Will watch again.,9
3712,771,5,5.0,2024-10-31,Positive,Absolutely loved it!,56
3713,439,4,4.5,2025-03-26,Positive,Will watch again.,39
3714,374,7,1.5,2025-01-13,Negative,Slow and boring.,95
3715,573,1,4.0,2025-02-03,Positive,Top-tier storytelling.,85
3716,952,1,3.5,2025-01-15,Neutral,Average for its genre.,100
3717,923,24,3.0,2025-04-09,Neutral,Worth a one-time watch.,91
3718,1177,19,4.0,2025-04-15,Positive,Will watch again.,58
3719,512,23,5.0,2025-03-30,Positive,Gripping from start to finish.,48
3720,91,22,3.5,2025-03-06,Neutral,Had its highs and lows.,120
3721,1192,13,3.5,2025-03-31,Neutral,Average for its genre.,24
3722,555,12,5.0,2025-03-22,Positive,Absolutely loved it!,6
3723,791,1,4.5,2025-01-19,Positive,Will watch again.,5
3724,1035,22,3.5,2024-11-11,Neutral,Decent watch.,59
3725,896,9,5.0,2025-04-19,Positive,Highly recommend.,34
3726,100,4,4.5,2025-04-29,Positive,Will watch again.,63
3727,411,1,4.5,2025-01-25,Positive,One of the best this year.,26
3728,383,15,4.0,2025-03-13,Positive,Will watch again.,118
3729,1191,19,4.5,2025-04-30,Positive,Great performances all around.,108
3730,426,21,5.0,2025-03-26,Positive,Top-tier storytelling.,112
3731,971,19,4.5,2025-04-19,Positive,Exceeded my expectations.,61
3732,61,20,1.0,2024-10-01,Negative,Would not recommend.,64
3733,842,5,4.5,2024-11-14,Positive,Gripping from start to finish.,99
3734,981,5,3.5,2025-02-18,Neutral,Nothing special but enjoyable.,50
3735,457,1,4.5,2025-02-20,Positive,Exceeded my expectations.,117
3736,96,3,5.0,2025-01-01,Positive,Exceeded my expectations.,65
3737,798,23,2.5,2025-02-28,Neutral,Worth a one-time watch.,62
3738,758,9,5.0,2025-04-09,Positive,Absolutely loved it!,38
3739,158,3,5.0,2025-03-02,Positive,Absolutely loved it!,52
3740,481,9,4.0,2025-04-13,Positive,Gripping from start to finish.,22
3741,797,17,3.5,2025-01-23,Neutral,Had its highs and lows.,12
3742,268,21,4.0,2025-04-11,Positive,One of the best this year.,78
3743,340,4,3.5,2025-03-05,Neutral,Had its highs and lows.,58
3744,760,15,4.0,2025-04-11,Positive,A visual masterpiece.,72
3745,706,23,3.5,2025-04-12,Neutral,Worth a one-time watch.,111
3746,906,9,4.0,2025-04-21,Positive,Gripping from start to finish.,104
3747,311,11,4.0,2025-02-20,Positive,One of the best this year.,95
3748,742,12,3.5,2024-12-28,Neutral,Average for its genre.,3
3749,762,1,5.0,2025-02-05,Positive,A visual masterpiece.,8
3750,803,1,5.0,2025-04-16,Positive,Exceeded my expectations.,28
3751,882,22,2.5,2025-03-15,Neutral,Worth a one-time watch.,26
3752,167,1,4.0,2025-01-23,Positive,Exceeded my expectations.,26
3753,344,13,3.5,2025-03-29,Neutral,Worth a one-time watch.,75
3754,1171,16,3.5,2025-02-16,Neutral,Had its highs and lows.,96
3755,896,25,3.5,2024-08-24,Neutral,Nothing special but enjoyable.,96
3756,1138,13,3.5,2025-03-31,Neutral,Nothing special but enjoyable.,13
3757,261,6,2.5,2025-04-26,Neutral,Average for its genre.,11
3758,208,22,4.0,2024-12-22,Positive,Exceeded my expectations.,64
3759,75,9,4.5,2025-04-26,Positive,Absolutely loved it!,30
3760,401,14,4.0,2025-02-18,Positive,Gripping from start to finish.,70
3761,239,20,2.0,2024-10-05,Negative,The plot made no sense.,82
3762,461,16,3.0,2025-04-14,Neutral,Average for its genre.,43
3763,781,19,4.0,2025-05-01,Positive,A visual masterpiece.,15
3764,1112,2,4.5,2025-04-15,Positive,Highly recommend.,101
3765,1156,14,4.0,2025-02-09,Positive,Highly recommend.,38
3766,129,23,4.5,2025-03-19,Positive,Highly recommend.,9
3767,283,22,3.5,2025-02-16,Neutral,Had its highs and lows.,34
3768,243,18,4.0,2024-10-10,Positive,Top-tier storytelling.,81
3769,424,17,5.0,2025-04-13,Positive,One of the best this year.,85
3770,992,13,4.5,2025-04-29,Positive,Great performances all around.,116
3771,1195,5,3.0,2025-03-20,Neutral,Worth a one-time watch.,63
3772,860,7,2.5,2025-01-22,Neutral,Worth a one-time watch.,67
3773,191,19,3.5,2025-04-16,Neutral,Average for its genre.,89
3774,195,4,4.0,2025-04-19,Positive,Absolutely loved it!,108
3775,657,18,4.0,2024-10-01,Positive,Gripping from start to finish.,72
3776,1079,18,4.0,2024-11-14,Positive,Highly recommend.,4
3777,94,3,3.5,2025-04-15,Neutral,Average for its genre.,67
3778,1185,14,4.5,2024-06-25,Positive,Great performances all around.,43
3779,919,1,5.0,2025-01-22,Positive,Exceeded my expectations.,48
3780,44,12,4.5,2024-10-18,Positive,Great performances all around.,3
3781,967,17,4.5,2025-03-15,Positive,Great performances all around.,63
3782,266,11,3.5,2025-03-29,Neutral,Had its highs and lows.,63
3783,264,12,3.5,2025-04-21,Neutral,Had its highs and lows.,83
3784,316,22,3.5,2025-01-13,Neutral,Worth a one-time watch.,101
3785,536,10,3.5,2025-01-21,Neutral,Average for its genre.,85
3786,782,4,3.0,2025-04-24,Neutral,Average for its genre.,29
3787,216,12,4.5,2024-10-20,Positive,One of the best this year.,1
3788,417,24,4.0,2025-03-13,Positive,A visual masterpiece.,114
3789,789,22,5.0,2025-01-06,Positive,Great performances all around.,56
3790,1165,3,4.0,2025-01-24,Positive,A visual masterpiece.,103
3791,6,2,4.0,2025-02-23,Positive,Will watch again.,67
3792,397,7,3.0,2025-01-19,Neutral,Average for its genre.,93
3793,387,14,3.5,2025-04-15,Neutral,Decent watch.,75
3794,713,1,4.0,2025-03-04,Positive,Great performances all around.,56
3795,624,19,4.0,2025-05-01,Positive,Exceeded my expectations.,12
3796,546,13,5.0,2025-05-03,Positive,Highly recommend.,88
3797,133,19,4.5,2025-05-02,Positive,One of the best this year.,19
3798,843,13,3.5,2025-04-24,Neutral,Average for its genre.,4
3799,70,19,3.5,2025-04-21,Neutral,Average for its genre.,106
3800,383,23,3.5,2025-02-22,Neutral,Had its highs and lows.,48
3801,1000,4,3.5,2025-04-26,Neutral,Had its highs and lows.,114
3802,461,4,4.5,2025-03-27,Positive,Absolutely loved it!,8
3803,150,22,3.5,2025-04-28,Neutral,Average for its genre.,50
3804,463,24,3.0,2025-05-03,Neutral,Some good moments.,56
3805,391,21,3.5,2025-04-02,Neutral,Had its highs and lows.,18
3806,1117,14,4.0,2024-08-03,Positive,Gripping from start to finish.,117
3807,447,13,5.0,2025-03-20,Positive,Exceeded my expectations.,91
3808,813,3,5.0,2025-04-08,Positive,Gripping from start to finish.,50
3809,334,18,4.0,2024-11-15,Positive,Exceeded my expectations.,67
3810,1131,22,4.5,2025-02-21,Positive,Gripping from start to finish.,100
3811,1008,14,4.0,2024-07-30,Positive,Highly recommend.,80
3812,53,16,3.5,2025-04-14,Neutral,Had its highs and lows.,55
3813,142,9,4.5,2025-04-12,Positive,Highly recommend.,91
3814,449,5,3.5,2024-12-27,Neutral,Some good moments.,49
3815,1168,21,3.5,2025-04-22,Neutral,Average for its genre.,87
3816,941,13,4.5,2025-04-02,Positive,Exceeded my expectations.,62
3817,1136,19,3.5,2025-04-19,Neutral,Worth a one-time watch.,114
3818,771,15,3.5,2025-03-15,Neutral,Nothing special but enjoyable.,8
3819,470,5,3.0,2025-03-08,Neutral,Average for its genre.,47
3820,202,25,3.0,2024-12-27,Neutral,Average for its genre.,10
3821,21,1,4.5,2025-03-10,Positive,Absolutely loved it!,13
3822,332,13,4.5,2025-04-09,Positive,Exceeded my expectations.,1
3823,939,1,5.0,2025-01-25,Positive,Highly recommend.,108
3824,720,21,3.5,2025-04-12,Neutral,Some good moments.,85
3825,770,13,3.0,2025-04-11,Neutral,Average for its genre.,4
3826,967,19,5.0,2025-04-19,Positive,Gripping from start to finish.,83
3827,693,18,4.5,2025-01-27,Positive,Gripping from start to finish.,76
3828,450,17,3.5,2025-02-05,Neutral,Nothing special but enjoyable.,78
3829,223,1,5.0,2025-03-18,Positive,Highly recommend.,75
3830,1073,8,3.0,2025-03-22,Neutral,Some good moments.,74
3831,34,3,5.0,2024-12-24,Positive,Top-tier storytelling.,53
3832,1146,23,4.0,2025-02-23,Positive,Highly recommend.,55
3833,1143,24,4.5,2025-04-07,Positive,Gripping from start to finish.,9
3834,657,11,5.0,2025-02-19,Positive,Exceeded my expectations.,15
3835,77,5,3.5,2024-11-01,Neutral,Decent watch.,97
3836,510,21,4.0,2025-04-25,Positive,Highly recommend.,109
3837,580,2,4.0,2025-01-26,Positive,Will watch again.,69
3838,180,23,4.0,2025-02-13,Positive,A visual masterpiece.,43
3839,542,23,4.0,2025-04-16,Positive,Top-tier storytelling.,14
3840,380,17,5.0,2025-04-29,Positive,Exceeded my expectations.,48
3841,126,25,2.5,2025-01-31,Neutral,Decent watch.,60
3842,95,22,4.5,2025-03-17,Positive,Exceeded my expectations.,33
3843,1171,13,4.5,2025-04-28,Positive,Will watch again.,6
3844,860,11,3.5,2025-04-01,Neutral,Some good moments.,99
3845,728,14,4.0,2024-09-06,Positive,Highly recommend.,54
3846,330,6,2.0,2025-03-04,Negative,Would not recommend.,4
3847,195,1,4.5,2025-01-30,Positive,One of the best this year.,110
3848,102,23,4.5,2025-04-28,Positive,One of the best this year.,115
3849,655,3,4.5,2025-01-19,Positive,Absolutely loved it!,113
3850,124,24,3.5,2025-04-04,Neutral,Nothing special but enjoyable.,6
3851,382,1,5.0,2025-01-24,Positive,Will watch again.,114
3852,822,5,3.5,2025-02-20,Neutral,Had its highs and lows.,15
3853,43,10,3.5,2024-09-04,Neutral,Worth a one-time watch.,7
3854,990,11,4.5,2025-03-07,Positive,Highly recommend.,120
3855,422,5,4.0,2025-02-14,Positive,Will watch again.,65
3856,437,4,4.0,2025-04-09,Positive,Great performances all around.,103
3857,375,22,3.5,2024-12-26,Neutral,Decent watch.,99
3858,308,14,3.0,2024-10-19,Neutral,Nothing special but enjoyable.,103
3859,568,13,3.5,2025-03-29,Neutral,Nothing special but enjoyable.,98
3860,241,12,2.5,2024-10-28,Neutral,Average for its genre.,52
3861,277,22,5.0,2025-01-14,Positive,Great performances all around.,16
3862,1105,25,3.5,2025-01-15,Neutral,Average for its genre.,5
3863,358,9,4.5,2025-04-30,Positive,Will watch again.,5
3864,361,4,3.5,2025-04-20,Neutral,Nothing special but enjoyable.,86
3865,185,21,3.0,2025-04-21,Neutral,Decent watch.,75
3866,1107,3,4.5,2024-11-25,Positive,Exceeded my expectations.,55
3867,1117,13,4.0,2025-04-29,Positive,Absolutely loved it!,105
3868,356,12,3.5,2025-02-11,Neutral,Average for its genre.,18
3869,55,23,3.5,2025-03-23,Neutral,Worth a one-time watch.,33
3870,496,19,5.0,2025-04-20,Positive,Exceeded my expectations.,8
3871,949,1,4.5,2025-02-13,Positive,Gripping from start to finish.,109
3872,917,5,4.0,2025-03-24,Positive,Top-tier storytelling.,55
3873,193,6,2.5,2025-03-26,Neutral,Decent watch.,96
3874,189,18,3.5,2025-04-27,Neutral,Had its highs and lows.,38
3875,792,22,4.0,2025-02-26,Positive,Absolutely loved it!,98
3876,15,2,4.5,2024-11-12,Positive,Will watch again.,112
3877,158,15,5.0,2025-04-04,Positive,A visual masterpiece.,60
3878,19,21,4.0,2025-04-22,Positive,Exceeded my expectations.,117
3879,565,1,4.5,2025-02-19,Positive,Top-tier storytelling.,65
3880,463,25,3.5,2024-12-13,Neutral,Decent watch.,52
3881,124,21,4.5,2025-04-21,Positive,Top-tier storytelling.,115
3882,655,16,4.0,2025-03-27,Positive,Exceeded my expectations.,90
3883,46,25,3.5,2024-12-07,Neutral,Nothing special but enjoyable.,46
3884,1050,23,3.5,2025-03-07,Neutral,Average for its genre.,7
3885,788,10,3.0,2024-10-30,Neutral,Some good moments.,48
3886,327,21,4.5,2025-04-09,Positive,Will watch again.,85
3887,166,5,4.0,2025-02-27,Positive,Gripping from start to finish.,19
3888,702,1,4.5,2025-04-22,Positive,Top-tier storytelling.,45
3889,79,1,4.0,2025-04-09,Positive,Gripping from start to finish.,58
3890,1027,8,2.5,2025-03-08,Neutral,Average for its genre.,12
3891,861,12,3.5,2025-04-24,Neutral,Decent watch.,7
3892,964,19,3.0,2025-04-12,Neutral,Some good moments.,60
3893,497,12,3.0,2025-04-12,Neutral,Average for its genre.,55
3894,689,24,3.0,2025-02-14,Neutral,Had its highs and lows.,34
3895,1188,2,5.0,2024-09-11,Positive,Gripping from start to finish.,33
3896,581,19,4.5,2025-04-19,Positive,Absolutely loved it!,87
3897,666,4,3.5,2025-03-28,Neutral,Worth a one-time watch.,1
3898,1048,17,4.0,2025-02-10,Positive,Top-tier storytelling.,17
3899,474,24,4.0,2025-01-31,Positive,Gripping from start to finish.,103
3900,473,9,4.5,2025-04-09,Positive,Highly recommend.,117
3901,242,15,4.5,2025-04-05,Positive,One of the best this year.,95
3902,14,25,3.5,2025-03-28,Neutral,Had its highs and lows.,51
3903,435,15,4.0,2025-03-24,Positive,Great performances all around.,119
3904,810,3,4.0,2025-01-12,Positive,Highly recommend.,96
3905,532,4,3.5,2025-04-26,Neutral,Some good moments.,100
3906,302,23,3.5,2025-03-07,Neutral,Some good moments.,113
3907,282,23,4.5,2025-04-19,Positive,Gripping from start to finish.,111
3908,953,9,4.0,2025-05-01,Positive,One of the best this year.,39
3909,520,1,4.5,2025-02-04,Positive,Top-tier storytelling.,115
3910,270,4,4.0,2025-04-26,Positive,Top-tier storytelling.,92
3911,807,6,3.0,2025-04-20,Neutral,Decent watch.,47
3912,843,22,3.5,2025-01-15,Neutral,Decent watch.,49
3913,815,7,3.5,2025-02-01,Neutral,Worth a one-time watch.,108
3914,397,14,3.5,2024-08-27,Neutral,Decent watch.,18
3915,522,13,4.5,2025-04-05,Positive,Top-tier storytelling.,18
3916,118,1,4.0,2025-01-27,Positive,Gripping from start to finish.,0
3917,309,12,3.0,2025-03-31,Neutral,Some good moments.,71
3918,1035,14,3.5,2024-07-09,Neutral,Worth a one-time watch.,115
3919,464,24,4.5,2025-04-17,Positive,Top-tier storytelling.,66
3920,910,16,4.5,2025-04-20,Positive,Highly recommend.,90
3921,151,9,5.0,2025-04-15,Positive,Absolutely loved it!,21
3922,1073,25,3.5,2024-09-03,Neutral,Average for its genre.,19
3923,139,25,3.0,2025-03-28,Neutral,Had its highs and lows.,20
3924,916,18,3.0,2024-12-22,Neutral,Decent watch.,63
3925,1026,2,3.5,2024-09-15,Neutral,Nothing special but enjoyable.,34
3926,171,23,4.5,2025-04-14,Positive,One of the best this year.,117
3927,286,1,4.5,2025-01-25,Positive,Exceeded my expectations.,52
3928,147,22,4.0,2024-12-07,Positive,Will watch again.,29
3929,690,12,3.0,2024-10-22,Neutral,Had its highs and lows.,79
3930,689,18,3.5,2024-10-06,Neutral,Nothing special but enjoyable.,115
3931,1023,16,4.0,2024-12-01,Positive,A visual masterpiece.,20
3932,1115,3,4.5,2024-12-16,Positive,Highly recommend.,36
3933,880,12,3.0,2025-03-07,Neutral,Some good moments.,7
3934,730,15,3.5,2025-04-26,Neutral,Had its highs and lows.,52
3935,1054,20,2.5,2024-10-03,Neutral,Nothing special but enjoyable.,38
3936,626,9,4.0,2025-04-28,Positive,One of the best this year.,79
3937,186,22,3.5,2024-12-12,Neutral,Worth a one-time watch.,106
3938,3,12,4.5,2024-11-17,Positive,One of the best this year.,25
3939,1190,5,5.0,2025-03-11,Positive,Highly recommend.,109
3940,105,24,4.0,2025-01-25,Positive,Absolutely loved it!,83
3941,292,22,3.5,2025-01-09,Neutral,Some good moments.,74
3942,812,12,3.0,2025-01-22,Neutral,Decent watch.,76
3943,67,9,5.0,2025-04-25,Positive,Will watch again.,1
3944,377,1,5.0,2025-01-23,Positive,Gripping from start to finish.,3
3945,388,12,3.5,2025-02-25,Neutral,Average for its genre.,7
3946,443,24,2.0,2025-05-02,Negative,Poor writing overall.,47
3947,481,7,2.5,2024-12-15,Neutral,Had its highs and lows.,66
3948,334,14,3.0,2024-08-21,Neutral,Worth a one-time watch.,57
3949,1090,12,3.0,2025-05-01,Neutral,Decent watch.,6
3950,583,11,3.5,2025-04-27,Neutral,Decent watch.,115
3951,96,1,4.5,2025-04-21,Positive,Great performances all around.,79
3952,1115,1,4.5,2025-02-17,Positive,Highly recommend.,37
3953,288,1,4.5,2025-01-18,Positive,Exceeded my expectations.,73
3954,793,21,5.0,2025-04-25,Positive,A visual masterpiece.,67
3955,91,2,4.0,2024-12-08,Positive,Will watch again.,16
3956,805,1,4.5,2025-03-22,Positive,Top-tier storytelling.,100
3957,123,3,4.0,2025-04-10,Positive,One of the best this year.,25
3958,916,10,3.5,2025-01-20,Neutral,Decent watch.,70
3959,553,11,4.0,2025-02-28,Positive,Absolutely loved it!,83
3960,739,4,3.0,2025-04-30,Neutral,Nothing special but enjoyable.,105
3961,940,16,4.0,2024-11-25,Positive,Exceeded my expectations.,64
3962,21,15,4.0,2025-03-27,Positive,One of the best this year.,19
3963,172,1,4.0,2025-02-22,Positive,Absolutely loved it!,77
3964,481,2,4.0,2025-03-08,Positive,Absolutely loved it!,37
3965,668,4,2.5,2025-04-29,Neutral,Some good moments.,2
3966,402,24,3.5,2024-12-21,Neutral,Worth a one-time watch.,93
3967,354,6,2.5,2025-03-14,Neutral,Nothing special but enjoyable.,104
3968,592,25,4.0,2024-07-12,Positive,Exceeded my expectations.,88
3969,715,3,4.0,2025-03-25,Positive,One of the best this year.,111
3970,1170,16,3.0,2025-03-07,Neutral,Had its highs and lows.,17
3971,1141,9,4.5,2025-04-28,Positive,Will watch again.,108
3972,283,23,4.5,2025-04-21,Positive,Will watch again.,77
3973,119,3,4.5,2025-04-19,Positive,Exceeded my expectations.,23
3974,986,8,2.5,2025-03-25,Neutral,Worth a one-time watch.,42
3975,779,23,3.5,2025-02-14,Neutral,Some good moments.,80
3976,1094,22,3.5,2025-03-24,Neutral,Average for its genre.,35
3977,802,13,3.5,2025-03-21,Neutral,Had its highs and lows.,109
3978,687,9,3.0,2025-04-28,Neutral,Average for its genre.,102
3979,964,6,3.0,2025-03-28,Neutral,Decent watch.,54
3980,264,4,5.0,2025-04-11,Positive,Top-tier storytelling.,36
3981,70,2,3.0,2025-02-08,Neutral,Average for its genre.,82
3982,463,7,2.5,2025-02-04,Neutral,Nothing special but enjoyable.,3
3983,1077,15,5.0,2025-03-16,Positive,Great performances all around.,22
3984,1135,15,3.5,2025-03-05,Neutral,Worth a one-time watch.,54
3985,192,3,4.5,2025-04-30,Positive,A visual masterpiece.,73
3986,444,15,4.0,2025-03-28,Positive,Great performances all around.,94
3987,770,15,4.5,2025-03-08,Positive,Highly recommend.,10
3988,171,9,5.0,2025-04-05,Positive,Top-tier storytelling.,6
3989,469,6,3.5,2025-04-15,Neutral,Worth a one-time watch.,100
3990,136,4,3.5,2025-04-08,Neutral,Nothing special but enjoyable.,24
3991,990,19,4.0,2025-04-20,Positive,One of the best this year.,2
3992,313,11,4.5,2025-04-13,Positive,One of the best this year.,56
3993,1142,7,3.0,2024-12-26,Neutral,Had its highs and lows.,60
3994,75,17,5.0,2025-03-24,Positive,Top-tier storytelling.,65
3995,424,10,3.5,2024-09-01,Neutral,Worth a one-time watch.,27
3996,975,12,4.5,2024-11-05,Positive,One of the best this year.,73
3997,1136,1,5.0,2025-02-02,Positive,One of the best this year.,98
3998,1004,13,4.5,2025-03-29,Positive,A visual masterpiece.,98
3999,693,2,3.5,2024-10-23,Neutral,Some good moments.,6
4000,575,22,2.5,2025-01-29,Neutral,Nothing special but enjoyable.,58
4001,246,18,3.0,2025-02-20,Neutral,Had its highs and lows.,113
4002,1032,4,5.0,2025-03-24,Positive,Absolutely loved it!,3
4003,259,21,4.0,2025-04-20,Positive,Great performances all around.,57
4004,877,23,4.0,2025-02-15,Positive,A visual masterpiece.,14
4005,469,24,4.0,2025-01-03,Positive,Will watch again.,30
4006,1025,6,3.0,2025-03-17,Neutral,Had its highs and lows.,42
4007,599,17,4.0,2025-03-14,Positive,Exceeded my expectations.,114
4008,194,9,4.0,2025-04-26,Positive,Absolutely loved it!,45
4009,1187,13,4.5,2025-04-06,Positive,Highly recommend.,48
4010,125,11,4.5,2025-04-21,Positive,A visual masterpiece.,73
4011,311,1,5.0,2025-01-20,Positive,One of the best this year.,98
4012,302,14,3.5,2024-06-24,Neutral,Average for its genre.,72
4013,736,11,4.0,2025-04-10,Positive,Will watch again.,83
4014,205,7,2.5,2024-12-14,Neutral,Had its highs and lows.,20
4015,628,9,4.5,2025-04-30,Positive,Gripping from start to finish.,107
4016,1004,9,4.0,2025-04-13,Positive,Highly recommend.,6
4017,737,24,4.0,2025-02-24,Positive,Exceeded my expectations.,18
4018,608,2,4.5,2024-12-01,Positive,Will watch again.,116
4019,16,18,3.5,2024-10-08,Neutral,Decent watch.,35
4020,716,25,4.5,2025-04-24,Positive,Absolutely loved it!,16
4021,440,13,4.5,2025-04-30,Positive,Top-tier storytelling.,119
4022,1149,1,4.5,2025-04-30,Positive,Exceeded my expectations.,19
4023,1188,21,3.5,2025-04-01,Neutral,Average for its genre.,32
4024,228,21,4.5,2025-04-22,Positive,Will watch again.,11
4025,1151,23,3.5,2025-04-23,Neutral,Worth a one-time watch.,45
4026,392,10,5.0,2024-11-26,Positive,Top-tier storytelling.,35
4027,768,9,4.5,2025-04-26,Positive,Gripping from start to finish.,20
4028,1141,11,4.0,2025-04-24,Positive,Exceeded my expectations.,53
4029,519,25,4.5,2024-09-30,Positive,Will watch again.,110
4030,51,21,3.0,2025-04-30,Neutral,Had its highs and lows.,31
4031,936,22,3.5,2025-01-21,Neutral,Average for its genre.,68
4032,60,5,4.0,2025-03-12,Positive,Will watch again.,73
4033,578,4,4.0,2025-03-25,Positive,Exceeded my expectations.,37
4034,1143,10,4.0,2025-04-04,Positive,One of the best this year.,19
4035,212,1,4.0,2025-02-25,Positive,Highly recommend.,109
4036,1053,13,5.0,2025-04-27,Positive,Great performances all around.,103
4037,264,25,4.0,2024-07-15,Positive,Great performances all around.,116
4038,465,2,5.0,2024-08-30,Positive,Exceeded my expectations.,15
4039,285,7,1.5,2025-01-24,Negative,Couldn't finish it.,14
4040,750,22,3.5,2025-02-22,Neutral,Nothing special but enjoyable.,96
4041,176,21,4.5,2025-04-08,Positive,Absolutely loved it!,118
4042,109,24,3.5,2025-03-01,Neutral,Decent watch.,36
4043,222,11,3.0,2025-04-21,Neutral,Decent watch.,114
4044,708,4,5.0,2025-04-08,Positive,Exceeded my expectations.,47
4045,461,15,2.5,2025-04-02,Neutral,Average for its genre.,113
4046,1142,11,4.5,2025-02-16,Positive,Highly recommend.,41
4047,897,21,5.0,2025-04-25,Positive,Highly recommend.,98
4048,31,23,4.0,2025-04-25,Positive,One of the best this year.,119
4049,459,5,3.0,2024-11-28,Neutral,Worth a one-time watch.,73
4050,831,14,4.0,2025-01-15,Positive,Gripping from start to finish.,6
4051,764,3,4.5,2024-12-25,Positive,Exceeded my expectations.,67
4052,487,3,4.5,2025-04-06,Positive,One of the best this year.,92
4053,561,17,4.5,2025-01-30,Positive,Top-tier storytelling.,90
4054,515,11,4.5,2025-03-14,Positive,Absolutely loved it!,1
4055,1188,1,4.0,2025-01-30,Positive,Gripping from start to finish.,107
4056,693,13,4.5,2025-04-26,Positive,Absolutely loved it!,79
4057,499,25,4.0,2025-02-09,Positive,Absolutely loved it!,75
4058,516,14,3.0,2024-09-03,Neutral,Some good moments.,49
4059,1179,2,4.5,2024-09-30,Positive,Exceeded my expectations.,100
4060,40,23,3.5,2025-04-16,Neutral,Had its highs and lows.,9
4061,903,9,4.5,2025-04-19,Positive,Highly recommend.,23
4062,379,5,3.0,2024-11-07,Neutral,Nothing special but enjoyable.,78
4063,526,22,3.0,2024-12-21,Neutral,Nothing special but enjoyable.,54
4064,1147,10,3.5,2024-08-20,Neutral,Nothing special but enjoyable.,100
4065,345,18,4.0,2024-11-29,Positive,A visual masterpiece.,4
4066,665,14,3.5,2025-04-20,Neutral,Had its highs and lows.,19
4067,207,8,2.5,2025-02-24,Neutral,Some good moments.,93
4068,881,8,2.5,2025-02-07,Neutral,Average for its genre.,13
4069,918,19,4.0,2025-04-28,Positive,Absolutely loved it!,28
4070,419,9,3.5,2025-04-13,Neutral,Worth a one-time watch.,79
4071,570,15,3.0,2025-04-02,Neutral,Decent watch.,40
4072,291,9,5.0,2025-04-16,Positive,Gripping from start to finish.,119
4073,507,9,5.0,2025-04-08,Positive,Absolutely loved it!,107
4074,247,10,3.0,2024-07-31,Neutral,Had its highs and lows.,2
4075,526,3,4.5,2025-03-17,Positive,A visual masterpiece.,115
4076,1183,17,3.5,2025-01-23,Neutral,Some good moments.,46
4077,834,2,3.5,2024-09-06,Neutral,Worth a one-time watch.,1
4078,997,5,4.5,2025-03-08,Positive,Top-tier storytelling.,75
4079,180,6,2.5,2025-03-20,Neutral,Average for its genre.,8
4080,663,9,4.5,2025-04-23,Positive,Will watch again.,88
4081,550,21,4.0,2025-04-15,Positive,Will watch again.,116
4082,441,12,4.5,2025-01-26,Positive,Gripping from start to finish.,58
4083,1131,24,4.0,2025-01-09,Positive,Absolutely loved it!,108
4084,969,24,4.0,2025-04-29,Positive,Absolutely loved it!,43
4085,386,1,4.5,2025-01-19,Positive,One of the best this year.,105
4086,750,2,3.5,2025-04-26,Neutral,Decent watch.,6
4087,601,19,5.0,2025-05-01,Positive,One of the best this year.,71
4088,245,23,4.0,2025-03-19,Positive,Absolutely loved it!,61
4089,446,11,3.5,2025-04-13,Neutral,Nothing special but enjoyable.,83
4090,829,25,2.5,2024-07-27,Neutral,Had its highs and lows.,52
4091,802,22,3.5,2025-01-11,Neutral,Had its highs and lows.,3
4092,633,18,4.5,2025-03-19,Positive,A visual masterpiece.,67
4093,908,17,4.5,2025-01-16,Positive,Gripping from start to finish.,82
4094,306,21,4.5,2025-04-12,Positive,Gripping from start to finish.,31
4095,1031,16,3.5,2025-01-25,Neutral,Worth a one-time watch.,20
4096,763,6,3.0,2025-04-24,Neutral,Decent watch.,46
4097,1158,8,2.5,2025-03-14,Neutral,Average for its genre.,94
4098,643,22,2.5,2024-12-22,Neutral,Decent watch.,37
4099,689,23,5.0,2025-03-12,Positive,Will watch again.,117
4100,544,11,4.5,2025-02-26,Positive,Great performances all around.,3
4101,751,18,4.0,2025-01-31,Positive,A visual masterpiece.,7
4102,748,19,3.5,2025-04-20,Neutral,Had its highs and lows.,105
4103,69,14,4.0,2025-04-02,Positive,Will watch again.,16
4104,772,14,4.0,2024-08-20,Positive,Will watch again.,119
4105,112,15,3.5,2025-03-06,Neutral,Decent watch.,98
4106,645,2,3.0,2025-01-24,Neutral,Nothing special but enjoyable.,62
4107,1128,3,4.5,2025-01-19,Positive,Gripping from start to finish.,76
4108,1100,17,5.0,2025-01-15,Positive,Absolutely loved it!,71
4109,778,8,3.0,2025-03-26,Neutral,Average for its genre.,54
4110,565,11,4.0,2025-02-15,Positive,Gripping from start to finish.,98
4111,315,16,4.0,2025-03-30,Positive,Will watch again.,52
4112,449,6,2.5,2025-04-16,Neutral,Had its highs and lows.,30
4113,735,1,5.0,2025-04-25,Positive,Great performances all around.,120
4114,1147,1,4.5,2025-01-26,Positive,Highly recommend.,108
4115,221,4,3.5,2025-04-02,Neutral,Average for its genre.,104
4116,713,20,2.5,2024-08-23,Neutral,Nothing special but enjoyable.,53
4117,532,23,3.0,2025-02-28,Neutral,Average for its genre.,70
4118,110,19,4.0,2025-04-13,Positive,A visual masterpiece.,13
4119,1100,4,3.5,2025-03-22,Neutral,Had its highs and lows.,77
4120,16,23,5.0,2025-03-15,Positive,Will watch again.,72
4121,1036,11,5.0,2025-04-20,Positive,A visual masterpiece.,65
4122,248,11,4.5,2025-03-06,Positive,Absolutely loved it!,118
4123,276,6,2.5,2025-03-06,Neutral,Some good moments.,107
4124,560,5,3.5,2025-03-04,Neutral,Average for its genre.,119
4125,1175,2,4.0,2025-01-15,Positive,Will watch again.,2
4126,497,21,4.0,2025-04-07,Positive,One of the best this year.,79
4127,94,20,3.0,2024-09-28,Neutral,Nothing special but enjoyable.,6
4128,196,23,4.5,2025-02-21,Positive,One of the best this year.,8
4129,411,22,3.5,2024-11-16,Neutral,Had its highs and lows.,44
4130,418,6,2.5,2025-03-21,Neutral,Nothing special but enjoyable.,42
4131,982,10,3.5,2024-10-14,Neutral,Some good moments.,66
4132,507,13,3.0,2025-05-01,Neutral,Nothing special but enjoyable.,26
4133,32,13,4.0,2025-04-14,Positive,Will watch again.,69
4134,931,3,5.0,2025-02-03,Positive,One of the best this year.,32
4135,273,22,4.0,2025-04-02,Positive,One of the best this year.,10
4136,574,19,3.5,2025-04-21,Neutral,Had its highs and lows.,24
4137,430,6,3.5,2025-04-23,Neutral,Had its highs and lows.,84
4138,285,24,5.0,2024-12-31,Positive,One of the best this year.,74
4139,886,15,5.0,2025-03-26,Positive,Gripping from start to finish.,54
4140,117,10,5.0,2024-12-24,Positive,Absolutely loved it!,11
4141,785,14,4.5,2025-04-26,Positive,One of the best this year.,111
4142,153,21,4.0,2025-04-06,Positive,One of the best this year.,103
4143,1126,21,3.0,2025-04-05,Neutral,Nothing special but enjoyable.,100
4144,912,18,4.5,2024-11-22,Positive,Exceeded my expectations.,66
4145,601,8,3.0,2025-03-26,Neutral,Some good moments.,15
4146,1016,11,3.5,2025-04-22,Neutral,Worth a one-time watch.,24
4147,857,23,3.5,2025-03-01,Neutral,Average for its genre.,0
4148,678,4,2.5,2025-03-15,Neutral,Decent watch.,94
4149,109,5,5.0,2024-09-29,Positive,Highly recommend.,64
4150,690,3,5.0,2025-01-21,Positive,Gripping from start to finish.,32
4151,586,21,3.5,2025-05-02,Neutral,Worth a one-time watch.,15
4152,1039,2,4.5,2025-03-19,Positive,A visual masterpiece.,98
4153,950,11,4.5,2025-04-06,Positive,Great performances all around.,11
4154,401,1,5.0,2025-02-12,Positive,One of the best this year.,10
4155,582,23,3.5,2025-02-25,Neutral,Nothing special but enjoyable.,14
4156,425,3,4.5,2024-11-23,Positive,Absolutely loved it!,92
4157,899,4,2.5,2025-03-14,Neutral,Average for its genre.,47
4158,27,3,5.0,2025-03-09,Positive,Great performances all around.,55
4159,177,25,4.0,2025-01-09,Positive,Exceeded my expectations.,89
4160,537,14,4.0,2024-06-29,Positive,A visual masterpiece.,77
4161,791,23,4.0,2025-03-07,Positive,Top-tier storytelling.,45
4162,1149,24,2.5,2025-02-22,Neutral,Decent watch.,44
4163,580,13,4.5,2025-04-01,Positive,Exceeded my expectations.,71
4164,774,1,3.5,2025-03-25,Neutral,Decent watch.,88
4165,669,16,3.0,2025-04-02,Neutral,Some good moments.,92
4166,368,11,4.5,2025-02-23,Positive,Great performances all around.,79
4167,205,2,4.0,2024-10-29,Positive,A visual masterpiece.,27
4168,511,21,4.5,2025-04-23,Positive,Will watch again.,6
4169,898,11,4.0,2025-04-17,Positive,One of the best this year.,85
4170,46,19,5.0,2025-04-19,Positive,One of the best this year.,101
4171,1181,8,1.0,2025-02-09,Negative,Would not recommend.,44
4172,230,22,3.5,2025-03-05,Neutral,Some good moments.,69
4173,560,20,3.0,2024-10-10,Neutral,Nothing special but enjoyable.,9
4174,345,8,3.5,2025-02-28,Neutral,Some good moments.,37
4175,1149,21,4.5,2025-04-08,Positive,A visual masterpiece.,8
4176,504,1,4.0,2025-01-26,Positive,Highly recommend.,81
4177,339,19,4.5,2025-04-26,Positive,One of the best this year.,78
4178,520,3,4.5,2025-02-05,Positive,Absolutely loved it!,69
4179,181,13,3.0,2025-04-30,Neutral,Average for its genre.,52
4180,244,23,3.5,2025-02-16,Neutral,Worth a one-time watch.,49
4181,781,11,3.5,2025-04-15,Neutral,Some good moments.,91
4182,947,18,5.0,2024-11-09,Positive,Will watch again.,30
4183,623,11,4.0,2025-03-12,Positive,Exceeded my expectations.,38
4184,104,18,3.0,2025-03-16,Neutral,Decent watch.,56
4185,428,4,4.0,2025-04-28,Positive,Top-tier storytelling.,108
4186,825,21,4.5,2025-04-28,Positive,Great performances all around.,40
4187,646,1,4.5,2025-01-22,Positive,One of the best this year.,56
4188,1196,21,4.0,2025-04-07,Positive,Highly recommend.,21
4189,627,16,2.5,2025-02-24,Neutral,Nothing special but enjoyable.,26
4190,1014,21,5.0,2025-04-04,Positive,Top-tier storytelling.,43
4191,908,15,3.5,2025-04-03,Neutral,Average for its genre.,84
4192,1085,22,4.5,2025-01-08,Positive,Exceeded my expectations.,119
4193,706,21,4.5,2025-04-15,Positive,Great performances all around.,8
4194,861,20,2.5,2024-08-26,Neutral,Decent watch.,65
4195,719,2,5.0,2024-10-06,Positive,Gripping from start to finish.,108
4196,604,22,3.5,2025-04-14,Neutral,Some good moments.,59
4197,1056,6,2.5,2025-03-22,Neutral,Average for its genre.,85
4198,62,5,4.5,2024-10-18,Positive,Highly recommend.,64
4199,143,5,4.5,2024-09-21,Positive,Absolutely loved it!,53
4200,558,13,3.5,2025-04-30,Neutral,Decent watch.,29
4201,616,1,4.5,2025-02-13,Positive,Great performances all around.,38
4202,800,5,4.5,2025-03-03,Positive,One of the best this year.,69
4203,825,3,4.0,2025-04-22,Positive,One of the best this year.,70
4204,131,23,4.0,2025-03-27,Positive,Highly recommend.,39
4205,667,9,4.5,2025-04-12,Positive,Will watch again.,111
4206,931,4,2.5,2025-02-27,Neutral,Average for its genre.,98
4207,150,2,4.5,2025-01-12,Positive,Will watch again.,76
4208,452,9,5.0,2025-04-19,Positive,A visual masterpiece.,27
4209,576,17,3.5,2025-02-03,Neutral,Had its highs and lows.,106
4210,878,19,4.5,2025-04-16,Positive,Gripping from start to finish.,53
4211,678,22,3.0,2025-04-17,Neutral,Nothing special but enjoyable.,41
4212,1047,12,3.0,2025-02-01,Neutral,Some good moments.,108
4213,1062,9,2.5,2025-05-03,Neutral,Some good moments.,20
4214,422,19,3.5,2025-05-02,Neutral,Nothing special but enjoyable.,11
4215,329,15,3.0,2025-03-15,Neutral,Decent watch.,56
4216,836,2,5.0,2024-10-17,Positive,Great performances all around.,31
4217,906,21,4.0,2025-04-03,Positive,Gripping from start to finish.,118
4218,642,9,5.0,2025-04-17,Positive,Top-tier storytelling.,9
4219,696,11,3.5,2025-02-19,Neutral,Nothing special but enjoyable.,109
4220,368,13,5.0,2025-04-13,Positive,One of the best this year.,89
4221,466,19,4.0,2025-04-28,Positive,Will watch again.,81
4222,1167,16,3.5,2025-03-08,Neutral,Nothing special but enjoyable.,0
4223,444,25,4.0,2024-10-23,Positive,Exceeded my expectations.,19
4224,912,4,4.5,2025-04-06,Positive,Gripping from start to finish.,110
4225,205,10,4.0,2024-12-19,Positive,A visual masterpiece.,65
4226,8,10,4.0,2024-12-02,Positive,Highly recommend.,29
4227,922,25,3.0,2025-04-15,Neutral,Some good moments.,65
4228,114,16,3.5,2024-11-26,Neutral,Decent watch.,20
4229,396,18,4.0,2024-10-20,Positive,Top-tier storytelling.,48
4230,915,9,4.5,2025-04-28,Positive,Will watch again.,67
4231,44,14,3.5,2024-12-31,Neutral,Nothing special but enjoyable.,80
4232,86,8,2.5,2025-03-04,Neutral,Average for its genre.,104
4233,1158,13,3.5,2025-04-18,Neutral,Nothing special but enjoyable.,1
4234,542,10,4.0,2024-11-17,Positive,Top-tier storytelling.,61
4235,588,18,4.0,2024-12-30,Positive,One of the best this year.,72
4236,584,23,3.5,2025-03-28,Neutral,Worth a one-time watch.,53
4237,402,22,3.5,2024-12-18,Neutral,Decent watch.,23
4238,194,1,4.5,2025-04-03,Positive,Gripping from start to finish.,69
4239,1046,3,3.5,2025-03-25,Neutral,Had its highs and lows.,102
4240,248,15,4.0,2025-04-22,Positive,One of the best this year.,75
4241,1038,2,4.0,2025-03-08,Positive,A visual masterpiece.,115
4242,788,7,3.0,2024-12-16,Neutral,Had its highs and lows.,83
4243,974,1,3.5,2025-04-17,Neutral,Had its highs and lows.,64
4244,134,21,4.5,2025-03-27,Positive,Will watch again.,8
4245,691,22,3.5,2025-01-15,Neutral,Worth a one-time watch.,44
4246,1010,5,4.5,2025-02-21,Positive,Exceeded my expectations.,35
4247,614,19,4.5,2025-04-13,Positive,Will watch again.,18
4248,992,19,4.0,2025-04-28,Positive,Gripping from start to finish.,25
4249,237,10,3.0,2025-04-12,Neutral,Average for its genre.,107
4250,1075,1,5.0,2025-01-18,Positive,Absolutely loved it!,84
4251,900,22,4.0,2025-02-25,Positive,One of the best this year.,9
4252,1056,21,4.5,2025-04-05,Positive,Will watch again.,44
4253,168,12,4.5,2024-10-26,Positive,Top-tier storytelling.,55
4254,104,11,3.0,2025-04-15,Neutral,Had its highs and lows.,81
4255,539,12,4.0,2025-01-16,Positive,A visual masterpiece.,75
4256,1096,22,4.0,2025-04-26,Positive,Will watch again.,19
4257,524,16,3.0,2025-01-26,Neutral,Some good moments.,106
4258,1095,20,2.5,2024-09-25,Neutral,Worth a one-time watch.,79
4259,665,23,4.5,2025-03-28,Positive,A visual masterpiece.,55
4260,1102,21,4.5,2025-04-03,Positive,Will watch again.,33
4261,677,19,3.5,2025-04-24,Neutral,Decent watch.,90
4262,964,13,5.0,2025-04-24,Positive,Absolutely loved it!,68
4263,537,2,5.0,2025-03-19,Positive,Exceeded my expectations.,22
4264,655,21,5.0,2025-03-31,Positive,Top-tier storytelling.,77
4265,307,10,3.0,2024-12-20,Neutral,Worth a one-time watch.,66
4266,1111,21,5.0,2025-04-02,Positive,One of the best this year.,95
4267,742,25,4.5,2025-01-22,Positive,Absolutely loved it!,108
4268,90,20,3.0,2024-09-26,Neutral,Decent watch.,102
4269,36,3,4.5,2025-02-12,Positive,Will watch again.,28
4270,1020,11,4.5,2025-02-23,Positive,One of the best this year.,103
4271,659,13,5.0,2025-04-17,Positive,One of the best this year.,117
4272,266,23,4.0,2025-03-12,Positive,Highly recommend.,96
4273,1107,9,4.0,2025-04-28,Positive,Highly recommend.,46
4274,795,4,4.0,2025-02-26,Positive,Exceeded my expectations.,77
4275,1002,4,4.5,2025-03-14,Positive,Gripping from start to finish.,36
4276,864,10,3.5,2025-04-12,Neutral,Decent watch.,42
4277,177,5,4.0,2024-09-28,Positive,Absolutely loved it!,65
4278,683,1,4.5,2025-03-06,Positive,Absolutely loved it!,103
4279,647,5,4.5,2025-03-16,Positive,Top-tier storytelling.,48
4280,1101,21,4.0,2025-05-02,Positive,Exceeded my expectations.,12
4281,626,21,4.0,2025-04-12,Positive,Exceeded my expectations.,54
4282,33,23,4.0,2025-04-18,Positive,Exceeded my expectations.,47
4283,704,16,3.5,2025-03-22,Neutral,Decent watch.,117
4284,253,1,4.5,2025-04-24,Positive,Exceeded my expectations.,0
4285,710,8,2.5,2025-02-15,Neutral,Average for its genre.,77
4286,464,4,5.0,2025-03-21,Positive,Exceeded my expectations.,116
4287,282,15,2.5,2025-05-02,Neutral,Nothing special but enjoyable.,87
4288,1179,9,4.0,2025-04-14,Positive,Exceeded my expectations.,69
4289,866,2,4.5,2024-09-21,Positive,Highly recommend.,6
4290,1114,13,4.0,2025-04-21,Positive,One of the best this year.,26
4291,48,3,5.0,2024-12-28,Positive,Top-tier storytelling.,104
4292,627,12,3.0,2025-01-10,Neutral,Average for its genre.,103
4293,651,22,3.0,2025-02-20,Neutral,Average for its genre.,61
4294,24,7,3.0,2025-01-28,Neutral,Some good moments.,101
4295,290,13,4.0,2025-03-21,Positive,Will watch again.,38
4296,130,10,3.0,2025-03-31,Neutral,Average for its genre.,100
4297,1042,22,3.5,2025-03-14,Neutral,Some good moments.,39
4298,267,5,4.5,2025-04-19,Positive,Top-tier storytelling.,34
4299,1146,5,3.5,2025-03-07,Neutral,Worth a one-time watch.,31
4300,463,15,4.5,2025-04-25,Positive,Highly recommend.,120
4301,196,17,4.5,2025-03-08,Positive,A visual masterpiece.,17
4302,276,17,5.0,2025-03-01,Positive,Gripping from start to finish.,18
4303,236,2,4.5,2025-03-16,Positive,Top-tier storytelling.,106
4304,52,23,4.0,2025-04-18,Positive,Highly recommend.,53
4305,937,1,4.5,2025-05-02,Positive,Great performances all around.,41
4306,328,24,3.0,2025-03-09,Neutral,Nothing special but enjoyable.,8
4307,814,3,5.0,2024-12-13,Positive,Top-tier storytelling.,2
4308,726,24,3.5,2025-04-20,Neutral,Decent watch.,114
4309,186,19,4.0,2025-04-26,Positive,A visual masterpiece.,19
4310,530,9,4.0,2025-04-15,Positive,Gripping from start to finish.,89
4311,115,21,4.5,2025-04-03,Positive,A visual masterpiece.,53
4312,717,13,4.0,2025-04-02,Positive,Absolutely loved it!,96
4313,173,19,4.0,2025-04-28,Positive,Great performances all around.,97
4314,782,15,3.0,2025-04-08,Neutral,Worth a one-time watch.,1
4315,803,8,2.5,2025-02-10,Neutral,Average for its genre.,89
4316,655,18,5.0,2024-12-23,Positive,Will watch again.,86
4317,485,22,3.5,2024-11-03,Neutral,Some good moments.,2
4318,260,15,3.5,2025-03-31,Neutral,Average for its genre.,26
4319,302,20,2.5,2024-10-03,Neutral,Average for its genre.,40
4320,957,6,2.5,2025-03-02,Neutral,Had its highs and lows.,8
4321,337,8,4.0,2025-02-18,Positive,Highly recommend.,115
4322,686,14,4.0,2024-06-29,Positive,Will watch again.,43
4323,570,18,4.0,2024-11-20,Positive,Gripping from start to finish.,41
4324,952,2,5.0,2024-08-20,Positive,Absolutely loved it!,27
4325,225,6,2.0,2025-03-13,Negative,Would not recommend.,107
4326,114,5,4.5,2024-11-24,Positive,Great performances all around.,113
4327,1066,11,4.0,2025-03-31,Positive,Highly recommend.,98
4328,959,1,4.5,2025-03-10,Positive,Top-tier storytelling.,26
4329,201,16,4.5,2024-12-28,Positive,Top-tier storytelling.,82
4330,106,11,4.0,2025-04-22,Positive,Will watch again.,118
4331,159,22,5.0,2025-02-14,Positive,Top-tier storytelling.,89
4332,265,1,4.5,2025-02-06,Positive,Gripping from start to finish.,108
4333,171,19,4.5,2025-04-18,Positive,Absolutely loved it!,31
4334,101,4,4.0,2025-02-26,Positive,Exceeded my expectations.,92
4335,1096,19,4.5,2025-05-02,Positive,One of the best this year.,36
4336,1053,21,4.0,2025-04-24,Positive,A visual masterpiece.,0
4337,270,2,3.5,2024-08-15,Neutral,Nothing special but enjoyable.,99
4338,490,8,2.5,2025-02-05,Neutral,Decent watch.,52
4339,825,1,5.0,2025-04-01,Positive,Exceeded my expectations.,110
4340,47,19,4.0,2025-04-17,Positive,Great performances all around.,60
4341,948,13,4.0,2025-04-02,Positive,Highly recommend.,120
4342,916,15,4.0,2025-03-13,Positive,Gripping from start to finish.,98
4343,1139,11,3.5,2025-05-02,Neutral,Had its highs and lows.,21
4344,476,21,5.0,2025-04-26,Positive,Gripping from start to finish.,22
4345,320,21,4.5,2025-04-09,Positive,One of the best this year.,104
4346,1015,22,4.0,2024-12-16,Positive,Absolutely loved it!,7
4347,114,4,4.5,2025-03-28,Positive,Absolutely loved it!,104
4348,577,17,5.0,2025-04-09,Positive,Absolutely loved it!,35
4349,249,15,3.5,2025-03-31,Neutral,Nothing special but enjoyable.,55
4350,948,25,3.0,2024-08-01,Neutral,Nothing special but enjoyable.,85
4351,26,5,5.0,2025-03-11,Positive,Highly recommend.,66
4352,74,3,4.5,2025-03-26,Positive,Will watch again.,69
4353,29,7,3.5,2025-02-03,Neutral,Some good moments.,36
4354,326,1,5.0,2025-04-09,Positive,A visual masterpiece.,23
4355,561,9,3.5,2025-04-28,Neutral,Worth a one-time watch.,30
4356,50,8,2.5,2025-02-10,Neutral,Some good moments.,54
4357,540,13,3.0,2025-04-03,Neutral,Worth a one-time watch.,49
4358,754,13,5.0,2025-03-19,Positive,Great performances all around.,63
4359,947,5,3.5,2024-09-25,Neutral,Average for its genre.,4
4360,718,22,4.5,2024-12-08,Positive,Highly recommend.,6
4361,498,9,5.0,2025-04-09,Positive,Highly recommend.,79
4362,801,6,3.5,2025-03-29,Neutral,Decent watch.,63
4363,378,9,5.0,2025-04-28,Positive,A visual masterpiece.,110
4364,705,2,4.0,2024-09-10,Positive,Absolutely loved it!,25
4365,939,23,4.5,2025-04-26,Positive,A visual masterpiece.,13
4366,649,15,3.5,2025-04-23,Neutral,Average for its genre.,68
4367,600,25,3.0,2024-09-10,Neutral,Had its highs and lows.,92
4368,964,18,3.5,2024-12-14,Neutral,Average for its genre.,18
4369,1141,6,3.0,2025-03-20,Neutral,Worth a one-time watch.,77
4370,1009,3,4.0,2025-01-13,Positive,Absolutely loved it!,43
4371,421,18,4.0,2025-03-21,Positive,Great performances all around.,8
4372,687,3,3.0,2025-04-12,Neutral,Average for its genre.,53
4373,238,9,4.0,2025-04-16,Positive,One of the best this year.,85
4374,884,13,3.5,2025-03-19,Neutral,Nothing special but enjoyable.,73
4375,142,22,2.5,2025-02-28,Neutral,Average for its genre.,85
4376,925,16,3.0,2025-02-23,Neutral,Nothing special but enjoyable.,70
4377,368,23,4.5,2025-03-24,Positive,Great performances all around.,25
4378,692,1,4.5,2025-02-14,Positive,Exceeded my expectations.,95
4379,940,4,3.5,2025-03-07,Neutral,Some good moments.,42
4380,1095,22,4.0,2025-02-28,Positive,Exceeded my expectations.,85
4381,56,11,3.5,2025-04-11,Neutral,Worth a one-time watch.,87
4382,951,1,5.0,2025-02-24,Positive,Exceeded my expectations.,100
4383,1186,24,3.5,2025-03-24,Neutral,Average for its genre.,88
4384,1052,13,4.5,2025-04-28,Positive,One of the best this year.,87
4385,1045,1,4.5,2025-04-29,Positive,Great performances all around.,107
4386,718,25,2.5,2025-01-03,Neutral,Worth a one-time watch.,119
4387,390,8,2.5,2025-02-22,Neutral,Decent watch.,24
4388,164,18,3.5,2024-10-20,Neutral,Some good moments.,25
4389,1039,23,4.0,2025-02-13,Positive,One of the best this year.,7
4390,669,11,3.5,2025-03-23,Neutral,Decent watch.,55
4391,1198,19,4.0,2025-04-21,Positive,Will watch again.,81
4392,141,14,4.0,2025-01-02,Positive,One of the best this year.,20
4393,403,21,5.0,2025-04-16,Positive,Gripping from start to finish.,23
4394,1057,12,4.5,2025-02-19,Positive,Gripping from start to finish.,56
4395,127,10,4.5,2024-11-12,Positive,One of the best this year.,107
4396,1151,10,4.0,2025-02-10,Positive,Highly recommend.,25
4397,1139,22,4.0,2024-11-15,Positive,Gripping from start to finish.,114
4398,244,22,3.0,2025-02-17,Neutral,Had its highs and lows.,80
4399,670,20,1.5,2024-08-24,Negative,Poor writing overall.,58
4400,857,22,4.0,2025-01-15,Positive,A visual masterpiece.,61
4401,1198,22,4.0,2025-01-15,Positive,Highly recommend.,2
4402,768,21,5.0,2025-04-30,Positive,Will watch again.,120
4403,497,18,3.5,2024-10-30,Neutral,Decent watch.,119
4404,998,14,4.0,2024-12-26,Positive,Gripping from start to finish.,54
4405,840,19,3.0,2025-04-14,Neutral,Average for its genre.,45
4406,126,2,5.0,2024-11-15,Positive,Will watch again.,29
4407,492,19,4.5,2025-04-26,Positive,Will watch again.,94
4408,424,11,3.5,2025-02-27,Neutral,Nothing special but enjoyable.,51
4409,913,18,5.0,2025-04-03,Positive,A visual masterpiece.,110
4410,1036,4,4.0,2025-03-31,Positive,Highly recommend.,53
4411,451,3,5.0,2024-11-25,Positive,Absolutely loved it!,89
4412,699,11,4.5,2025-04-01,Positive,Great performances all around.,114
4413,324,5,5.0,2024-09-09,Positive,Great performances all around.,69
4414,125,23,3.0,2025-03-29,Neutral,Average for its genre.,120
4415,857,3,4.0,2025-02-09,Positive,Gripping from start to finish.,18
4416,952,22,4.5,2025-03-06,Positive,Absolutely loved it!,100
4417,478,9,4.5,2025-04-09,Positive,Gripping from start to finish.,39
4418,558,5,3.0,2024-11-03,Neutral,Average for its genre.,71
4419,936,25,2.5,2024-11-20,Neutral,Had its highs and lows.,12
4420,1060,19,4.0,2025-04-26,Positive,One of the best this year.,43
4421,477,13,4.0,2025-03-20,Positive,Exceeded my expectations.,91
4422,800,23,4.5,2025-03-15,Positive,Exceeded my expectations.,104
4423,1166,19,5.0,2025-05-01,Positive,Highly recommend.,87
4424,417,5,3.5,2024-12-12,Neutral,Average for its genre.,112
4425,1170,21,4.0,2025-03-30,Positive,Top-tier storytelling.,68
4426,1178,11,4.5,2025-03-03,Positive,Absolutely loved it!,3
4427,860,6,2.5,2025-04-07,Neutral,Some good moments.,53
4428,671,20,2.0,2024-09-13,Negative,Slow and boring.,91
4429,715,13,5.0,2025-04-30,Positive,One of the best this year.,110
4430,41,25,4.5,2025-03-30,Positive,Top-tier storytelling.,49
4431,154,22,4.0,2024-12-22,Positive,A visual masterpiece.,55
4432,287,19,3.0,2025-04-19,Neutral,Decent watch.,114
4433,50,1,4.0,2025-03-15,Positive,Great performances all around.,71
4434,374,10,3.0,2025-01-19,Neutral,Had its highs and lows.,17
4435,64,22,4.0,2024-12-05,Positive,Absolutely loved it!,41
4436,236,19,4.0,2025-04-25,Positive,Absolutely loved it!,119
4437,53,4,4.5,2025-03-29,Positive,Gripping from start to finish.,109
4438,529,19,3.5,2025-04-22,Neutral,Decent watch.,100
4439,964,20,1.5,2024-08-24,Negative,Felt like a cash grab.,26
4440,1116,3,5.0,2025-02-01,Positive,Exceeded my expectations.,105
4441,980,9,4.5,2025-04-28,Positive,One of the best this year.,101
4442,661,4,4.5,2025-03-03,Positive,Great performances all around.,42
4443,804,9,4.0,2025-04-15,Positive,Highly recommend.,47
4444,867,25,4.5,2024-11-13,Positive,Gripping from start to finish.,52
4445,200,23,3.0,2025-02-17,Neutral,Had its highs and lows.,14
4446,24,21,4.5,2025-04-05,Positive,One of the best this year.,55
4447,324,12,4.0,2025-01-02,Positive,A visual masterpiece.,68
4448,362,15,4.0,2025-04-09,Positive,A visual masterpiece.,86
4449,989,9,4.0,2025-04-30,Positive,A visual masterpiece.,1
4450,861,9,4.0,2025-04-20,Positive,Top-tier storytelling.,97
4451,863,20,2.0,2024-10-05,Negative,Felt like a cash grab.,40
4452,228,9,5.0,2025-04-14,Positive,Will watch again.,8
4453,639,14,4.5,2024-09-25,Positive,Gripping from start to finish.,60
4454,663,6,3.0,2025-03-24,Neutral,Decent watch.,110
4455,1167,1,4.0,2025-01-17,Positive,Exceeded my expectations.,104
4456,271,3,4.0,2025-01-24,Positive,Will watch again.,119
4457,720,6,3.0,2025-03-29,Neutral,Some good moments.,97
4458,548,24,3.5,2025-02-06,Neutral,Worth a one-time watch.,105
4459,899,16,3.0,2025-04-17,Neutral,Average for its genre.,120
4460,942,4,4.0,2025-03-24,Positive,Exceeded my expectations.,63
4461,934,8,2.5,2025-02-28,Neutral,Had its highs and lows.,9
4462,328,6,4.0,2025-04-14,Positive,Gripping from start to finish.,57
4463,1013,25,4.0,2024-09-12,Positive,Will watch again.,32
4464,224,23,4.0,2025-03-14,Positive,Top-tier storytelling.,60
4465,906,5,4.0,2025-02-03,Positive,One of the best this year.,96
4466,189,23,3.5,2025-03-22,Neutral,Had its highs and lows.,72
4467,1025,22,4.0,2024-11-21,Positive,Absolutely loved it!,70
4468,102,25,3.0,2024-12-30,Neutral,Average for its genre.,81
4469,407,19,4.5,2025-04-20,Positive,Absolutely loved it!,103
4470,353,18,4.5,2025-01-25,Positive,A visual masterpiece.,36
4471,551,11,4.0,2025-02-07,Positive,A visual masterpiece.,108
4472,757,13,4.5,2025-03-29,Positive,A visual masterpiece.,89
4473,488,17,4.5,2025-02-22,Positive,A visual masterpiece.,115
4474,895,5,3.0,2025-01-24,Neutral,Nothing special but enjoyable.,32
4475,674,14,3.5,2025-03-02,Neutral,Some good moments.,1
4476,451,11,5.0,2025-03-23,Positive,Will watch again.,70
4477,692,22,3.0,2024-12-07,Neutral,Had its highs and lows.,75
4478,1006,16,3.0,2025-02-03,Neutral,Average for its genre.,59
4479,107,13,4.0,2025-04-22,Positive,One of the best this year.,35
4480,128,15,4.5,2025-03-24,Positive,One of the best this year.,93
4481,526,19,4.0,2025-04-22,Positive,Absolutely loved it!,66
4482,239,16,3.0,2025-04-28,Neutral,Average for its genre.,119
4483,926,13,4.5,2025-04-22,Positive,Gripping from start to finish.,70
4484,558,12,3.0,2024-10-19,Neutral,Average for its genre.,20
4485,943,23,4.5,2025-03-19,Positive,A visual masterpiece.,87
4486,762,17,5.0,2025-02-24,Positive,Gripping from start to finish.,17
4487,459,15,4.0,2025-03-11,Positive,Great performances all around.,26
4488,1155,18,2.5,2025-03-29,Neutral,Had its highs and lows.,30
4489,410,1,3.5,2025-02-16,Neutral,Had its highs and lows.,28
4490,603,6,3.0,2025-04-19,Neutral,Worth a one-time watch.,46
4491,219,19,5.0,2025-04-30,Positive,Top-tier storytelling.,98
4492,1083,3,5.0,2025-02-26,Positive,Top-tier storytelling.,46
4493,621,24,4.0,2025-03-07,Positive,Top-tier storytelling.,100
4494,518,6,3.0,2025-03-04,Neutral,Some good moments.,72
4495,916,1,5.0,2025-01-16,Positive,Great performances all around.,97
4496,206,2,4.0,2024-11-14,Positive,Will watch again.,106
4497,360,1,3.0,2025-01-24,Neutral,Worth a one-time watch.,41
4498,1105,5,4.0,2024-12-12,Positive,Will watch again.,104
4499,600,1,5.0,2025-03-21,Positive,Exceeded my expectations.,111
4500,185,1,3.5,2025-03-26,Neutral,Had its highs and lows.,92
4501,755,9,4.0,2025-04-16,Positive,Exceeded my expectations.,119
4502,31,19,4.0,2025-04-28,Positive,Top-tier storytelling.,53
4503,749,3,4.0,2025-03-01,Positive,Absolutely loved it!,23
4504,1117,25,4.0,2024-10-28,Positive,A visual masterpiece.,80
4505,265,11,4.5,2025-02-16,Positive,Gripping from start to finish.,25
4506,329,12,3.5,2025-03-05,Neutral,Had its highs and lows.,36
4507,977,11,4.5,2025-02-18,Positive,A visual masterpiece.,76
4508,188,3,4.0,2025-04-12,Positive,Exceeded my expectations.,40
4509,378,13,4.5,2025-04-26,Positive,Highly recommend.,16
4510,967,20,2.5,2024-09-18,Neutral,Average for its genre.,89
4511,1063,5,5.0,2024-10-19,Positive,Exceeded my expectations.,48
4512,460,22,3.5,2025-03-06,Neutral,Nothing special but enjoyable.,64
4513,708,2,4.0,2025-02-10,Positive,Top-tier storytelling.,28
4514,429,12,3.5,2025-03-07,Neutral,Worth a one-time watch.,47
4515,930,2,3.5,2024-10-18,Neutral,Had its highs and lows.,45
4516,948,6,2.0,2025-04-15,Negative,Poor writing overall.,15
4517,1199,9,3.0,2025-04-27,Neutral,Decent watch.,4
4518,790,14,4.0,2024-09-17,Positive,Great performances all around.,113
4519,281,2,3.5,2025-03-13,Neutral,Nothing special but enjoyable.,71
4520,803,25,3.5,2025-02-23,Neutral,Worth a one-time watch.,65
4521,411,5,4.0,2025-02-09,Positive,Will watch again.,15
4522,49,8,2.5,2025-03-14,Neutral,Some good moments.,56
4523,383,9,4.5,2025-04-07,Positive,One of the best this year.,102
4524,543,1,5.0,2025-01-29,Positive,A visual masterpiece.,24
4525,230,5,5.0,2024-10-23,Positive,Great performances all around.,7
4526,780,12,5.0,2024-12-20,Positive,Great performances all around.,79
4527,221,12,4.0,2025-02-28,Positive,Highly recommend.,102
4528,293,24,3.5,2025-03-07,Neutral,Worth a one-time watch.,56
4529,87,11,4.5,2025-02-28,Positive,Exceeded my expectations.,97
4530,738,19,4.0,2025-04-19,Positive,Highly recommend.,104
4531,62,8,3.0,2025-02-05,Neutral,Had its highs and lows.,82
4532,669,9,5.0,2025-04-13,Positive,A visual masterpiece.,92
4533,897,13,4.5,2025-04-24,Positive,Will watch again.,117
4534,235,24,3.5,2025-02-13,Neutral,Average for its genre.,66
4535,416,12,3.0,2024-12-15,Neutral,Some good moments.,108
4536,344,23,3.5,2025-04-18,Neutral,Decent watch.,51
4537,1139,25,4.0,2024-11-19,Positive,One of the best this year.,7
4538,980,10,4.0,2024-12-24,Positive,One of the best this year.,37
4539,800,11,4.5,2025-03-13,Positive,One of the best this year.,58
4540,430,22,3.0,2024-12-20,Neutral,Had its highs and lows.,78
4541,986,14,4.0,2024-12-26,Positive,Exceeded my expectations.,101
4542,76,19,4.0,2025-04-20,Positive,Exceeded my expectations.,87
4543,66,13,4.5,2025-04-03,Positive,Gripping from start to finish.,83
4544,519,12,4.0,2025-02-28,Positive,A visual masterpiece.,75
4545,770,4,4.5,2025-03-05,Positive,One of the best this year.,43
4546,287,13,3.5,2025-03-25,Neutral,Average for its genre.,76
4547,623,3,5.0,2025-01-25,Positive,Exceeded my expectations.,31
4548,1027,2,4.0,2024-10-24,Positive,Will watch again.,40
4549,1055,18,4.0,2024-10-29,Positive,Exceeded my expectations.,43
4550,497,13,3.5,2025-03-26,Neutral,Average for its genre.,108
4551,970,6,3.0,2025-04-03,Neutral,Decent watch.,120
4552,736,6,2.5,2025-04-18,Neutral,Had its highs and lows.,120
4553,1015,3,2.5,2025-03-11,Neutral,Decent watch.,66
4554,332,19,3.5,2025-04-30,Neutral,Worth a one-time watch.,91
4555,240,20,1.0,2024-10-22,Negative,Poor writing overall.,81
4556,802,23,4.0,2025-03-25,Positive,Great performances all around.,95
4557,788,12,4.0,2024-11-16,Positive,Top-tier storytelling.,57
4558,298,10,4.0,2025-03-18,Positive,Will watch again.,103
4559,519,15,3.0,2025-03-16,Neutral,Had its highs and lows.,75
4560,656,9,5.0,2025-04-28,Positive,Exceeded my expectations.,93
4561,9,22,3.5,2025-03-14,Neutral,Nothing special but enjoyable.,117
4562,229,1,4.0,2025-01-29,Positive,Highly recommend.,29
4563,52,8,2.5,2025-02-18,Neutral,Had its highs and lows.,29
4564,1189,11,5.0,2025-02-20,Positive,One of the best this year.,1
4565,123,6,4.0,2025-04-20,Positive,Will watch again.,43
4566,1012,5,4.0,2025-03-26,Positive,One of the best this year.,47
4567,568,14,4.0,2024-11-18,Positive,Absolutely loved it!,109
4568,1024,9,4.0,2025-04-15,Positive,Great performances all around.,81
4569,451,15,5.0,2025-04-17,Positive,Exceeded my expectations.,110
4570,517,10,4.5,2024-12-14,Positive,A visual masterpiece.,46
4571,787,9,3.0,2025-04-19,Neutral,Decent watch.,57
4572,662,8,3.0,2025-02-12,Neutral,Nothing special but enjoyable.,36
4573,97,4,3.0,2025-04-26,Neutral,Had its highs and lows.,92
4574,829,2,4.5,2024-11-08,Positive,Gripping from start to finish.,110
4575,206,23,5.0,2025-04-14,Positive,A visual masterpiece.,6
4576,288,23,3.0,2025-03-08,Neutral,Nothing special but enjoyable.,100
4577,387,2,4.0,2024-08-11,Positive,Gripping from start to finish.,42
4578,1145,14,4.0,2025-03-09,Positive,Will watch again.,10
4579,416,9,4.5,2025-04-30,Positive,A visual masterpiece.,66
4580,228,4,4.5,2025-02-21,Positive,Will watch again.,3
4581,589,12,4.0,2024-11-16,Positive,Will watch again.,53
4582,453,5,3.5,2024-10-07,Neutral,Decent watch.,116
4583,981,2,4.5,2025-03-05,Positive,Will watch again.,81
4584,102,5,4.5,2024-09-20,Positive,Top-tier storytelling.,0
4585,1155,20,3.0,2024-09-06,Neutral,Decent watch.,45
4586,800,1,5.0,2025-01-17,Positive,Gripping from start to finish.,8
4587,385,19,4.0,2025-04-23,Positive,Top-tier storytelling.,33
4588,683,13,4.0,2025-03-21,Positive,Exceeded my expectations.,61
4589,994,18,4.5,2025-01-08,Positive,Absolutely loved it!,15
4590,863,6,3.5,2025-04-11,Neutral,Nothing special but enjoyable.,10
4591,664,4,3.5,2025-03-05,Neutral,Decent watch.,99
4592,507,1,3.5,2025-02-16,Neutral,Nothing special but enjoyable.,68
4593,11,2,4.5,2025-04-09,Positive,A visual masterpiece.,50
4594,464,1,4.5,2025-01-21,Positive,One of the best this year.,102
4595,1171,3,3.5,2025-04-24,Neutral,Average for its genre.,23
4596,1180,25,5.0,2024-07-21,Positive,Highly recommend.,114
4597,124,9,4.0,2025-04-08,Positive,One of the best this year.,58
4598,224,13,5.0,2025-04-30,Positive,One of the best this year.,100
4599,1042,11,4.0,2025-03-14,Positive,Great performances all around.,98
4600,272,18,3.5,2025-04-20,Neutral,Had its highs and lows.,110
4601,274,23,5.0,2025-03-23,Positive,Top-tier storytelling.,41
4602,1162,1,4.0,2025-02-08,Positive,One of the best this year.,68
4603,942,5,4.5,2025-03-29,Positive,One of the best this year.,108
4604,769,4,3.5,2025-04-29,Neutral,Had its highs and lows.,116
4605,656,24,3.0,2025-04-24,Neutral,Average for its genre.,4
4606,299,23,3.0,2025-02-15,Neutral,Nothing special but enjoyable.,70
4607,736,2,3.5,2025-02-08,Neutral,Some good moments.,99
4608,195,24,3.0,2025-03-06,Neutral,Nothing special but enjoyable.,77
4609,419,3,5.0,2025-03-23,Positive,One of the best this year.,55
4610,161,16,4.0,2025-03-11,Positive,Absolutely loved it!,62
4611,1114,24,4.0,2025-04-09,Positive,Will watch again.,59
4612,684,6,2.5,2025-04-30,Neutral,Decent watch.,22
4613,208,17,4.5,2025-03-22,Positive,One of the best this year.,8
4614,803,13,3.5,2025-04-17,Neutral,Nothing special but enjoyable.,31
4615,218,23,4.0,2025-04-23,Positive,Gripping from start to finish.,91
4616,59,13,4.0,2025-03-25,Positive,Highly recommend.,54
4617,760,21,4.5,2025-04-07,Positive,Will watch again.,117
4618,835,22,3.5,2024-12-21,Neutral,Some good moments.,38
4619,436,24,3.5,2025-01-07,Neutral,Average for its genre.,93
4620,982,14,4.5,2024-09-16,Positive,Absolutely loved it!,120
4621,312,5,5.0,2025-01-12,Positive,Exceeded my expectations.,7
4622,17,23,4.5,2025-03-12,Positive,Top-tier storytelling.,98
4623,421,16,3.5,2025-03-12,Neutral,Decent watch.,23
4624,876,22,3.5,2024-12-02,Neutral,Decent watch.,57
4625,227,19,5.0,2025-04-28,Positive,Will watch again.,112
4626,141,5,4.0,2025-02-23,Positive,One of the best this year.,47
4627,610,16,3.5,2024-12-29,Neutral,Worth a one-time watch.,3
4628,261,11,4.5,2025-02-08,Positive,Absolutely loved it!,40
4629,1166,23,4.0,2025-03-31,Positive,Exceeded my expectations.,57
4630,387,5,2.0,2024-11-21,Negative,Would not recommend.,10
4631,1103,19,4.5,2025-04-26,Positive,A visual masterpiece.,91
4632,316,21,4.5,2025-04-04,Positive,A visual masterpiece.,82
4633,329,14,4.0,2024-06-25,Positive,Highly recommend.,53
4634,514,1,4.0,2025-03-12,Positive,Absolutely loved it!,84
4635,763,23,3.5,2025-03-07,Neutral,Decent watch.,12
4636,1026,6,3.0,2025-04-01,Neutral,Nothing special but enjoyable.,7
4637,34,19,3.0,2025-04-30,Neutral,Some good moments.,57
4638,772,1,4.5,2025-02-25,Positive,Exceeded my expectations.,93
4639,1099,21,5.0,2025-04-05,Positive,One of the best this year.,47
4640,1028,1,4.0,2025-01-27,Positive,Will watch again.,58
4641,1071,22,3.0,2025-03-09,Neutral,Some good moments.,102
4642,1146,20,2.0,2024-09-01,Negative,Couldn't finish it.,75
4643,619,22,3.5,2024-12-24,Neutral,Worth a one-time watch.,63
4644,400,4,4.0,2025-03-01,Positive,Will watch again.,120
4645,1018,11,5.0,2025-02-17,Positive,Exceeded my expectations.,32
4646,289,5,4.0,2025-03-17,Positive,A visual masterpiece.,34
4647,116,24,2.5,2025-04-21,Neutral,Decent watch.,54
4648,670,12,4.5,2024-10-30,Positive,Highly recommend.,77
4649,699,1,4.0,2025-04-09,Positive,Will watch again.,0
4650,1006,14,3.5,2024-11-21,Neutral,Decent watch.,39
4651,296,2,4.5,2024-11-15,Positive,Gripping from start to finish.,31
4652,894,15,3.5,2025-03-06,Neutral,Nothing special but enjoyable.,10
4653,1076,16,3.5,2025-03-20,Neutral,Some good moments.,98
4654,367,2,5.0,2024-09-12,Positive,Will watch again.,77
4655,510,9,4.0,2025-04-20,Positive,A visual masterpiece.,55
4656,949,5,4.0,2025-02-18,Positive,Top-tier storytelling.,110
4657,719,19,4.5,2025-04-17,Positive,A visual masterpiece.,90
4658,986,4,3.5,2025-03-16,Neutral,Average for its genre.,30
4659,10,2,4.5,2024-09-16,Positive,Will watch again.,40
4660,211,16,3.0,2024-12-05,Neutral,Average for its genre.,91
4661,964,21,3.5,2025-04-09,Neutral,Some good moments.,29
4662,200,22,4.5,2024-11-07,Positive,One of the best this year.,67
4663,969,15,3.5,2025-04-14,Neutral,Some good moments.,107
4664,222,12,3.5,2025-01-14,Neutral,Worth a one-time watch.,43
4665,48,14,3.5,2024-08-29,Neutral,Worth a one-time watch.,96
4666,590,11,4.0,2025-04-02,Positive,Highly recommend.,17
4667,574,22,4.5,2025-01-05,Positive,A visual masterpiece.,23
4668,14,4,4.0,2025-03-29,Positive,Highly recommend.,112
4669,736,4,3.5,2025-04-18,Neutral,Worth a one-time watch.,80
4670,574,9,4.5,2025-04-18,Positive,Exceeded my expectations.,91
4671,588,2,4.0,2024-10-01,Positive,Gripping from start to finish.,50
4672,822,4,4.0,2025-02-19,Positive,Highly recommend.,28
4673,673,10,3.0,2024-07-31,Neutral,Had its highs and lows.,1
4674,1005,15,3.0,2025-04-12,Neutral,Worth a one-time watch.,47
4675,325,13,3.5,2025-04-29,Neutral,Decent watch.,120
4676,1100,23,3.5,2025-02-18,Neutral,Decent watch.,108
4677,155,21,5.0,2025-04-17,Positive,Gripping from start to finish.,10
4678,963,23,4.0,2025-03-04,Positive,A visual masterpiece.,88
4679,161,20,3.0,2024-08-25,Neutral,Some good moments.,105
4680,1110,10,3.5,2025-02-17,Neutral,Worth a one-time watch.,112
4681,904,19,3.5,2025-04-13,Neutral,Some good moments.,75
4682,965,11,3.5,2025-04-27,Neutral,Some good moments.,81
4683,1035,8,2.5,2025-03-29,Neutral,Nothing special but enjoyable.,119
4684,39,4,4.0,2025-04-02,Positive,Highly recommend.,58
4685,585,13,4.5,2025-04-30,Positive,A visual masterpiece.,45
4686,441,22,3.5,2024-12-29,Neutral,Decent watch.,61
4687,961,15,3.0,2025-03-26,Neutral,Nothing special but enjoyable.,86
4688,841,23,3.0,2025-02-14,Neutral,Decent watch.,11
4689,203,10,3.0,2024-09-29,Neutral,Decent watch.,7
4690,1061,25,5.0,2024-12-26,Positive,Exceeded my expectations.,39
4691,237,21,4.0,2025-03-30,Positive,Absolutely loved it!,103
4692,995,15,4.0,2025-03-19,Positive,Exceeded my expectations.,38
4693,962,3,5.0,2024-12-15,Positive,Will watch again.,3
4694,545,1,4.5,2025-03-25,Positive,One of the best this year.,31
4695,1127,19,3.5,2025-04-20,Neutral,Worth a one-time watch.,47
4696,507,2,4.0,2025-03-19,Positive,One of the best this year.,46
4697,518,19,3.0,2025-04-19,Neutral,Decent watch.,114
4698,1083,17,3.0,2025-03-15,Neutral,Had its highs and lows.,42
4699,186,13,4.5,2025-03-31,Positive,One of the best this year.,55
4700,152,22,3.0,2025-04-28,Neutral,Nothing special but enjoyable.,59
4701,983,15,5.0,2025-03-09,Positive,Will watch again.,37
4702,938,9,4.5,2025-04-30,Positive,Great performances all around.,95
4703,101,22,3.5,2025-02-12,Neutral,Average for its genre.,115
4704,865,2,5.0,2024-10-18,Positive,Will watch again.,0
4705,884,18,4.5,2025-04-19,Positive,Great performances all around.,7
4706,788,2,4.0,2025-04-09,Positive,Top-tier storytelling.,100
4707,746,11,5.0,2025-04-08,Positive,One of the best this year.,42
4708,985,22,5.0,2025-02-01,Positive,Will watch again.,40
4709,1136,16,3.0,2025-01-11,Neutral,Had its highs and lows.,113
4710,593,22,3.5,2025-01-14,Neutral,Had its highs and lows.,37
4711,460,19,5.0,2025-04-29,Positive,Highly recommend.,89
4712,526,14,4.5,2024-12-27,Positive,One of the best this year.,86
4713,755,10,4.0,2024-10-03,Positive,Top-tier storytelling.,71
4714,1137,3,5.0,2025-01-24,Positive,Gripping from start to finish.,97
4715,940,13,4.0,2025-04-13,Positive,Gripping from start to finish.,22
4716,1091,22,4.5,2024-12-01,Positive,Gripping from start to finish.,90
4717,499,3,4.0,2025-03-10,Positive,Absolutely loved it!,100
4718,678,18,4.5,2024-12-04,Positive,Exceeded my expectations.,4
4719,865,21,4.5,2025-05-03,Positive,Exceeded my expectations.,51
4720,427,4,4.0,2025-02-21,Positive,One of the best this year.,13
4721,562,3,5.0,2024-11-23,Positive,Will watch again.,12
4722,72,13,3.5,2025-03-22,Neutral,Had its highs and lows.,39
4723,513,22,3.5,2024-12-21,Neutral,Nothing special but enjoyable.,82
4724,1072,24,4.0,2025-03-04,Positive,Top-tier storytelling.,107
4725,281,7,2.0,2025-01-04,Negative,Poor writing overall.,80
4726,1080,9,5.0,2025-04-12,Positive,One of the best this year.,112
4727,1081,10,3.0,2025-02-20,Neutral,Decent watch.,101
4728,569,23,4.5,2025-02-24,Positive,Absolutely loved it!,113
4729,571,5,2.0,2025-04-10,Negative,Very disappointing.,113
4730,383,10,4.5,2025-04-20,Positive,Gripping from start to finish.,46
4731,662,23,3.0,2025-03-04,Neutral,Had its highs and lows.,52
4732,479,3,4.0,2025-03-18,Positive,A visual masterpiece.,23
4733,841,4,4.5,2025-03-06,Positive,Highly recommend.,74
4734,692,9,3.5,2025-04-15,Neutral,Average for its genre.,66
4735,78,1,5.0,2025-03-20,Positive,Will watch again.,111
4736,1048,19,4.0,2025-04-20,Positive,A visual masterpiece.,12
4737,1031,19,3.0,2025-04-19,Neutral,Decent watch.,86
4738,927,1,4.5,2025-04-10,Positive,A visual masterpiece.,26
4739,877,25,3.5,2025-03-05,Neutral,Worth a one-time watch.,23
4740,78,25,4.5,2024-11-05,Positive,Will watch again.,119
4741,860,13,3.0,2025-04-17,Neutral,Nothing special but enjoyable.,24
4742,46,15,5.0,2025-04-22,Positive,One of the best this year.,88
4743,219,1,4.0,2025-01-19,Positive,Exceeded my expectations.,30
4744,686,11,3.5,2025-03-14,Neutral,Average for its genre.,4
4745,389,18,3.0,2025-01-20,Neutral,Worth a one-time watch.,59
4746,112,24,3.5,2025-02-03,Neutral,Decent watch.,82
4747,515,2,4.0,2024-08-20,Positive,Great performances all around.,99
4748,679,1,5.0,2025-01-22,Positive,A visual masterpiece.,52
4749,93,10,3.5,2024-09-25,Neutral,Nothing special but enjoyable.,65
4750,61,12,3.5,2024-11-27,Neutral,Had its highs and lows.,32
4751,669,13,4.5,2025-03-26,Positive,Exceeded my expectations.,11
4752,631,18,4.0,2025-05-02,Positive,A visual masterpiece.,100
4753,725,11,4.0,2025-02-15,Positive,Highly recommend.,48
4754,287,3,5.0,2025-01-17,Positive,Will watch again.,119
4755,1013,24,3.0,2025-04-29,Neutral,Worth a one-time watch.,81
4756,1024,21,5.0,2025-04-25,Positive,Great performances all around.,73
4757,500,7,3.5,2024-12-17,Neutral,Nothing special but enjoyable.,17
4758,938,1,3.0,2025-03-30,Neutral,Decent watch.,68
4759,807,12,4.0,2025-02-04,Positive,Absolutely loved it!,106
4760,96,13,4.5,2025-04-29,Positive,Highly recommend.,39
4761,515,6,3.0,2025-03-14,Neutral,Decent watch.,5
4762,226,24,3.5,2025-02-08,Neutral,Some good moments.,116
4763,669,22,3.5,2025-04-04,Neutral,Average for its genre.,91
4764,788,19,3.5,2025-04-17,Neutral,Decent watch.,61
4765,897,25,3.0,2024-08-25,Neutral,Nothing special but enjoyable.,13
4766,488,9,4.5,2025-04-14,Positive,Absolutely loved it!,70
4767,14,19,4.0,2025-04-23,Positive,A visual masterpiece.,27
4768,592,11,3.5,2025-02-11,Neutral,Worth a one-time watch.,4
4769,505,19,5.0,2025-04-19,Positive,A visual masterpiece.,28
4770,918,23,3.5,2025-05-02,Neutral,Nothing special but enjoyable.,23
4771,270,10,3.5,2024-10-12,Neutral,Worth a one-time watch.,89
4772,756,13,4.5,2025-04-09,Positive,Top-tier storytelling.,100
4773,928,1,4.0,2025-03-30,Positive,Exceeded my expectations.,64
4774,950,3,4.0,2024-12-28,Positive,Highly recommend.,83
4775,347,18,3.0,2025-02-19,Neutral,Decent watch.,42
4776,997,2,4.5,2025-01-21,Positive,One of the best this year.,74
4777,1180,22,4.0,2025-02-03,Positive,Gripping from start to finish.,50
4778,234,23,3.0,2025-03-05,Neutral,Worth a one-time watch.,53
4779,974,2,4.5,2024-09-05,Positive,Top-tier storytelling.,93
4780,1038,1,4.0,2025-02-15,Positive,Top-tier storytelling.,25
4781,806,23,4.0,2025-04-12,Positive,Will watch again.,58
4782,832,2,4.5,2024-08-21,Positive,Highly recommend.,81
4783,642,4,2.5,2025-03-10,Neutral,Had its highs and lows.,39
4784,274,19,4.0,2025-04-28,Positive,Will watch again.,83
4785,529,10,4.0,2024-07-28,Positive,Highly recommend.,91
4786,939,17,4.0,2025-02-26,Positive,One of the best this year.,26
4787,772,13,5.0,2025-03-30,Positive,Highly recommend.,30
4788,976,25,2.5,2024-12-16,Neutral,Nothing special but enjoyable.,63
4789,552,3,4.0,2024-12-27,Positive,One of the best this year.,116
4790,419,13,4.5,2025-03-21,Positive,Top-tier storytelling.,10
4791,34,23,4.0,2025-03-30,Positive,Great performances all around.,36
4792,751,5,5.0,2024-10-06,Positive,Will watch again.,49
4793,243,2,5.0,2025-03-05,Positive,Exceeded my expectations.,27
4794,132,20,3.0,2024-09-28,Neutral,Nothing special but enjoyable.,46
4795,747,9,5.0,2025-04-15,Positive,Absolutely loved it!,83
4796,1171,24,3.0,2025-04-13,Neutral,Some good moments.,1
4797,74,4,3.5,2025-03-29,Neutral,Decent watch.,36
4798,654,23,5.0,2025-04-09,Positive,Will watch again.,102
4799,1098,25,4.5,2024-08-04,Positive,One of the best this year.,82
4800,390,19,5.0,2025-04-28,Positive,Highly recommend.,81
4801,843,23,4.5,2025-03-03,Positive,One of the best this year.,54
4802,449,16,3.5,2024-12-14,Neutral,Decent watch.,88
4803,629,22,3.5,2025-02-13,Neutral,Average for its genre.,79
4804,1026,16,3.5,2024-11-23,Neutral,Average for its genre.,10
4805,963,2,4.0,2024-09-02,Positive,Gripping from start to finish.,62
4806,1072,2,4.5,2024-12-18,Positive,Great performances all around.,42
4807,579,1,4.5,2025-04-26,Positive,Will watch again.,30
4808,1024,14,4.5,2024-07-28,Positive,Will watch again.,17
4809,1165,18,4.0,2024-12-17,Positive,One of the best this year.,42
4810,733,11,4.0,2025-04-03,Positive,One of the best this year.,45
4811,546,14,4.0,2024-06-20,Positive,Great performances all around.,51
4812,965,1,4.5,2025-01-31,Positive,Exceeded my expectations.,27
4813,446,25,3.0,2025-03-13,Neutral,Worth a one-time watch.,94
4814,73,13,4.0,2025-04-17,Positive,Exceeded my expectations.,27
4815,469,25,4.0,2024-11-21,Positive,Will watch again.,107
4816,962,12,3.5,2025-02-03,Neutral,Decent watch.,105
4817,10,6,2.0,2025-04-14,Negative,Wasted potential.,41
4818,496,3,4.0,2024-12-12,Positive,Top-tier storytelling.,11
4819,472,14,4.0,2024-12-11,Positive,One of the best this year.,3
4820,412,24,4.0,2025-03-05,Positive,Exceeded my expectations.,13
4821,1058,19,4.5,2025-05-02,Positive,Great performances all around.,93
4822,642,2,3.5,2024-12-27,Neutral,Decent watch.,93
4823,530,22,3.5,2025-03-01,Neutral,Nothing special but enjoyable.,1
4824,1082,18,4.5,2025-01-16,Positive,Absolutely loved it!,70
4825,1006,5,4.5,2025-04-12,Positive,One of the best this year.,31
4826,1055,6,2.5,2025-03-25,Neutral,Average for its genre.,33
4827,1171,15,4.0,2025-03-21,Positive,Top-tier storytelling.,114
4828,84,13,4.0,2025-04-30,Positive,Highly recommend.,120
4829,604,25,4.0,2024-07-13,Positive,Top-tier storytelling.,29
4830,57,21,4.5,2025-04-24,Positive,Gripping from start to finish.,87
4831,309,1,4.5,2025-01-28,Positive,A visual masterpiece.,120
4832,881,25,3.5,2025-04-12,Neutral,Nothing special but enjoyable.,22
4833,611,24,3.0,2025-02-28,Neutral,Some good moments.,116
4834,1041,25,5.0,2024-12-06,Positive,A visual masterpiece.,40
4835,891,23,3.5,2025-04-02,Neutral,Had its highs and lows.,89
4836,78,11,4.5,2025-04-17,Positive,Highly recommend.,77
4837,1092,15,3.5,2025-04-01,Neutral,Nothing special but enjoyable.,61
4838,28,5,4.5,2024-11-08,Positive,Exceeded my expectations.,89
4839,502,5,3.0,2024-09-13,Neutral,Worth a one-time watch.,39
4840,77,14,4.5,2024-11-22,Positive,One of the best this year.,34
4841,925,19,4.5,2025-04-29,Positive,Will watch again.,106
4842,673,6,3.5,2025-03-16,Neutral,Worth a one-time watch.,96
4843,1061,13,4.0,2025-04-07,Positive,Great performances all around.,29
4844,1099,18,3.5,2024-10-01,Neutral,Worth a one-time watch.,46
4845,824,21,4.5,2025-04-15,Positive,Great performances all around.,82
4846,912,3,5.0,2025-01-18,Positive,Top-tier storytelling.,70
4847,812,23,3.0,2025-02-15,Neutral,Had its highs and lows.,79
4848,448,5,4.0,2025-02-26,Positive,Will watch again.,47
4849,452,12,3.5,2025-03-08,Neutral,Some good moments.,75
4850,1184,21,4.5,2025-04-05,Positive,Absolutely loved it!,67
4851,1011,8,3.5,2025-03-12,Neutral,Nothing special but enjoyable.,32
4852,1095,23,4.5,2025-02-28,Positive,Exceeded my expectations.,108
4853,760,13,4.0,2025-04-03,Positive,Top-tier storytelling.,118
4854,1111,1,3.5,2025-01-27,Neutral,Had its highs and lows.,60
4855,82,10,4.0,2025-02-11,Positive,Great performances all around.,87
4856,799,18,4.0,2024-10-10,Positive,Exceeded my expectations.,94
4857,152,17,4.5,2025-02-23,Positive,Exceeded my expectations.,60
4858,1189,8,2.5,2025-02-03,Neutral,Decent watch.,56
4859,86,24,3.5,2025-03-18,Neutral,Average for its genre.,77
4860,130,22,3.5,2024-11-02,Neutral,Worth a one-time watch.,72
4861,141,20,2.5,2024-10-15,Neutral,Some good moments.,110
4862,92,5,3.5,2024-11-24,Neutral,Had its highs and lows.,102
4863,764,11,4.0,2025-03-01,Positive,Will watch again.,55
4864,1006,18,4.5,2025-01-17,Positive,Absolutely loved it!,66
4865,955,2,3.5,2025-03-28,Neutral,Decent watch.,96
4866,302,17,4.5,2025-02-14,Positive,One of the best this year.,53
4867,1022,14,4.0,2024-12-29,Positive,Absolutely loved it!,76
4868,874,25,4.5,2025-01-01,Positive,Highly recommend.,99
4869,828,21,4.5,2025-04-02,Positive,Top-tier storytelling.,44
4870,226,15,2.5,2025-03-30,Neutral,Worth a one-time watch.,30
4871,1091,2,5.0,2025-03-22,Positive,A visual masterpiece.,25
4872,495,10,4.0,2024-08-04,Positive,A visual masterpiece.,20
4873,258,11,3.5,2025-03-24,Neutral,Some good moments.,51
4874,686,16,3.0,2025-05-03,Neutral,Some good moments.,6
4875,663,18,4.5,2024-10-09,Positive,Great performances all around.,69
4876,759,19,4.0,2025-04-21,Positive,Great performances all around.,67
4877,379,11,5.0,2025-04-01,Positive,A visual masterpiece.,35
4878,156,13,5.0,2025-04-20,Positive,Will watch again.,118
4879,401,18,3.5,2025-01-09,Neutral,Nothing special but enjoyable.,27
4880,136,1,4.5,2025-03-15,Positive,Absolutely loved it!,61
4881,364,5,4.0,2024-09-17,Positive,A visual masterpiece.,13
4882,369,22,5.0,2024-11-11,Positive,Great performances all around.,53
4883,728,25,2.5,2024-07-28,Neutral,Some good moments.,22
4884,756,19,3.5,2025-04-21,Neutral,Worth a one-time watch.,40
4885,7,18,4.0,2025-02-10,Positive,Highly recommend.,9
4886,1175,13,4.5,2025-03-30,Positive,Highly recommend.,33
4887,621,7,2.5,2025-02-04,Neutral,Average for its genre.,62
4888,577,3,3.5,2024-11-29,Neutral,Nothing special but enjoyable.,70
4889,472,1,4.5,2025-01-22,Positive,One of the best this year.,115
4890,535,24,3.0,2025-02-27,Neutral,Decent watch.,115
4891,1107,5,4.5,2025-01-22,Positive,Will watch again.,12
4892,1106,22,4.5,2025-01-22,Positive,Top-tier storytelling.,80
4893,409,21,4.5,2025-04-04,Positive,Gripping from start to finish.,111
4894,412,18,4.0,2025-04-22,Positive,Gripping from start to finish.,10
4895,96,22,4.5,2025-01-20,Positive,Will watch again.,86
4896,312,20,2.0,2024-08-30,Negative,Slow and boring.,50
4897,86,20,2.5,2024-10-16,Neutral,Had its highs and lows.,18
4898,1088,2,4.5,2024-10-25,Positive,Top-tier storytelling.,101
4899,317,6,3.0,2025-03-24,Neutral,Some good moments.,99
4900,408,13,3.5,2025-04-04,Neutral,Average for its genre.,101
4901,392,24,4.0,2025-03-21,Positive,Great performances all around.,114
4902,1074,23,4.5,2025-02-18,Positive,One of the best this year.,101
4903,787,15,3.5,2025-04-26,Neutral,Had its highs and lows.,30
4904,790,24,4.5,2025-04-16,Positive,Absolutely loved it!,20
4905,434,21,3.5,2025-04-30,Neutral,Average for its genre.,38
4906,1143,1,4.5,2025-04-24,Positive,Gripping from start to finish.,95
4907,1037,14,3.0,2025-04-07,Neutral,Average for its genre.,35
4908,429,7,2.5,2025-02-01,Neutral,Worth a one-time watch.,64
4909,36,21,5.0,2025-04-01,Positive,Exceeded my expectations.,29
4910,351,13,4.0,2025-03-30,Positive,Exceeded my expectations.,33
4911,363,24,3.0,2025-03-13,Neutral,Worth a one-time watch.,74
4912,618,1,4.5,2025-01-18,Positive,Exceeded my expectations.,33
4913,471,13,4.5,2025-03-20,Positive,Absolutely loved it!,77
4914,706,24,5.0,2025-01-22,Positive,Exceeded my expectations.,96
4915,1194,19,4.5,2025-04-12,Positive,Will watch again.,66
4916,327,24,4.5,2025-01-09,Positive,One of the best this year.,0
4917,1111,4,3.0,2025-04-10,Neutral,Nothing special but enjoyable.,36
4918,156,11,4.0,2025-04-07,Positive,Gripping from start to finish.,44
4919,290,21,4.5,2025-04-29,Positive,Exceeded my expectations.,77
4920,773,20,3.0,2024-09-11,Neutral,Decent watch.,26
4921,579,14,4.0,2024-07-12,Positive,A visual masterpiece.,1
4922,536,19,4.5,2025-04-13,Positive,Gripping from start to finish.,113
4923,1116,14,4.0,2024-11-05,Positive,Exceeded my expectations.,42
4924,450,8,2.0,2025-02-22,Negative,Felt like a cash grab.,88
4925,1113,3,3.5,2025-03-09,Neutral,Decent watch.,46
4926,389,17,4.0,2025-03-23,Positive,Exceeded my expectations.,20
4927,8,19,4.5,2025-04-19,Positive,Exceeded my expectations.,18
4928,1181,10,4.5,2024-12-11,Positive,Gripping from start to finish.,93
4929,96,23,4.5,2025-04-20,Positive,Exceeded my expectations.,65
4930,152,1,4.5,2025-04-07,Positive,Will watch again.,76
4931,732,1,4.5,2025-01-19,Positive,Gripping from start to finish.,117
4932,953,16,3.5,2025-01-23,Neutral,Nothing special but enjoyable.,55
4933,824,5,4.0,2024-12-14,Positive,Top-tier storytelling.,106
4934,742,24,3.0,2025-03-14,Neutral,Average for its genre.,36
4935,450,16,3.5,2025-03-11,Neutral,Average for its genre.,69
4936,852,11,4.0,2025-04-30,Positive,Absolutely loved it!,61
4937,206,17,3.5,2025-03-08,Neutral,Some good moments.,56
4938,989,15,3.0,2025-04-21,Neutral,Worth a one-time watch.,13
4939,931,5,4.0,2024-12-20,Positive,One of the best this year.,88
4940,313,10,5.0,2024-12-09,Positive,Absolutely loved it!,12
4941,781,21,5.0,2025-04-07,Positive,Will watch again.,27
4942,354,1,4.5,2025-04-09,Positive,Highly recommend.,27
4943,722,5,5.0,2025-01-27,Positive,Highly recommend.,8
4944,371,19,5.0,2025-04-19,Positive,Will watch again.,10
4945,138,8,2.5,2025-02-13,Neutral,Had its highs and lows.,106
4946,420,16,4.0,2024-12-02,Positive,Absolutely loved it!,89
4947,960,15,3.5,2025-04-23,Neutral,Some good moments.,79
4948,44,13,4.0,2025-03-26,Positive,Absolutely loved it!,115
4949,695,9,4.0,2025-04-23,Positive,Great performances all around.,76
4950,587,2,3.5,2024-08-13,Neutral,Average for its genre.,67
4951,1055,12,2.5,2025-02-06,Neutral,Decent watch.,48
4952,122,1,4.5,2025-04-15,Positive,One of the best this year.,95
4953,262,12,3.5,2025-04-02,Neutral,Nothing special but enjoyable.,119
4954,710,13,4.0,2025-03-26,Positive,Highly recommend.,49
4955,139,13,4.5,2025-04-12,Positive,Absolutely loved it!,53
4956,1119,8,3.0,2025-02-27,Neutral,Nothing special but enjoyable.,38
4957,858,10,3.0,2024-08-14,Neutral,Some good moments.,95
4958,159,18,4.0,2024-12-17,Positive,A visual masterpiece.,117
4959,1085,21,3.5,2025-04-17,Neutral,Average for its genre.,103
4960,1036,23,3.5,2025-02-14,Neutral,Worth a one-time watch.,77
4961,55,18,4.5,2025-05-03,Positive,Highly recommend.,32
4962,973,13,5.0,2025-04-09,Positive,Highly recommend.,65
4963,95,19,4.0,2025-04-26,Positive,A visual masterpiece.,71
4964,1055,24,4.5,2025-03-29,Positive,Gripping from start to finish.,63
4965,441,1,4.5,2025-03-13,Positive,Exceeded my expectations.,26
4966,899,21,5.0,2025-03-30,Positive,Will watch again.,74
4967,442,9,4.0,2025-04-27,Positive,Gripping from start to finish.,108
4968,186,10,3.0,2024-11-24,Neutral,Worth a one-time watch.,78
4969,223,24,4.0,2025-01-09,Positive,Highly recommend.,28
4970,60,1,4.0,2025-03-14,Positive,Great performances all around.,104
4971,1003,10,4.0,2025-04-20,Positive,Gripping from start to finish.,87
4972,452,21,3.5,2025-04-27,Neutral,Average for its genre.,94
4973,367,19,3.0,2025-04-17,Neutral,Had its highs and lows.,92
4974,826,5,3.5,2025-01-16,Neutral,Nothing special but enjoyable.,116
4975,99,11,4.0,2025-04-13,Positive,Exceeded my expectations.,103
4976,137,6,3.0,2025-03-11,Neutral,Had its highs and lows.,4
4977,74,24,3.5,2025-01-29,Neutral,Average for its genre.,69
4978,1039,25,2.5,2024-07-18,Neutral,Nothing special but enjoyable.,3
4979,747,24,3.5,2025-04-12,Neutral,Nothing special but enjoyable.,38
4980,78,5,4.5,2025-04-26,Positive,Gripping from start to finish.,8
4981,391,1,5.0,2025-01-31,Positive,One of the best this year.,52
4982,682,13,4.0,2025-04-13,Positive,Will watch again.,103
4983,1083,15,4.0,2025-03-28,Positive,Great performances all around.,65
4984,205,1,5.0,2025-04-19,Positive,Exceeded my expectations.,35
4985,432,4,4.5,2025-04-01,Positive,Great performances all around.,88
4986,1127,21,4.0,2025-05-01,Positive,Great performances all around.,35
4987,205,23,4.0,2025-03-07,Positive,Will watch again.,46
4988,537,21,4.0,2025-04-13,Positive,Great performances all around.,25
4989,521,7,3.5,2025-01-28,Neutral,Decent watch.,52
4990,123,13,4.5,2025-03-27,Positive,A visual masterpiece.,106
4991,292,19,4.5,2025-04-26,Positive,Will watch again.,105
4992,1033,7,3.5,2024-12-18,Neutral,Nothing special but enjoyable.,44
4993,390,6,3.5,2025-04-09,Neutral,Average for its genre.,28
4994,933,24,4.5,2025-04-20,Positive,Absolutely loved it!,61
4995,504,14,4.0,2025-02-24,Positive,Great performances all around.,22
4996,669,1,5.0,2025-01-19,Positive,Highly recommend.,87
4997,1124,14,3.5,2025-02-01,Neutral,Some good moments.,56
4998,62,4,4.5,2025-04-29,Positive,Will watch again.,83
4999,18,1,5.0,2025-01-19,Positive,Exceeded my expectations.,84
5000,167,21,4.0,2025-04-11,Positive,Highly recommend.,45
5001,799,9,4.0,2025-04-10,Positive,Highly recommend.,43
5002,392,12,3.5,2025-04-07,Neutral,Average for its genre.,96
5003,1095,24,5.0,2025-01-12,Positive,Top-tier storytelling.,47
5004,6,7,2.5,2025-01-13,Neutral,Some good moments.,106
5005,242,1,4.0,2025-04-03,Positive,Top-tier storytelling.,48
5006,998,19,3.0,2025-04-26,Neutral,Nothing special but enjoyable.,72
5007,945,3,4.0,2025-02-21,Positive,Highly recommend.,92
5008,694,13,4.5,2025-04-27,Positive,Great performances all around.,83
5009,648,22,3.5,2025-05-03,Neutral,Decent watch.,14
5010,579,20,1.5,2024-10-20,Negative,Wasted potential.,64
5011,433,5,4.0,2024-09-27,Positive,Exceeded my expectations.,110
5012,15,15,2.5,2025-03-20,Neutral,Average for its genre.,4
5013,1017,21,4.0,2025-04-04,Positive,Gripping from start to finish.,115
5014,890,13,4.5,2025-04-20,Positive,Top-tier storytelling.,25
5015,1146,14,4.0,2025-04-05,Positive,A visual masterpiece.,66
5016,1122,23,4.5,2025-04-17,Positive,A visual masterpiece.,48
5017,529,8,2.0,2025-02-08,Negative,Felt like a cash grab.,42
5018,852,9,5.0,2025-04-21,Positive,Highly recommend.,102
5019,312,18,4.0,2024-11-24,Positive,Top-tier storytelling.,31
5020,573,6,2.0,2025-03-07,Negative,Very disappointing.,86
5021,576,2,4.0,2024-09-22,Positive,Highly recommend.,15
5022,248,12,4.5,2025-01-17,Positive,A visual masterpiece.,109
5023,292,10,3.5,2024-08-27,Neutral,Had its highs and lows.,81
5024,219,25,4.0,2024-11-13,Positive,Great performances all around.,6
5025,601,25,3.5,2025-02-18,Neutral,Had its highs and lows.,68
5026,819,20,2.5,2024-09-24,Neutral,Worth a one-time watch.,54
5027,1132,14,4.0,2024-11-15,Positive,Highly recommend.,41
5028,1081,13,4.0,2025-03-25,Positive,Will watch again.,48
5029,551,21,5.0,2025-03-29,Positive,One of the best this year.,91
5030,84,15,4.5,2025-03-17,Positive,Top-tier storytelling.,116
5031,128,5,4.0,2025-03-08,Positive,Absolutely loved it!,70
5032,469,21,3.5,2025-04-10,Neutral,Average for its genre.,29
5033,1091,21,4.5,2025-04-12,Positive,Top-tier storytelling.,60
5034,340,1,2.5,2025-04-19,Neutral,Some good moments.,56
5035,629,5,3.5,2025-03-28,Neutral,Worth a one-time watch.,31
5036,9,11,4.0,2025-04-09,Positive,Exceeded my expectations.,10
5037,550,25,3.5,2024-10-03,Neutral,Nothing special but enjoyable.,6
5038,983,21,4.0,2025-04-06,Positive,Highly recommend.,112
5039,548,3,3.0,2025-04-14,Neutral,Decent watch.,24
5040,730,1,5.0,2025-03-04,Positive,Top-tier storytelling.,72
5041,1113,14,4.0,2024-09-10,Positive,Great performances all around.,57
5042,1174,9,4.5,2025-04-16,Positive,Gripping from start to finish.,85
5043,625,11,5.0,2025-02-11,Positive,Absolutely loved it!,7
5044,139,11,4.5,2025-02-09,Positive,Gripping from start to finish.,4
5045,1135,23,4.0,2025-04-07,Positive,Will watch again.,101
5046,822,10,3.0,2025-02-15,Neutral,Average for its genre.,87
5047,367,15,4.0,2025-04-02,Positive,Top-tier storytelling.,84
5048,314,22,3.0,2025-03-17,Neutral,Worth a one-time watch.,1
5049,1010,18,5.0,2025-03-01,Positive,A visual masterpiece.,58
5050,176,16,4.0,2025-03-19,Positive,Top-tier storytelling.,81
5051,868,16,3.0,2024-12-13,Neutral,Nothing special but enjoyable.,27
5052,255,22,4.5,2025-03-21,Positive,Great performances all around.,35
5053,100,6,3.0,2025-03-07,Neutral,Decent watch.,20
5054,778,12,4.0,2025-01-27,Positive,Great performances all around.,52
5055,1038,15,4.0,2025-04-12,Positive,Highly recommend.,105
5056,876,5,4.5,2024-11-15,Positive,One of the best this year.,36
5057,1037,21,3.5,2025-04-20,Neutral,Some good moments.,10
5058,579,3,3.5,2025-03-30,Neutral,Worth a one-time watch.,118
5059,52,3,4.5,2025-01-19,Positive,Absolutely loved it!,9
5060,228,13,4.5,2025-03-27,Positive,Absolutely loved it!,108
5061,523,1,5.0,2025-04-04,Positive,One of the best this year.,75
5062,197,1,4.5,2025-03-16,Positive,Highly recommend.,0
5063,979,1,3.5,2025-01-22,Neutral,Decent watch.,51
5064,491,15,4.0,2025-04-25,Positive,Will watch again.,66
5065,844,22,3.0,2025-02-03,Neutral,Decent watch.,46
5066,478,8,3.5,2025-03-10,Neutral,Worth a one-time watch.,6
5067,194,14,4.0,2025-02-02,Positive,Highly recommend.,59
5068,1147,15,4.0,2025-04-16,Positive,Highly recommend.,38
5069,1087,20,3.0,2024-10-04,Neutral,Nothing special but enjoyable.,43
5070,1005,2,4.5,2024-10-11,Positive,Gripping from start to finish.,46
5071,462,11,3.0,2025-03-01,Neutral,Average for its genre.,73
5072,146,22,4.5,2024-12-04,Positive,Top-tier storytelling.,28
5073,128,4,4.5,2025-04-30,Positive,Will watch again.,96
5074,374,12,3.5,2024-12-11,Neutral,Had its highs and lows.,42
5075,406,8,1.0,2025-02-14,Negative,Very disappointing.,31
5076,89,7,3.0,2025-01-17,Neutral,Had its highs and lows.,99
5077,108,5,3.5,2024-11-01,Neutral,Nothing special but enjoyable.,99
5078,1051,23,3.5,2025-04-03,Neutral,Worth a one-time watch.,95
5079,198,19,4.0,2025-04-26,Positive,A visual masterpiece.,101
5080,398,18,5.0,2025-01-08,Positive,Highly recommend.,2
5081,578,22,2.5,2024-12-24,Neutral,Had its highs and lows.,31
5082,649,14,3.5,2024-12-20,Neutral,Decent watch.,96
5083,136,23,3.0,2025-02-20,Neutral,Had its highs and lows.,62
5084,1060,15,4.5,2025-03-03,Positive,Great performances all around.,27
5085,1118,24,4.0,2025-02-16,Positive,Highly recommend.,60
5086,1133,24,4.5,2025-02-01,Positive,Exceeded my expectations.,80
5087,281,1,4.0,2025-02-01,Positive,Great performances all around.,92
5088,860,1,4.0,2025-01-20,Positive,Gripping from start to finish.,66
5089,410,25,4.0,2024-11-20,Positive,One of the best this year.,83
5090,934,21,4.0,2025-04-07,Positive,Top-tier storytelling.,5
5091,912,5,3.5,2025-03-14,Neutral,Worth a one-time watch.,88
5092,570,19,4.0,2025-04-18,Positive,Absolutely loved it!,67
5093,873,9,5.0,2025-04-27,Positive,A visual masterpiece.,95
5094,278,6,3.0,2025-04-21,Neutral,Nothing special but enjoyable.,1
5095,962,4,5.0,2025-04-16,Positive,One of the best this year.,20
5096,485,11,4.0,2025-04-10,Positive,Will watch again.,42
5097,1038,19,3.5,2025-04-17,Neutral,Worth a one-time watch.,25
5098,372,16,3.5,2025-03-14,Neutral,Some good moments.,57
5099,1038,25,3.5,2024-07-17,Neutral,Average for its genre.,31
5100,473,13,4.5,2025-04-26,Positive,Will watch again.,13
5101,949,13,5.0,2025-03-28,Positive,Top-tier storytelling.,85
5102,1106,2,3.0,2024-12-01,Neutral,Nothing special but enjoyable.,110
5103,269,15,4.0,2025-03-01,Positive,One of the best this year.,92
5104,1077,3,5.0,2025-01-03,Positive,Will watch again.,7
5105,987,5,3.5,2024-10-27,Neutral,Worth a one-time watch.,22
5106,911,11,4.0,2025-03-11,Positive,Will watch again.,9
5107,1190,20,2.5,2024-09-12,Neutral,Had its highs and lows.,117
5108,1083,23,4.0,2025-03-06,Positive,One of the best this year.,75
5109,70,1,4.5,2025-01-23,Positive,Great performances all around.,73
5110,859,16,3.5,2025-01-14,Neutral,Decent watch.,16
5111,1118,13,4.0,2025-03-27,Positive,One of the best this year.,18
5112,89,11,4.0,2025-03-07,Positive,Highly recommend.,27
5113,65,10,4.5,2024-09-12,Positive,Great performances all around.,101
5114,905,17,3.5,2025-03-25,Neutral,Decent watch.,40
5115,1136,3,3.5,2025-01-29,Neutral,Worth a one-time watch.,99
5116,1189,1,4.5,2025-01-15,Positive,Absolutely loved it!,63
5117,518,9,4.0,2025-04-12,Positive,A visual masterpiece.,32
5118,635,22,3.5,2024-12-09,Neutral,Worth a one-time watch.,44
5119,1112,4,3.5,2025-04-22,Neutral,Worth a one-time watch.,44
5120,323,13,2.5,2025-04-19,Neutral,Had its highs and lows.,95
5121,37,4,2.5,2025-04-18,Neutral,Some good moments.,101
5122,80,22,4.5,2024-11-06,Positive,Exceeded my expectations.,41
5123,735,20,3.0,2024-10-01,Neutral,Average for its genre.,65
5124,449,22,4.5,2024-12-10,Positive,Highly recommend.,75
5125,428,16,5.0,2025-03-06,Positive,Will watch again.,28
5126,868,18,5.0,2025-02-13,Positive,Highly recommend.,55
5127,516,3,5.0,2025-02-06,Positive,Exceeded my expectations.,109
5128,958,21,4.5,2025-04-11,Positive,A visual masterpiece.,6
5129,1097,8,2.5,2025-02-14,Neutral,Nothing special but enjoyable.,72
5130,574,1,4.5,2025-02-02,Positive,Absolutely loved it!,51
5131,829,15,3.0,2025-04-17,Neutral,Nothing special but enjoyable.,95
5132,104,1,5.0,2025-01-24,Positive,Gripping from start to finish.,34
5133,964,22,3.5,2025-03-15,Neutral,Had its highs and lows.,9
5134,40,4,3.5,2025-03-29,Neutral,Worth a one-time watch.,2
5135,603,15,5.0,2025-04-27,Positive,Exceeded my expectations.,80
5136,367,14,4.5,2024-09-19,Positive,A visual masterpiece.,15
5137,1006,11,4.5,2025-04-07,Positive,Great performances all around.,56
5138,572,23,3.5,2025-04-07,Neutral,Decent watch.,96
5139,203,16,3.5,2025-03-11,Neutral,Some good moments.,60
5140,749,5,4.5,2024-09-12,Positive,Top-tier storytelling.,105
5141,632,15,4.0,2025-04-23,Positive,Top-tier storytelling.,54
5142,1004,3,5.0,2024-12-29,Positive,Absolutely loved it!,4
5143,514,6,3.5,2025-04-11,Neutral,Nothing special but enjoyable.,27
5144,202,24,4.0,2025-04-26,Positive,Great performances all around.,105
5145,746,7,3.0,2024-12-20,Neutral,Had its highs and lows.,77
5146,175,9,5.0,2025-04-22,Positive,Exceeded my expectations.,80
5147,329,5,4.0,2024-10-17,Positive,Exceeded my expectations.,116
5148,748,3,4.5,2024-12-27,Positive,Exceeded my expectations.,70
5149,698,13,3.5,2025-04-14,Neutral,Had its highs and lows.,88
5150,1087,22,4.5,2024-11-16,Positive,Gripping from start to finish.,74
5151,532,5,3.5,2025-04-12,Neutral,Had its highs and lows.,16
5152,126,12,3.5,2025-02-10,Neutral,Nothing special but enjoyable.,65
5153,681,14,5.0,2024-12-15,Positive,Absolutely loved it!,90
5154,392,17,4.0,2025-04-09,Positive,Top-tier storytelling.,7
5155,573,2,3.5,2025-03-08,Neutral,Worth a one-time watch.,71
5156,509,15,3.5,2025-03-27,Neutral,Worth a one-time watch.,112
5157,726,10,3.0,2024-09-06,Neutral,Some good moments.,61
5158,552,1,4.5,2025-03-09,Positive,Great performances all around.,82
5159,862,9,4.5,2025-04-22,Positive,One of the best this year.,49
5160,23,18,5.0,2024-10-17,Positive,Gripping from start to finish.,114
5161,1099,13,3.5,2025-04-30,Neutral,Nothing special but enjoyable.,38
5162,1148,7,3.0,2025-01-30,Neutral,Some good moments.,80
5163,730,25,4.5,2025-03-26,Positive,Exceeded my expectations.,34
5164,1195,14,3.0,2025-04-12,Neutral,Average for its genre.,43
5165,886,3,4.0,2025-01-22,Positive,Absolutely loved it!,50
5166,1009,9,4.0,2025-04-15,Positive,One of the best this year.,53
5167,472,25,4.0,2024-10-21,Positive,Exceeded my expectations.,100
5168,18,13,3.5,2025-04-19,Neutral,Some good moments.,16
5169,78,19,4.0,2025-04-19,Positive,One of the best this year.,67
5170,1012,7,1.5,2025-01-22,Negative,The plot made no sense.,77
5171,497,25,4.5,2025-04-01,Positive,Will watch again.,27
5172,1186,21,4.0,2025-04-26,Positive,One of the best this year.,26
5173,1072,4,4.5,2025-04-04,Positive,A visual masterpiece.,91
5174,89,24,4.0,2025-02-01,Positive,Will watch again.,56
5175,232,9,4.0,2025-04-22,Positive,Highly recommend.,44
5176,1198,16,3.5,2025-01-21,Neutral,Decent watch.,94
5177,1132,12,3.0,2025-01-23,Neutral,Some good moments.,46
5178,1091,5,4.0,2025-02-09,Positive,Exceeded my expectations.,113
5179,989,1,5.0,2025-03-08,Positive,A visual masterpiece.,30
5180,804,13,5.0,2025-04-28,Positive,A visual masterpiece.,109
5181,714,10,4.5,2024-12-05,Positive,Highly recommend.,85
5182,1046,14,4.0,2024-11-02,Positive,Great performances all around.,100
5183,1140,3,5.0,2025-01-24,Positive,Top-tier storytelling.,115
5184,1121,4,4.0,2025-03-05,Positive,Gripping from start to finish.,112
5185,308,17,4.0,2025-04-26,Positive,A visual masterpiece.,65
5186,438,8,3.0,2025-02-15,Neutral,Average for its genre.,70
5187,978,25,4.0,2024-09-13,Positive,Exceeded my expectations.,44
5188,1043,1,4.0,2025-03-15,Positive,Gripping from start to finish.,17
5189,406,17,4.5,2025-01-27,Positive,Great performances all around.,101
5190,145,13,3.0,2025-03-19,Neutral,Average for its genre.,88
5191,297,21,5.0,2025-04-14,Positive,A visual masterpiece.,0
5192,243,13,4.5,2025-04-11,Positive,Gripping from start to finish.,83
5193,866,9,4.0,2025-04-22,Positive,One of the best this year.,90
5194,607,19,4.0,2025-04-18,Positive,Exceeded my expectations.,53
5195,769,1,5.0,2025-02-23,Positive,Absolutely loved it!,26
5196,265,14,3.5,2025-03-26,Neutral,Some good moments.,16
5197,230,12,3.0,2025-04-01,Neutral,Nothing special but enjoyable.,94
5198,760,9,4.5,2025-04-21,Positive,One of the best this year.,71
5199,865,19,4.0,2025-04-29,Positive,Gripping from start to finish.,40
5200,215,10,3.5,2024-09-22,Neutral,Average for its genre.,11
5201,571,2,5.0,2025-03-25,Positive,A visual masterpiece.,93
5202,143,17,4.5,2025-01-31,Positive,Exceeded my expectations.,84
5203,926,15,4.0,2025-03-22,Positive,Absolutely loved it!,92
5204,133,11,4.0,2025-03-20,Positive,One of the best this year.,21
5205,606,4,4.5,2025-03-28,Positive,Exceeded my expectations.,117
5206,640,1,3.5,2025-03-14,Neutral,Worth a one-time watch.,62
5207,481,1,3.5,2025-04-12,Neutral,Some good moments.,117
5208,718,7,3.0,2024-12-21,Neutral,Decent watch.,52
5209,1092,1,4.0,2025-01-31,Positive,A visual masterpiece.,109
5210,4,10,2.5,2025-04-29,Neutral,Worth a one-time watch.,66
5211,634,20,2.5,2024-10-13,Neutral,Worth a one-time watch.,30
5212,736,14,3.5,2024-11-11,Neutral,Decent watch.,24
5213,530,4,4.5,2025-04-20,Positive,A visual masterpiece.,87
5214,1142,19,5.0,2025-04-30,Positive,One of the best this year.,56
5215,868,8,2.0,2025-02-19,Negative,Felt like a cash grab.,17
5216,376,24,3.5,2025-04-03,Neutral,Some good moments.,101
5217,464,22,3.5,2024-12-19,Neutral,Average for its genre.,89
5218,188,23,4.5,2025-03-01,Positive,One of the best this year.,83
5219,903,1,5.0,2025-04-28,Positive,Exceeded my expectations.,2
5220,314,5,5.0,2025-04-22,Positive,Highly recommend.,54
5221,100,3,3.5,2025-01-16,Neutral,Average for its genre.,81
5222,640,2,4.0,2024-10-29,Positive,One of the best this year.,106
5223,434,17,4.0,2025-04-21,Positive,Great performances all around.,71
5224,547,12,4.0,2025-01-05,Positive,Gripping from start to finish.,94
5225,825,4,3.0,2025-04-05,Neutral,Nothing special but enjoyable.,10
5226,727,12,4.0,2025-02-27,Positive,A visual masterpiece.,73
5227,1114,3,3.5,2025-02-26,Neutral,Some good moments.,98
5228,1144,15,4.0,2025-03-09,Positive,Highly recommend.,85
5229,252,8,3.5,2025-01-31,Neutral,Nothing special but enjoyable.,68
5230,455,18,4.5,2025-02-06,Positive,Gripping from start to finish.,31
5231,1092,13,4.0,2025-04-12,Positive,A visual masterpiece.,120
5232,1166,17,4.0,2025-04-17,Positive,Absolutely loved it!,6
5233,346,15,4.5,2025-04-22,Positive,A visual masterpiece.,120
5234,499,9,3.0,2025-04-18,Neutral,Nothing special but enjoyable.,114
5235,303,24,4.0,2025-04-21,Positive,One of the best this year.,77
5236,459,3,4.5,2025-04-14,Positive,Will watch again.,120
5237,155,15,3.5,2025-04-12,Neutral,Worth a one-time watch.,119
5238,446,23,3.5,2025-03-26,Neutral,Average for its genre.,100
5239,645,4,4.0,2025-02-28,Positive,Great performances all around.,57
5240,911,18,4.5,2024-11-29,Positive,One of the best this year.,81
5241,53,9,5.0,2025-04-26,Positive,Will watch again.,102
5242,620,21,4.0,2025-04-03,Positive,A visual masterpiece.,112
5243,1166,18,3.5,2025-01-20,Neutral,Worth a one-time watch.,12
5244,202,15,3.5,2025-03-05,Neutral,Nothing special but enjoyable.,15
5245,750,19,4.0,2025-04-26,Positive,Absolutely loved it!,115
5246,261,15,2.5,2025-03-16,Neutral,Average for its genre.,99
5247,1064,1,5.0,2025-01-17,Positive,Top-tier storytelling.,115
5248,68,25,4.0,2025-03-24,Positive,Will watch again.,25
5249,1110,7,2.5,2025-01-20,Neutral,Had its highs and lows.,44
5250,250,6,3.5,2025-03-16,Neutral,Nothing special but enjoyable.,72
5251,605,23,4.0,2025-04-30,Positive,Great performances all around.,117
5252,836,19,4.5,2025-04-27,Positive,Gripping from start to finish.,107
5253,782,6,3.0,2025-03-19,Neutral,Decent watch.,83
5254,792,21,4.0,2025-03-27,Positive,One of the best this year.,12
5255,247,24,3.0,2025-04-17,Neutral,Some good moments.,106
5256,312,2,4.0,2024-11-21,Positive,Absolutely loved it!,87
5257,913,11,5.0,2025-04-02,Positive,Highly recommend.,85
5258,828,1,5.0,2025-01-17,Positive,Top-tier storytelling.,27
5259,1061,14,4.0,2024-11-20,Positive,A visual masterpiece.,61
5260,852,22,3.5,2024-12-11,Neutral,Worth a one-time watch.,120
5261,711,4,5.0,2025-03-09,Positive,Highly recommend.,63
5262,209,15,3.5,2025-04-25,Neutral,Worth a one-time watch.,39
5263,810,7,2.0,2025-01-30,Negative,The plot made no sense.,92
5264,66,4,4.5,2025-04-21,Positive,Will watch again.,32
5265,303,4,4.0,2025-04-19,Positive,Exceeded my expectations.,20
5266,457,24,4.0,2025-01-15,Positive,Absolutely loved it!,60
5267,768,22,3.0,2024-12-29,Neutral,Average for its genre.,70
5268,197,7,2.5,2025-01-14,Neutral,Some good moments.,118
5269,967,12,3.0,2025-02-16,Neutral,Worth a one-time watch.,117
5270,945,2,4.0,2025-04-15,Positive,One of the best this year.,24
5271,1135,13,4.5,2025-04-25,Positive,A visual masterpiece.,3
5272,14,20,2.5,2024-09-14,Neutral,Had its highs and lows.,98
5273,1058,23,2.5,2025-02-13,Neutral,Had its highs and lows.,73
5274,938,18,4.5,2024-10-16,Positive,One of the best this year.,90
5275,42,5,4.0,2025-04-21,Positive,Exceeded my expectations.,79
5276,76,7,2.5,2025-01-05,Neutral,Average for its genre.,73
5277,297,15,3.5,2025-04-15,Neutral,Some good moments.,18
5278,727,14,3.0,2024-08-07,Neutral,Some good moments.,100
5279,1065,1,4.0,2025-04-21,Positive,Highly recommend.,23
5280,15,1,4.5,2025-04-14,Positive,Highly recommend.,40
5281,951,16,3.0,2025-04-12,Neutral,Had its highs and lows.,97
5282,85,1,5.0,2025-03-15,Positive,Absolutely loved it!,111
5283,866,15,4.0,2025-04-24,Positive,Absolutely loved it!,15
5284,517,4,4.0,2025-04-15,Positive,Will watch again.,11
5285,240,22,4.5,2025-03-19,Positive,Gripping from start to finish.,111
5286,347,24,4.5,2025-03-23,Positive,Will watch again.,40
5287,1120,23,5.0,2025-03-03,Positive,A visual masterpiece.,84
5288,517,17,4.5,2025-03-03,Positive,Top-tier storytelling.,98
5289,969,14,4.0,2025-02-18,Positive,Exceeded my expectations.,52
5290,880,3,5.0,2025-01-08,Positive,Exceeded my expectations.,23
5291,483,11,4.5,2025-04-10,Positive,Great performances all around.,101
5292,387,15,3.5,2025-03-24,Neutral,Average for its genre.,84
5293,978,23,4.0,2025-04-03,Positive,Exceeded my expectations.,40
5294,557,3,5.0,2024-12-16,Positive,Absolutely loved it!,67
5295,827,2,4.5,2024-10-12,Positive,A visual masterpiece.,104
5296,698,7,1.5,2024-12-17,Negative,Poor writing overall.,68
5297,849,18,4.5,2025-01-12,Positive,Exceeded my expectations.,66
5298,59,15,4.5,2025-04-23,Positive,Highly recommend.,102
5299,1027,4,4.5,2025-04-02,Positive,Absolutely loved it!,49
5300,210,13,3.5,2025-04-20,Neutral,Worth a one-time watch.,47
5301,655,8,3.0,2025-03-01,Neutral,Had its highs and lows.,28
5302,1075,22,4.5,2024-12-08,Positive,A visual masterpiece.,27
5303,1077,23,4.0,2025-02-11,Positive,Will watch again.,15
5304,768,5,3.0,2025-04-15,Neutral,Worth a one-time watch.,64
5305,516,18,4.0,2025-03-07,Positive,Top-tier storytelling.,60
5306,795,7,2.0,2025-01-17,Negative,Would not recommend.,13
5307,480,23,4.5,2025-05-01,Positive,Will watch again.,100
5308,139,10,3.0,2024-08-22,Neutral,Some good moments.,52
5309,872,16,2.5,2025-05-02,Neutral,Worth a one-time watch.,111
5310,1170,2,2.5,2024-11-01,Neutral,Some good moments.,58
5311,240,6,3.5,2025-04-04,Neutral,Nothing special but enjoyable.,17
5312,1010,24,3.0,2025-03-01,Neutral,Worth a one-time watch.,7
5313,878,25,4.0,2025-01-26,Positive,Gripping from start to finish.,92
5314,315,21,3.5,2025-04-07,Neutral,Average for its genre.,111
5315,114,15,3.5,2025-04-06,Neutral,Had its highs and lows.,98
5316,496,25,4.0,2024-07-23,Positive,Absolutely loved it!,106
5317,37,20,2.0,2024-08-25,Negative,Poor writing overall.,26
5318,829,11,5.0,2025-04-24,Positive,Absolutely loved it!,15
5319,1076,13,4.0,2025-03-28,Positive,Exceeded my expectations.,105
5320,797,13,4.0,2025-04-13,Positive,Exceeded my expectations.,1
5321,767,25,3.5,2024-10-28,Neutral,Average for its genre.,20
5322,1029,3,4.0,2025-01-14,Positive,Will watch again.,67
5323,543,19,4.0,2025-04-19,Positive,Exceeded my expectations.,71
5324,960,4,4.0,2025-02-17,Positive,A visual masterpiece.,12
5325,700,25,3.5,2025-03-16,Neutral,Had its highs and lows.,10
5326,58,21,4.5,2025-04-26,Positive,Exceeded my expectations.,25
5327,476,17,4.0,2025-04-07,Positive,Highly recommend.,6
5328,352,17,4.0,2025-02-11,Positive,Gripping from start to finish.,27
5329,1102,15,4.0,2025-04-07,Positive,Exceeded my expectations.,22
5330,515,7,3.0,2025-01-06,Neutral,Worth a one-time watch.,6
5331,603,24,3.5,2025-03-03,Neutral,Some good moments.,31
5332,325,2,5.0,2025-03-16,Positive,Highly recommend.,35
5333,509,5,5.0,2025-01-07,Positive,Exceeded my expectations.,1
5334,406,19,4.0,2025-04-26,Positive,Gripping from start to finish.,92
5335,786,17,4.5,2025-02-09,Positive,Great performances all around.,71
5336,1063,25,3.5,2025-03-05,Neutral,Average for its genre.,97
5337,312,17,5.0,2025-03-04,Positive,Top-tier storytelling.,116
5338,1156,23,3.5,2025-02-27,Neutral,Decent watch.,67
5339,1173,5,4.0,2024-12-14,Positive,Highly recommend.,84
5340,889,16,3.5,2025-02-10,Neutral,Some good moments.,88
5341,553,1,5.0,2025-01-21,Positive,Highly recommend.,17
5342,361,14,4.0,2025-03-04,Positive,One of the best this year.,33
5343,431,1,4.0,2025-01-15,Positive,One of the best this year.,3
5344,737,23,4.0,2025-04-20,Positive,Highly recommend.,93
5345,569,11,4.0,2025-03-18,Positive,Great performances all around.,5
5346,50,18,5.0,2025-04-24,Positive,Gripping from start to finish.,47
5347,934,25,4.0,2025-05-01,Positive,Absolutely loved it!,110
5348,155,5,4.0,2025-03-03,Positive,Exceeded my expectations.,28
5349,714,21,4.5,2025-03-30,Positive,A visual masterpiece.,32
5350,594,12,3.5,2025-02-01,Neutral,Some good moments.,78
5351,886,6,3.5,2025-03-12,Neutral,Nothing special but enjoyable.,80
5352,1059,15,3.0,2025-04-10,Neutral,Some good moments.,60
5353,1150,18,5.0,2025-01-05,Positive,A visual masterpiece.,55
5354,724,6,3.0,2025-05-01,Neutral,Worth a one-time watch.,83
5355,1088,15,4.0,2025-04-16,Positive,Absolutely loved it!,20
5356,810,18,3.5,2024-12-02,Neutral,Decent watch.,111
5357,330,11,4.5,2025-03-05,Positive,Gripping from start to finish.,104
5358,144,1,5.0,2025-02-07,Positive,Highly recommend.,17
5359,609,9,4.5,2025-04-21,Positive,Highly recommend.,63
5360,511,5,4.0,2024-11-26,Positive,A visual masterpiece.,59
5361,170,3,4.5,2025-02-04,Positive,One of the best this year.,88
5362,1119,5,4.0,2025-04-29,Positive,Absolutely loved it!,38
5363,1145,22,3.0,2025-01-19,Neutral,Had its highs and lows.,82
5364,537,13,5.0,2025-04-30,Positive,Will watch again.,27
5365,252,16,4.0,2025-01-08,Positive,One of the best this year.,7
5366,527,3,3.5,2024-12-13,Neutral,Decent watch.,57
5367,628,16,4.0,2024-12-01,Positive,Absolutely loved it!,79
5368,1108,22,3.5,2025-02-28,Neutral,Decent watch.,82
5369,327,4,4.5,2025-04-11,Positive,One of the best this year.,119
5370,640,24,3.0,2024-12-23,Neutral,Some good moments.,94
5371,522,20,2.5,2024-10-06,Neutral,Nothing special but enjoyable.,120
5372,531,9,5.0,2025-04-11,Positive,Absolutely loved it!,65
5373,180,21,5.0,2025-04-24,Positive,Will watch again.,57
5374,515,4,5.0,2025-04-04,Positive,Top-tier storytelling.,76
5375,152,15,3.5,2025-04-08,Neutral,Nothing special but enjoyable.,114
5376,752,18,3.5,2025-02-11,Neutral,Average for its genre.,28
5377,208,25,4.0,2025-01-10,Positive,Gripping from start to finish.,53
5378,1182,1,3.0,2025-02-21,Neutral,Decent watch.,33
5379,70,16,3.0,2025-01-17,Neutral,Average for its genre.,72
5380,263,17,3.5,2025-01-26,Neutral,Decent watch.,14
5381,705,23,4.5,2025-02-10,Positive,Absolutely loved it!,116
5382,173,3,4.5,2025-04-26,Positive,Highly recommend.,68
5383,636,10,4.0,2025-03-01,Positive,One of the best this year.,16
5384,234,24,4.0,2024-12-24,Positive,Highly recommend.,92
5385,244,8,2.5,2025-01-30,Neutral,Average for its genre.,85
5386,405,8,2.0,2025-03-30,Negative,Very disappointing.,29
5387,192,19,4.5,2025-04-19,Positive,Will watch again.,69
5388,475,11,4.0,2025-02-07,Positive,Gripping from start to finish.,68
5389,1061,12,4.0,2024-12-24,Positive,Gripping from start to finish.,98
5390,1060,12,3.5,2024-10-27,Neutral,Decent watch.,71
5391,1002,2,4.5,2024-12-25,Positive,Exceeded my expectations.,68
5392,631,9,4.0,2025-04-29,Positive,Will watch again.,65
5393,250,4,4.5,2025-03-21,Positive,Top-tier storytelling.,70
5394,57,2,5.0,2024-12-12,Positive,Top-tier storytelling.,15
5395,831,2,4.5,2024-11-07,Positive,Top-tier storytelling.,30
5396,788,1,3.5,2025-01-27,Neutral,Worth a one-time watch.,11
5397,818,14,3.5,2025-04-26,Neutral,Some good moments.,1
5398,199,2,3.5,2024-12-14,Neutral,Some good moments.,75
5399,880,2,4.5,2025-01-27,Positive,Great performances all around.,50
5400,523,14,4.0,2024-12-23,Positive,Highly recommend.,75
5401,190,6,2.0,2025-04-15,Negative,The plot made no sense.,38
5402,161,11,4.0,2025-03-13,Positive,Exceeded my expectations.,91
5403,677,9,5.0,2025-04-18,Positive,Exceeded my expectations.,67
5404,487,13,4.0,2025-04-02,Positive,Will watch again.,46
5405,1178,6,3.5,2025-03-17,Neutral,Some good moments.,76
5406,613,23,4.0,2025-04-06,Positive,One of the best this year.,85
5407,1149,23,4.5,2025-03-30,Positive,Absolutely loved it!,5
5408,690,9,4.5,2025-04-17,Positive,Absolutely loved it!,8
5409,913,17,3.5,2025-03-07,Neutral,Had its highs and lows.,63
5410,1140,11,4.5,2025-02-28,Positive,One of the best this year.,117
5411,476,6,3.0,2025-04-09,Neutral,Average for its genre.,60
5412,1096,16,2.5,2025-02-24,Neutral,Average for its genre.,66
5413,951,15,3.5,2025-03-22,Neutral,Nothing special but enjoyable.,12
5414,309,2,4.0,2024-10-15,Positive,Gripping from start to finish.,78
5415,1144,22,4.0,2025-04-16,Positive,Exceeded my expectations.,119
5416,441,5,3.5,2025-03-10,Neutral,Had its highs and lows.,104
5417,1094,15,2.5,2025-04-04,Neutral,Average for its genre.,55
5418,63,5,3.5,2025-01-15,Neutral,Had its highs and lows.,47
5419,635,14,4.0,2025-04-29,Positive,Highly recommend.,35
5420,1005,13,3.5,2025-04-08,Neutral,Worth a one-time watch.,32
5421,719,12,3.5,2024-10-30,Neutral,Average for its genre.,17
5422,414,18,4.0,2024-10-20,Positive,Gripping from start to finish.,100
5423,668,1,4.0,2025-02-23,Positive,Top-tier storytelling.,85
5424,301,19,4.0,2025-04-18,Positive,A visual masterpiece.,68
5425,913,4,4.5,2025-04-13,Positive,Top-tier storytelling.,64
5426,505,24,3.5,2025-03-20,Neutral,Average for its genre.,30
5427,761,5,3.0,2024-12-27,Neutral,Worth a one-time watch.,93
5428,1166,1,5.0,2025-05-02,Positive,A visual masterpiece.,89
5429,636,19,4.5,2025-04-17,Positive,Highly recommend.,0
5430,769,19,4.5,2025-04-25,Positive,Absolutely loved it!,7
5431,52,1,4.5,2025-01-31,Positive,Highly recommend.,97
5432,345,15,4.5,2025-03-07,Positive,A visual masterpiece.,81
5433,1009,17,5.0,2025-01-23,Positive,Absolutely loved it!,88
5434,807,13,3.5,2025-04-29,Neutral,Some good moments.,22
5435,962,10,3.5,2025-01-24,Neutral,Some good moments.,97
5436,820,4,4.0,2025-04-16,Positive,Absolutely loved it!,16
5437,934,23,4.5,2025-02-17,Positive,A visual masterpiece.,38
5438,441,20,3.5,2024-10-08,Neutral,Nothing special but enjoyable.,52
5439,430,4,5.0,2025-04-11,Positive,Exceeded my expectations.,8
5440,496,15,4.0,2025-04-02,Positive,Highly recommend.,112
5441,1193,19,3.5,2025-04-19,Neutral,Worth a one-time watch.,53
5442,1069,21,5.0,2025-04-28,Positive,Top-tier storytelling.,86
5443,1163,15,4.5,2025-04-22,Positive,Highly recommend.,56
5444,972,2,3.5,2024-11-10,Neutral,Decent watch.,26
5445,484,14,3.0,2024-11-26,Neutral,Average for its genre.,6
5446,74,22,3.5,2024-11-10,Neutral,Worth a one-time watch.,53
5447,816,25,2.5,2024-10-01,Neutral,Worth a one-time watch.,21
5448,150,21,4.5,2025-03-27,Positive,One of the best this year.,51
5449,881,21,3.5,2025-04-01,Neutral,Worth a one-time watch.,42
5450,84,22,2.5,2025-01-03,Neutral,Nothing special but enjoyable.,34
5451,1136,22,3.5,2025-03-24,Neutral,Worth a one-time watch.,118
5452,846,5,4.5,2025-01-09,Positive,Gripping from start to finish.,60
5453,384,16,4.0,2025-04-16,Positive,One of the best this year.,84
5454,235,4,4.0,2025-04-03,Positive,Great performances all around.,47
5455,703,9,3.5,2025-04-26,Neutral,Decent watch.,0
5456,556,12,4.0,2025-01-31,Positive,Gripping from start to finish.,11
5457,1098,15,3.0,2025-05-03,Neutral,Had its highs and lows.,49
5458,287,23,4.0,2025-03-22,Positive,One of the best this year.,63
5459,26,2,3.5,2025-01-11,Neutral,Some good moments.,15
5460,1114,1,4.0,2025-03-19,Positive,Absolutely loved it!,99
5461,390,14,4.0,2024-09-25,Positive,Absolutely loved it!,30
5462,867,9,4.0,2025-04-29,Positive,Will watch again.,49
5463,605,12,4.0,2024-10-21,Positive,Exceeded my expectations.,52
5464,165,23,3.0,2025-03-20,Neutral,Decent watch.,53
5465,82,22,4.0,2025-04-09,Positive,A visual masterpiece.,114
5466,789,21,3.5,2025-04-14,Neutral,Average for its genre.,12
5467,196,18,3.5,2024-09-29,Neutral,Some good moments.,110
5468,361,1,5.0,2025-04-08,Positive,A visual masterpiece.,51
5469,992,24,3.0,2025-02-14,Neutral,Nothing special but enjoyable.,2
5470,1063,21,4.0,2025-03-27,Positive,Will watch again.,113
5471,1163,4,4.5,2025-04-17,Positive,Highly recommend.,66
5472,138,7,2.0,2025-01-28,Negative,Couldn't finish it.,109
5473,958,3,4.0,2025-04-23,Positive,Great performances all around.,68
5474,1008,7,2.5,2024-12-16,Neutral,Nothing special but enjoyable.,97
5475,728,11,5.0,2025-03-23,Positive,Gripping from start to finish.,120
5476,757,11,5.0,2025-02-13,Positive,Highly recommend.,57
5477,1085,11,4.5,2025-03-01,Positive,One of the best this year.,7
5478,232,20,3.0,2024-10-06,Neutral,Average for its genre.,85
5479,728,23,5.0,2025-03-21,Positive,Top-tier storytelling.,116
5480,416,18,3.5,2024-12-10,Neutral,Average for its genre.,62
5481,118,9,4.0,2025-04-23,Positive,Will watch again.,16
5482,899,19,4.0,2025-04-19,Positive,A visual masterpiece.,98
5483,254,1,4.5,2025-04-21,Positive,Great performances all around.,98
5484,887,2,4.5,2024-12-19,Positive,One of the best this year.,104
5485,1067,19,4.5,2025-04-25,Positive,A visual masterpiece.,61
5486,771,4,4.5,2025-04-03,Positive,Top-tier storytelling.,47
5487,409,11,3.0,2025-04-06,Neutral,Worth a one-time watch.,96
5488,418,11,4.5,2025-03-07,Positive,One of the best this year.,97
5489,772,25,5.0,2024-11-24,Positive,Highly recommend.,61
5490,1059,10,4.5,2024-10-19,Positive,Exceeded my expectations.,97
5491,1113,11,3.5,2025-03-25,Neutral,Some good moments.,24
5492,929,18,4.5,2024-10-17,Positive,Absolutely loved it!,44
5493,325,7,3.0,2025-01-23,Neutral,Worth a one-time watch.,9
5494,707,21,4.5,2025-03-31,Positive,Absolutely loved it!,82
5495,1193,10,3.5,2024-08-17,Neutral,Some good moments.,40
5496,1106,11,5.0,2025-04-22,Positive,Will watch again.,21
5497,913,25,4.5,2024-10-06,Positive,A visual masterpiece.,88
5498,100,15,4.5,2025-03-08,Positive,Gripping from start to finish.,4
5499,399,16,4.5,2024-11-20,Positive,Gripping from start to finish.,27
5500,192,24,4.0,2025-02-07,Positive,Exceeded my expectations.,21
5501,1124,7,3.0,2024-12-23,Neutral,Average for its genre.,65
5502,322,6,2.0,2025-03-22,Negative,Poor writing overall.,5
5503,866,1,5.0,2025-04-20,Positive,Will watch again.,15
5504,491,25,3.5,2025-04-24,Neutral,Worth a one-time watch.,119
5505,338,8,3.0,2025-02-03,Neutral,Worth a one-time watch.,0
5506,1153,19,4.5,2025-04-28,Positive,One of the best this year.,78
5507,1151,8,3.5,2025-03-03,Neutral,Some good moments.,73
5508,689,3,4.5,2024-12-10,Positive,Highly recommend.,120
5509,864,19,4.0,2025-04-14,Positive,Top-tier storytelling.,106
5510,813,5,2.5,2025-04-26,Neutral,Some good moments.,82
5511,1149,22,4.5,2024-11-12,Positive,Gripping from start to finish.,106
5512,1173,9,4.5,2025-04-26,Positive,One of the best this year.,16
5513,952,14,4.0,2025-01-23,Positive,One of the best this year.,8
5514,479,7,2.5,2025-01-30,Neutral,Some good moments.,88
5515,31,1,5.0,2025-01-22,Positive,One of the best this year.,82
5516,345,11,3.0,2025-02-10,Neutral,Average for its genre.,37
5517,1078,24,3.0,2025-01-31,Neutral,Had its highs and lows.,46
