viewer_id,first_name,last_name,email,age,gender,city,country,subscription_tier,join_date,is_active
1,Ananya,Patel,ananya.patel760@streammail.com,34,Female,Hyderabad,India,Basic,2024-10-17,True
2,Rahul,Patel,rahul.patel96@streammail.com,48,Female,Bengaluru,India,Standard,2023-11-01,True
3,Felix,Taylor,felix.taylor460@streammail.com,32,Female,Los Angeles,USA,Basic,2021-11-23,True
4,Sofia,Nair,sofia.nair95@streammail.com,30,Female,Chennai,India,Standard,2023-01-06,True
5,Nadia,Joshi,nadia.joshi997@streammail.com,39,Female,Toronto,Canada,Premium,2024-07-11,True
6,Arjun,Singh,arjun.singh678@streammail.com,35,Prefer not to say,Bengaluru,India,Premium,2022-08-16,True
7,Kwame,Wang,kwame.wang465@streammail.com,25,Female,Los Angeles,USA,Standard,2022-03-06,True
8,Arjun,Williams,arjun.williams547@streammail.com,39,Female,London,UK,Free,2021-12-01,False
9,Ethan,Garcia,ethan.garcia864@streammail.com,49,Male,London,UK,Free,2022-10-09,False
10,Carlos,Wilson,carlos.wilson672@streammail.com,38,Female,Ahmedabad,India,Free,2024-08-09,True
11,Wei,Popescu,wei.popescu920@streammail.com,16,Female,New York,USA,Free,2021-10-11,True
12,Ananya,Johnson,ananya.johnson643@streammail.com,58,Male,Delhi,India,Free,2024-10-25,True
13,Nadia,Chen,nadia.chen995@streammail.com,46,Female,New York,USA,Basic,2021-08-23,True
14,Sofia,Joshi,sofia.joshi301@streammail.com,26,Male,Pune,India,Standard,2023-07-19,True
15,Olivia,Nair,olivia.nair892@streammail.com,38,Male,Los Angeles,USA,Standard,2022-02-12,True
16,Aarav,Garcia,aarav.garcia501@streammail.com,22,Female,Mumbai,India,Standard,2023-01-14,True
17,Sneha,Anderson,sneha.anderson900@streammail.com,46,Prefer not to say,New York,USA,Basic,2021-05-22,True
18,Marcus,Williams,marcus.williams272@streammail.com,39,Male,New York,USA,Free,2024-05-27,True
19,Noah,Kim,noah.kim409@streammail.com,25,Female,Nairobi,Kenya,Free,2023-11-26,True
20,Priya,Taylor,priya.taylor603@streammail.com,23,Female,Bengaluru,India,Free,2021-05-26,True
21,Rahul,Martinez,rahul.martinez73@streammail.com,29,Male,New York,USA,Premium,2024-01-10,True
22,Marcus,Anderson,marcus.anderson804@streammail.com,43,Male,Pune,India,Free,2023-04-14,True
23,Elena,Okonkwo,elena.okonkwo479@streammail.com,45,Male,Melbourne,Australia,Basic,2024-08-16,True
24,Rohan,Anderson,rohan.anderson197@streammail.com,36,Male,Delhi,India,Free,2023-07-08,True
25,Arjun,Chopra,arjun.chopra828@streammail.com,28,Female,Melbourne,Australia,Premium,2024-01-13,False
26,Isabella,Williams,isabella.williams417@streammail.com,30,Female,Ahmedabad,India,Premium,2022-03-14,True
27,Aarav,Osei,aarav.osei272@streammail.com,33,Non-binary,Toronto,Canada,Premium,2024-11-27,True
28,Bianca,Johnson,bianca.johnson195@streammail.com,24,Female,Hyderabad,India,Basic,2021-04-30,True
29,Sneha,Kumar,sneha.kumar599@streammail.com,42,Prefer not to say,Pune,India,Free,2021-04-27,True
30,Arjun,Anderson,arjun.anderson414@streammail.com,26,Male,Delhi,India,Standard,2024-03-12,True
31,Felix,Garcia,felix.garcia958@streammail.com,27,Male,Bengaluru,India,Standard,2022-06-28,True
32,Carlos,Mehta,carlos.mehta10@streammail.com,24,Prefer not to say,Pune,India,Free,2024-02-28,True
33,Wei,Smith,wei.smith956@streammail.com,38,Male,Chennai,India,Standard,2022-08-07,True
34,Aarav,Kim,aarav.kim955@streammail.com,35,Male,Chicago,USA,Premium,2021-10-03,True
35,Emma,Wang,emma.wang289@streammail.com,30,Female,Los Angeles,USA,Basic,2024-07-22,True
36,Sneha,Reddy,sneha.reddy650@streammail.com,25,Male,Kolkata,India,Basic,2022-07-21,True
37,Wei,Williams,wei.williams760@streammail.com,28,Male,Pune,India,Premium,2021-08-18,False
38,Rahul,Hassan,rahul.hassan597@streammail.com,19,Male,New York,USA,Basic,2023-05-31,False
39,Rahul,Ali,rahul.ali216@streammail.com,27,Female,Chicago,USA,Basic,2024-02-21,True
40,Emma,Anderson,emma.anderson886@streammail.com,23,Female,Delhi,India,Free,2021-12-29,True
41,Sofia,Okonkwo,sofia.okonkwo822@streammail.com,31,Female,Chicago,USA,Free,2021-11-23,True
42,Marcus,Taylor,marcus.taylor205@streammail.com,24,Male,Sydney,Australia,Standard,2023-08-01,True
43,Ethan,Patel,ethan.patel676@streammail.com,22,Male,Delhi,India,Basic,2022-07-26,True
44,Sofia,Patel,sofia.patel119@streammail.com,49,Male,Melbourne,Australia,Premium,2022-06-19,True
45,Rohan,Popescu,rohan.popescu354@streammail.com,26,Male,London,UK,Premium,2023-11-14,True
46,Rahul,Popescu,rahul.popescu2@streammail.com,44,Female,New York,USA,Premium,2024-01-08,True
47,Noah,Hassan,noah.hassan442@streammail.com,27,Female,Mumbai,India,Free,2022-10-05,False
48,Hana,Okonkwo,hana.okonkwo335@streammail.com,24,Female,Kolkata,India,Free,2022-08-29,True
49,Kwame,Brown,kwame.brown631@streammail.com,16,Male,New York,USA,Basic,2022-09-15,True
50,Carlos,Volkov,carlos.volkov453@streammail.com,42,Female,Pune,India,Standard,2022-03-14,False
51,Liam,Reddy,liam.reddy291@streammail.com,25,Female,New York,USA,Free,2022-04-27,True
52,Priya,Singh,priya.singh251@streammail.com,25,Female,Nairobi,Kenya,Free,2024-06-05,True
53,Noah,Osei,noah.osei507@streammail.com,41,Female,Kolkata,India,Free,2021-08-07,True
54,Nadia,Kumar,nadia.kumar571@streammail.com,44,Female,Bengaluru,India,Standard,2021-09-06,True
55,Carlos,Chopra,carlos.chopra628@streammail.com,40,Male,Sydney,Australia,Free,2024-01-28,True
56,Dev,Chen,dev.chen770@streammail.com,25,Male,Bengaluru,India,Standard,2024-07-29,True
57,Isabella,Wang,isabella.wang451@streammail.com,30,Female,Mumbai,India,Free,2022-10-17,True
58,Kwame,Johnson,kwame.johnson724@streammail.com,39,Male,Bengaluru,India,Basic,2023-04-30,True
59,Ava,Okonkwo,ava.okonkwo399@streammail.com,18,Male,Toronto,Canada,Free,2024-03-25,True
60,Kwame,Okonkwo,kwame.okonkwo552@streammail.com,24,Female,London,UK,Premium,2024-01-24,True
61,Mei,Popescu,mei.popescu498@streammail.com,24,Female,Mumbai,India,Standard,2023-04-09,False
62,Priya,Diaz,priya.diaz607@streammail.com,44,Male,New York,USA,Basic,2021-02-25,True
63,Olivia,Kumar,olivia.kumar267@streammail.com,34,Male,Chennai,India,Premium,2023-02-16,True
64,Kavya,Webb,kavya.webb20@streammail.com,40,Prefer not to say,London,UK,Basic,2021-04-17,True
65,Rahul,Patel,rahul.patel973@streammail.com,39,Male,Bengaluru,India,Standard,2022-05-04,True
66,Ava,Volkov,ava.volkov717@streammail.com,20,Male,Bengaluru,India,Standard,2023-01-26,True
67,Ananya,Williams,ananya.williams988@streammail.com,16,Female,Hyderabad,India,Premium,2024-03-25,True
68,Noah,Mehta,noah.mehta607@streammail.com,21,Male,Houston,USA,Standard,2024-07-08,True
69,Ananya,Singh,ananya.singh356@streammail.com,30,Male,New York,USA,Standard,2024-08-19,True
70,Rohan,Popescu,rohan.popescu984@streammail.com,28,Female,Chennai,India,Basic,2023-07-31,True
71,Mei,Webb,mei.webb477@streammail.com,31,Female,Pune,India,Free,2022-05-18,False
72,Isabella,Volkov,isabella.volkov584@streammail.com,24,Male,Los Angeles,USA,Basic,2023-02-16,True
73,Bianca,Wilson,bianca.wilson364@streammail.com,20,Female,Manchester,UK,Standard,2024-12-07,True
74,Noah,Reddy,noah.reddy248@streammail.com,49,Female,Houston,USA,Free,2023-09-28,True
75,Bianca,Chopra,bianca.chopra812@streammail.com,29,Male,Mumbai,India,Standard,2022-05-14,True
76,Omar,Popescu,omar.popescu764@streammail.com,41,Female,New York,USA,Free,2022-12-22,True
77,Ananya,Davis,ananya.davis324@streammail.com,16,Male,Delhi,India,Standard,2022-01-15,True
78,Yuki,Nair,yuki.nair853@streammail.com,28,Male,Delhi,India,Basic,2022-04-11,True
79,James,Wang,james.wang47@streammail.com,17,Female,Singapore,Singapore,Standard,2021-09-16,True
80,Aarav,Tanaka,aarav.tanaka481@streammail.com,26,Male,Ahmedabad,India,Free,2022-11-29,False
81,Marcus,Joshi,marcus.joshi842@streammail.com,18,Male,Mumbai,India,Free,2024-11-06,True
82,Hana,Reddy,hana.reddy255@streammail.com,32,Female,Delhi,India,Standard,2023-05-03,True
83,Kwame,Chopra,kwame.chopra931@streammail.com,51,Female,Pune,India,Free,2022-09-18,False
84,Rohan,Wilson,rohan.wilson641@streammail.com,16,Male,Bengaluru,India,Free,2024-09-14,True
85,Liam,Sharma,liam.sharma419@streammail.com,25,Male,Pune,India,Free,2022-04-20,True
86,Arjun,Taylor,arjun.taylor947@streammail.com,27,Female,Bengaluru,India,Standard,2024-07-04,True
87,Ananya,Taylor,ananya.taylor664@streammail.com,31,Male,Delhi,India,Basic,2021-05-03,True
88,Yuki,Chopra,yuki.chopra128@streammail.com,37,Female,Pune,India,Premium,2022-09-15,True
89,Bianca,Chopra,bianca.chopra83@streammail.com,44,Male,Los Angeles,USA,Free,2024-05-21,False
90,Priya,Wang,priya.wang591@streammail.com,21,Female,Mumbai,India,Standard,2021-12-25,False
91,Olivia,Popescu,olivia.popescu651@streammail.com,43,Male,Sydney,Australia,Standard,2023-04-17,True
92,Sofia,Okonkwo,sofia.okonkwo711@streammail.com,29,Non-binary,Ahmedabad,India,Standard,2024-09-18,True
93,Nadia,Reddy,nadia.reddy323@streammail.com,44,Female,Bengaluru,India,Free,2023-11-20,True
94,Nadia,Okonkwo,nadia.okonkwo56@streammail.com,43,Female,Delhi,India,Basic,2023-01-11,True
95,Sneha,Wilson,sneha.wilson274@streammail.com,41,Female,New York,USA,Free,2024-12-01,True
96,Isabella,Williams,isabella.williams319@streammail.com,27,Male,New York,USA,Free,2024-02-06,True
97,Ananya,Volkov,ananya.volkov970@streammail.com,37,Male,Delhi,India,Standard,2025-01-07,True
98,Marcus,Webb,marcus.webb250@streammail.com,21,Male,Pune,India,Premium,2021-10-24,True
99,James,Mehta,james.mehta283@streammail.com,37,Male,London,UK,Free,2023-11-06,True
100,Bianca,Johnson,bianca.johnson458@streammail.com,24,Male,New York,USA,Standard,2022-12-08,True
101,Carlos,Davis,carlos.davis715@streammail.com,17,Male,Bengaluru,India,Standard,2023-04-22,True
102,Kwame,Osei,kwame.osei680@streammail.com,45,Prefer not to say,Manchester,UK,Basic,2024-08-28,True
103,Sofia,Nair,sofia.nair896@streammail.com,49,Female,Sydney,Australia,Basic,2021-02-01,True
104,Emma,Mehta,emma.mehta481@streammail.com,44,Male,Manchester,UK,Standard,2022-06-27,True
105,Sofia,Osei,sofia.osei978@streammail.com,28,Male,Hyderabad,India,Free,2024-01-14,True
106,Yuki,Taylor,yuki.taylor765@streammail.com,16,Female,Mumbai,India,Standard,2021-07-21,True
107,Liam,Kim,liam.kim926@streammail.com,30,Male,Mumbai,India,Free,2023-01-05,True
108,Olivia,Williams,olivia.williams180@streammail.com,35,Female,Mumbai,India,Free,2023-02-23,False
109,Emma,Taylor,emma.taylor473@streammail.com,17,Non-binary,Los Angeles,USA,Standard,2023-08-11,True
110,Dev,Ali,dev.ali602@streammail.com,35,Female,Hyderabad,India,Basic,2023-05-19,True
111,Kwame,Webb,kwame.webb110@streammail.com,20,Male,Bengaluru,India,Premium,2024-12-03,True
112,Mei,Sharma,mei.sharma580@streammail.com,26,Non-binary,Melbourne,Australia,Standard,2021-04-11,True
113,Yuki,Taylor,yuki.taylor622@streammail.com,33,Female,Manchester,UK,Standard,2022-05-29,True
114,James,Nair,james.nair926@streammail.com,38,Male,Los Angeles,USA,Basic,2021-03-22,True
115,James,Reddy,james.reddy932@streammail.com,31,Female,Hyderabad,India,Premium,2021-09-28,True
116,Mei,Williams,mei.williams264@streammail.com,25,Prefer not to say,Toronto,Canada,Free,2023-09-14,True
117,Ananya,Volkov,ananya.volkov987@streammail.com,32,Female,Mumbai,India,Premium,2024-10-17,False
118,Layla,Reddy,layla.reddy810@streammail.com,24,Female,Kolkata,India,Basic,2022-06-26,True
119,Wei,Osei,wei.osei843@streammail.com,21,Male,Los Angeles,USA,Premium,2023-08-24,True
120,Ethan,Mehta,ethan.mehta651@streammail.com,42,Male,Sydney,Australia,Basic,2024-12-06,True
121,Rahul,Kim,rahul.kim505@streammail.com,33,Female,Delhi,India,Standard,2023-03-07,True
122,Felix,Johnson,felix.johnson907@streammail.com,44,Female,Kolkata,India,Standard,2021-07-22,False
123,Mei,Singh,mei.singh707@streammail.com,16,Male,Chennai,India,Standard,2023-01-13,True
124,Omar,Kumar,omar.kumar408@streammail.com,40,Non-binary,Hyderabad,India,Standard,2021-09-08,True
125,Ava,Patel,ava.patel52@streammail.com,32,Male,Manchester,UK,Standard,2024-03-02,True
126,Ava,Taylor,ava.taylor337@streammail.com,37,Male,London,UK,Premium,2024-05-05,True
127,James,Chen,james.chen818@streammail.com,30,Male,Delhi,India,Standard,2021-01-31,True
128,Priya,Brown,priya.brown272@streammail.com,30,Male,Mumbai,India,Free,2025-02-28,True
129,Dev,Hassan,dev.hassan526@streammail.com,25,Male,Los Angeles,USA,Standard,2024-06-13,True
130,Hana,Volkov,hana.volkov659@streammail.com,34,Prefer not to say,Singapore,Singapore,Standard,2021-05-05,True
131,Rohan,Rossi,rohan.rossi730@streammail.com,35,Male,Toronto,Canada,Free,2024-05-30,True
132,Carlos,Osei,carlos.osei612@streammail.com,33,Female,New York,USA,Basic,2023-07-19,True
133,Ananya,Wilson,ananya.wilson441@streammail.com,33,Male,Pune,India,Standard,2023-07-18,True
134,Carlos,Chen,carlos.chen384@streammail.com,41,Non-binary,Dubai,UAE,Free,2024-11-07,True
135,Kavya,Popescu,kavya.popescu99@streammail.com,28,Female,London,UK,Standard,2021-05-03,True
136,Ananya,Okonkwo,ananya.okonkwo363@streammail.com,35,Female,Melbourne,Australia,Standard,2023-05-17,False
137,Hana,Ali,hana.ali107@streammail.com,35,Female,New York,USA,Basic,2022-04-05,True
138,Ananya,Wang,ananya.wang588@streammail.com,46,Female,Bengaluru,India,Premium,2023-05-29,True
139,Priya,Wang,priya.wang30@streammail.com,29,Male,Delhi,India,Free,2022-11-27,True
140,Amira,Mehta,amira.mehta146@streammail.com,23,Male,London,UK,Basic,2021-03-04,True
141,Nadia,Martinez,nadia.martinez162@streammail.com,28,Female,Chennai,India,Premium,2024-03-08,True
142,Sneha,Reddy,sneha.reddy279@streammail.com,16,Female,Pune,India,Basic,2023-05-19,True
143,Ananya,Ali,ananya.ali441@streammail.com,26,Female,Delhi,India,Free,2023-12-16,True
144,Sneha,Sharma,sneha.sharma210@streammail.com,19,Female,Hyderabad,India,Standard,2022-03-09,True
145,Ananya,Sharma,ananya.sharma510@streammail.com,36,Male,London,UK,Standard,2024-12-12,True
146,Omar,Mehta,omar.mehta407@streammail.com,40,Male,Melbourne,Australia,Basic,2021-03-28,True
147,Carlos,Popescu,carlos.popescu588@streammail.com,26,Male,Kolkata,India,Basic,2023-04-10,True
148,Nadia,Hassan,nadia.hassan91@streammail.com,25,Male,Pune,India,Standard,2021-08-05,True
149,Amira,Kim,amira.kim764@streammail.com,28,Female,Chennai,India,Basic,2023-11-12,True
150,Omar,Ali,omar.ali745@streammail.com,37,Female,Singapore,Singapore,Free,2024-08-14,True
151,Noah,Brown,noah.brown617@streammail.com,32,Female,Delhi,India,Standard,2024-07-10,True
152,Dev,Garcia,dev.garcia885@streammail.com,28,Male,Singapore,Singapore,Free,2022-10-10,True
153,Hana,Wang,hana.wang606@streammail.com,23,Male,Mumbai,India,Basic,2023-07-15,True
154,Kavya,Osei,kavya.osei474@streammail.com,31,Female,New York,USA,Basic,2025-02-22,True
155,Noah,Garcia,noah.garcia620@streammail.com,34,Female,Pune,India,Standard,2021-07-31,False
156,Kavya,Brown,kavya.brown41@streammail.com,34,Prefer not to say,Bengaluru,India,Basic,2023-06-16,True
157,Layla,Hassan,layla.hassan940@streammail.com,24,Male,Hyderabad,India,Standard,2024-05-09,True
158,Sofia,Nair,sofia.nair572@streammail.com,36,Male,Chicago,USA,Premium,2022-08-05,False
159,Emma,Martinez,emma.martinez84@streammail.com,37,Female,New York,USA,Basic,2024-09-05,True
160,Kavya,Kim,kavya.kim573@streammail.com,39,Female,Chennai,India,Standard,2022-11-04,True
161,Kavya,Popescu,kavya.popescu521@streammail.com,27,Male,Chennai,India,Standard,2022-03-15,True
162,James,Johnson,james.johnson80@streammail.com,36,Female,Hyderabad,India,Basic,2021-07-27,True
163,Rahul,Martinez,rahul.martinez898@streammail.com,38,Male,London,UK,Standard,2021-11-29,True
164,Liam,Chopra,liam.chopra45@streammail.com,39,Female,Kolkata,India,Premium,2024-10-17,True
165,Dev,Taylor,dev.taylor547@streammail.com,49,Male,Bengaluru,India,Premium,2022-02-02,False
166,Nadia,Tanaka,nadia.tanaka797@streammail.com,28,Male,Chennai,India,Free,2023-12-17,True
167,James,Chen,james.chen54@streammail.com,40,Female,Los Angeles,USA,Basic,2021-07-30,True
168,Kavya,Williams,kavya.williams280@streammail.com,22,Male,Pune,India,Basic,2023-11-18,False
169,Ethan,Chopra,ethan.chopra906@streammail.com,35,Male,Chennai,India,Basic,2023-10-26,True
170,Ethan,Patel,ethan.patel327@streammail.com,32,Female,Dubai,UAE,Standard,2025-01-03,True
171,Yuki,Webb,yuki.webb713@streammail.com,32,Male,Sydney,Australia,Free,2024-06-14,True
172,Emma,Popescu,emma.popescu114@streammail.com,20,Male,London,UK,Free,2022-05-02,True
173,Nadia,Mehta,nadia.mehta114@streammail.com,19,Female,Sydney,Australia,Free,2024-07-18,True
174,Elena,Sharma,elena.sharma630@streammail.com,32,Male,Chennai,India,Standard,2024-03-14,True
175,Layla,Mehta,layla.mehta977@streammail.com,16,Male,New York,USA,Premium,2024-02-09,True
176,Kwame,Hassan,kwame.hassan260@streammail.com,30,Female,London,UK,Basic,2023-01-02,True
177,Rohan,Martinez,rohan.martinez137@streammail.com,16,Female,Mumbai,India,Standard,2021-12-25,False
178,Marcus,Brown,marcus.brown831@streammail.com,26,Female,Delhi,India,Basic,2025-01-06,True
179,Rahul,Davis,rahul.davis908@streammail.com,42,Female,Mumbai,India,Free,2024-01-18,True
180,Yuki,Ali,yuki.ali883@streammail.com,27,Male,Manchester,UK,Free,2024-09-04,True
181,Amira,Chopra,amira.chopra917@streammail.com,28,Female,Singapore,Singapore,Premium,2024-11-18,True
182,Kavya,Popescu,kavya.popescu81@streammail.com,37,Female,Kolkata,India,Basic,2022-01-05,True
183,Yuki,Kim,yuki.kim457@streammail.com,18,Male,Los Angeles,USA,Standard,2022-12-21,False
184,Elena,Wang,elena.wang655@streammail.com,38,Male,Singapore,Singapore,Standard,2021-04-28,True
185,Liam,Patel,liam.patel147@streammail.com,27,Male,Sydney,Australia,Standard,2021-09-16,True
186,Kwame,Singh,kwame.singh620@streammail.com,22,Non-binary,Delhi,India,Basic,2023-07-11,True
187,James,Hassan,james.hassan408@streammail.com,27,Female,Hyderabad,India,Basic,2021-02-23,True
188,Ananya,Chen,ananya.chen794@streammail.com,57,Male,Bengaluru,India,Standard,2023-07-03,True
189,Bianca,Davis,bianca.davis126@streammail.com,37,Male,Delhi,India,Free,2024-12-31,True
190,Carlos,Ali,carlos.ali727@streammail.com,34,Male,Mumbai,India,Free,2024-01-16,True
191,Olivia,Hassan,olivia.hassan521@streammail.com,49,Female,Bengaluru,India,Free,2022-04-30,True
192,Layla,Volkov,layla.volkov823@streammail.com,30,Female,Nairobi,Kenya,Free,2021-09-23,True
193,Marcus,Okonkwo,marcus.okonkwo788@streammail.com,27,Female,Kolkata,India,Basic,2022-10-12,True
194,Omar,Smith,omar.smith900@streammail.com,29,Female,Sydney,Australia,Free,2024-02-04,False
195,Elena,Kumar,elena.kumar852@streammail.com,35,Non-binary,Delhi,India,Free,2022-10-23,False
196,Yuki,Reddy,yuki.reddy257@streammail.com,36,Male,Bengaluru,India,Standard,2024-02-03,True
197,Kavya,Williams,kavya.williams607@streammail.com,40,Non-binary,Dubai,UAE,Basic,2025-01-15,False
198,Rahul,Patel,rahul.patel84@streammail.com,44,Female,Mumbai,India,Free,2024-08-06,True
199,Felix,Patel,felix.patel510@streammail.com,18,Female,Melbourne,Australia,Standard,2022-09-11,True
200,Hana,Volkov,hana.volkov75@streammail.com,27,Male,Chicago,USA,Basic,2021-11-20,True
201,Emma,Garcia,emma.garcia883@streammail.com,30,Male,Houston,USA,Basic,2023-03-28,True
202,Carlos,Anderson,carlos.anderson478@streammail.com,16,Male,Delhi,India,Free,2023-07-10,True
203,Kwame,Okonkwo,kwame.okonkwo255@streammail.com,46,Female,Singapore,Singapore,Free,2024-03-29,True
204,Nadia,Rossi,nadia.rossi901@streammail.com,21,Male,Hyderabad,India,Basic,2021-02-17,True
205,Isabella,Wilson,isabella.wilson598@streammail.com,43,Female,Chennai,India,Free,2024-09-01,True
206,Rohan,Popescu,rohan.popescu138@streammail.com,35,Male,Melbourne,Australia,Basic,2025-01-29,True
207,Sneha,Davis,sneha.davis372@streammail.com,42,Male,New York,USA,Premium,2024-02-01,True
208,Ananya,Smith,ananya.smith999@streammail.com,37,Female,Mumbai,India,Basic,2023-02-04,False
209,Emma,Davis,emma.davis617@streammail.com,28,Female,Ahmedabad,India,Standard,2021-10-08,True
210,Emma,Smith,emma.smith336@streammail.com,31,Male,Dubai,UAE,Premium,2022-10-15,True
211,Hana,Martinez,hana.martinez520@streammail.com,16,Female,Sydney,Australia,Free,2022-09-06,True
212,Ananya,Okonkwo,ananya.okonkwo598@streammail.com,28,Female,Hyderabad,India,Standard,2025-01-25,True
213,Wei,Taylor,wei.taylor739@streammail.com,19,Female,Mumbai,India,Standard,2025-01-16,True
214,Isabella,Singh,isabella.singh587@streammail.com,33,Male,Dubai,UAE,Basic,2021-08-14,True
215,Felix,Wilson,felix.wilson421@streammail.com,23,Female,Ahmedabad,India,Standard,2025-02-15,True
216,Carlos,Webb,carlos.webb539@streammail.com,24,Female,Chennai,India,Basic,2021-12-21,True
217,Wei,Webb,wei.webb197@streammail.com,30,Female,Singapore,Singapore,Standard,2022-09-02,True
218,Bianca,Garcia,bianca.garcia492@streammail.com,40,Male,Chennai,India,Free,2025-01-17,True
219,Kwame,Diaz,kwame.diaz839@streammail.com,32,Male,Chennai,India,Standard,2021-03-28,True
220,Dev,Chen,dev.chen766@streammail.com,26,Female,Ahmedabad,India,Free,2022-02-18,True
221,Mei,Smith,mei.smith112@streammail.com,25,Non-binary,Los Angeles,USA,Free,2024-10-03,True
222,Rohan,Okonkwo,rohan.okonkwo339@streammail.com,28,Female,Houston,USA,Free,2021-07-25,False
223,Liam,Okonkwo,liam.okonkwo669@streammail.com,40,Female,Dubai,UAE,Free,2022-02-13,True
224,Sneha,Reddy,sneha.reddy668@streammail.com,24,Female,New York,USA,Premium,2024-01-01,True
225,Olivia,Okonkwo,olivia.okonkwo904@streammail.com,34,Female,Sydney,Australia,Free,2023-03-25,True
226,Yuki,Singh,yuki.singh10@streammail.com,30,Male,Hyderabad,India,Premium,2024-05-19,True
227,Bianca,Smith,bianca.smith872@streammail.com,29,Male,Ahmedabad,India,Basic,2022-11-09,True
228,Olivia,Sharma,olivia.sharma755@streammail.com,50,Female,Chennai,India,Standard,2022-08-28,True
229,Amira,Popescu,amira.popescu528@streammail.com,28,Female,Hyderabad,India,Premium,2021-10-15,True
230,Kwame,Anderson,kwame.anderson458@streammail.com,34,Male,London,UK,Standard,2022-11-07,True
231,Layla,Anderson,layla.anderson64@streammail.com,26,Female,Chicago,USA,Premium,2024-11-06,True
232,Hana,Joshi,hana.joshi655@streammail.com,33,Male,Toronto,Canada,Free,2022-08-28,False
233,Marcus,Johnson,marcus.johnson466@streammail.com,23,Non-binary,London,UK,Standard,2024-01-30,True
234,Ava,Anderson,ava.anderson697@streammail.com,25,Female,London,UK,Basic,2021-06-17,True
235,Ananya,Kumar,ananya.kumar849@streammail.com,18,Male,New York,USA,Premium,2021-11-03,True
236,Ava,Rossi,ava.rossi94@streammail.com,31,Female,Toronto,Canada,Basic,2023-07-02,True
237,Nadia,Kumar,nadia.kumar573@streammail.com,37,Male,Pune,India,Free,2023-03-22,True
238,Arjun,Singh,arjun.singh434@streammail.com,16,Female,Chennai,India,Free,2021-05-11,False
239,Marcus,Singh,marcus.singh294@streammail.com,34,Female,Kolkata,India,Basic,2025-02-02,False
240,Kwame,Chopra,kwame.chopra891@streammail.com,16,Male,Toronto,Canada,Standard,2023-02-13,True
241,James,Ali,james.ali122@streammail.com,20,Prefer not to say,Delhi,India,Standard,2025-01-30,True
242,Hana,Volkov,hana.volkov690@streammail.com,29,Female,Houston,USA,Standard,2023-05-19,True
243,Omar,Johnson,omar.johnson283@streammail.com,44,Female,Delhi,India,Basic,2021-03-07,True
244,Priya,Anderson,priya.anderson212@streammail.com,19,Male,Mumbai,India,Standard,2024-05-01,True
245,Sneha,Anderson,sneha.anderson759@streammail.com,20,Male,Mumbai,India,Premium,2021-04-26,True
246,Carlos,Garcia,carlos.garcia243@streammail.com,36,Prefer not to say,Hyderabad,India,Basic,2021-10-21,True
247,Mei,Kumar,mei.kumar571@streammail.com,48,Female,Dubai,UAE,Standard,2024-07-06,True
248,Omar,Osei,omar.osei805@streammail.com,16,Male,New York,USA,Free,2024-11-27,True
249,Marcus,Anderson,marcus.anderson870@streammail.com,35,Non-binary,Bengaluru,India,Standard,2023-08-07,False
250,James,Osei,james.osei249@streammail.com,27,Female,Bengaluru,India,Premium,2022-11-08,True
251,Kavya,Davis,kavya.davis53@streammail.com,25,Male,Bengaluru,India,Standard,2021-05-30,True
252,Ava,Webb,ava.webb214@streammail.com,19,Male,Melbourne,Australia,Premium,2022-11-13,True
253,Noah,Joshi,noah.joshi765@streammail.com,24,Female,Nairobi,Kenya,Basic,2024-05-22,True
254,Carlos,Tanaka,carlos.tanaka390@streammail.com,32,Male,Pune,India,Free,2024-08-21,True
255,Bianca,Volkov,bianca.volkov101@streammail.com,29,Non-binary,Manchester,UK,Basic,2022-10-18,True
256,Ethan,Johnson,ethan.johnson17@streammail.com,16,Female,Bengaluru,India,Basic,2024-04-11,True
257,Sofia,Taylor,sofia.taylor389@streammail.com,32,Male,New York,USA,Standard,2024-11-03,True
258,Bianca,Volkov,bianca.volkov173@streammail.com,44,Male,London,UK,Standard,2022-12-23,True
259,Sneha,Singh,sneha.singh860@streammail.com,45,Male,Sydney,Australia,Standard,2021-01-14,True
260,Emma,Sharma,emma.sharma224@streammail.com,26,Male,Ahmedabad,India,Standard,2023-02-04,False
261,Marcus,Rossi,marcus.rossi17@streammail.com,30,Female,Mumbai,India,Basic,2023-12-21,True
262,Elena,Brown,elena.brown110@streammail.com,31,Male,Toronto,Canada,Free,2023-12-10,True
263,Omar,Wang,omar.wang815@streammail.com,24,Male,Kolkata,India,Standard,2024-03-03,True
264,Kavya,Singh,kavya.singh96@streammail.com,39,Female,Kolkata,India,Free,2023-02-12,True
265,Liam,Reddy,liam.reddy512@streammail.com,26,Female,Sydney,Australia,Premium,2021-07-15,True
266,Marcus,Wang,marcus.wang48@streammail.com,24,Non-binary,Toronto,Canada,Premium,2024-11-02,True
267,Rahul,Brown,rahul.brown952@streammail.com,38,Female,Sydney,Australia,Standard,2021-10-23,True
268,Arjun,Kim,arjun.kim167@streammail.com,32,Female,New York,USA,Basic,2024-03-06,False
269,Sofia,Osei,sofia.osei774@streammail.com,35,Female,London,UK,Premium,2021-06-10,True
270,Elena,Taylor,elena.taylor859@streammail.com,17,Female,Mumbai,India,Premium,2024-05-24,True
271,Carlos,Patel,carlos.patel650@streammail.com,43,Female,Bengaluru,India,Basic,2022-12-30,True
272,Kwame,Reddy,kwame.reddy791@streammail.com,31,Female,Los Angeles,USA,Free,2022-05-20,True
273,Emma,Osei,emma.osei325@streammail.com,52,Male,Chennai,India,Free,2023-06-30,True
274,Olivia,Popescu,olivia.popescu460@streammail.com,45,Male,New York,USA,Free,2023-11-16,True
275,Kavya,Garcia,kavya.garcia885@streammail.com,29,Female,Chennai,India,Standard,2021-06-23,False
276,Isabella,Williams,isabella.williams702@streammail.com,41,Male,Chennai,India,Free,2021-10-12,True
277,Liam,Popescu,liam.popescu283@streammail.com,28,Non-binary,Kolkata,India,Standard,2022-05-31,True
278,Noah,Volkov,noah.volkov110@streammail.com,32,Non-binary,Delhi,India,Basic,2021-01-14,True
279,Sofia,Chopra,sofia.chopra343@streammail.com,38,Male,Kolkata,India,Basic,2024-05-02,False
280,Noah,Webb,noah.webb322@streammail.com,19,Prefer not to say,Delhi,India,Free,2023-03-27,True
281,Bianca,Anderson,bianca.anderson334@streammail.com,36,Non-binary,Chennai,India,Free,2021-08-22,False
282,Olivia,Patel,olivia.patel976@streammail.com,22,Male,London,UK,Standard,2024-12-21,True
283,Arjun,Okonkwo,arjun.okonkwo690@streammail.com,27,Male,Ahmedabad,India,Basic,2024-09-10,True
284,Dev,Webb,dev.webb597@streammail.com,26,Non-binary,Kolkata,India,Premium,2023-11-04,True
285,Rahul,Hassan,rahul.hassan719@streammail.com,18,Male,Toronto,Canada,Free,2021-06-24,True
286,Liam,Singh,liam.singh577@streammail.com,28,Female,Nairobi,Kenya,Premium,2024-10-19,True
287,Elena,Nair,elena.nair11@streammail.com,34,Female,Mumbai,India,Standard,2024-02-17,True
288,Amira,Volkov,amira.volkov791@streammail.com,48,Female,Chicago,USA,Basic,2024-11-15,True
289,Rohan,Tanaka,rohan.tanaka426@streammail.com,48,Male,Toronto,Canada,Basic,2025-02-04,True
290,Ava,Webb,ava.webb357@streammail.com,41,Female,Pune,India,Basic,2023-06-17,True
291,Rahul,Joshi,rahul.joshi24@streammail.com,23,Non-binary,Sydney,Australia,Standard,2021-12-03,True
292,Liam,Martinez,liam.martinez574@streammail.com,19,Male,Kolkata,India,Basic,2023-08-05,True
293,Elena,Diaz,elena.diaz30@streammail.com,40,Male,London,UK,Standard,2023-05-30,True
294,Arjun,Nair,arjun.nair819@streammail.com,24,Male,Melbourne,Australia,Free,2022-01-18,True
295,Bianca,Garcia,bianca.garcia612@streammail.com,28,Female,Chennai,India,Standard,2022-12-22,True
296,Hana,Reddy,hana.reddy689@streammail.com,35,Male,Delhi,India,Free,2021-08-30,True
297,Emma,Osei,emma.osei429@streammail.com,22,Female,Los Angeles,USA,Standard,2023-09-24,True
298,Olivia,Williams,olivia.williams502@streammail.com,27,Male,Hyderabad,India,Basic,2022-01-19,True
299,Omar,Sharma,omar.sharma497@streammail.com,42,Female,Delhi,India,Basic,2023-11-02,True
300,Dev,Rossi,dev.rossi172@streammail.com,16,Female,Mumbai,India,Free,2021-03-05,True
301,Ethan,Tanaka,ethan.tanaka173@streammail.com,16,Female,Manchester,UK,Free,2023-10-12,True
302,Layla,Singh,layla.singh779@streammail.com,25,Male,Houston,USA,Basic,2024-01-24,True
303,Isabella,Kim,isabella.kim896@streammail.com,23,Male,Nairobi,Kenya,Premium,2021-06-28,True
304,Isabella,Wilson,isabella.wilson831@streammail.com,34,Male,London,UK,Standard,2024-11-12,True
305,Liam,Smith,liam.smith804@streammail.com,32,Female,Bengaluru,India,Standard,2022-12-20,True
306,Yuki,Tanaka,yuki.tanaka587@streammail.com,35,Prefer not to say,Bengaluru,India,Standard,2023-11-20,True
307,Felix,Kumar,felix.kumar284@streammail.com,46,Male,Melbourne,Australia,Basic,2022-05-27,True
308,Amira,Rossi,amira.rossi146@streammail.com,46,Female,New York,USA,Basic,2022-07-05,True
309,Kavya,Diaz,kavya.diaz528@streammail.com,25,Non-binary,London,UK,Basic,2023-07-21,True
310,Kavya,Volkov,kavya.volkov651@streammail.com,16,Female,Chicago,USA,Standard,2023-01-04,True
311,Elena,Wilson,elena.wilson507@streammail.com,36,Male,Bengaluru,India,Premium,2024-03-29,True
312,Sneha,Singh,sneha.singh102@streammail.com,23,Male,Los Angeles,USA,Premium,2023-07-31,True
313,Nadia,Sharma,nadia.sharma982@streammail.com,53,Male,Kolkata,India,Premium,2024-08-24,True
314,Kavya,Hassan,kavya.hassan257@streammail.com,31,Non-binary,Mumbai,India,Free,2024-09-22,True
315,Hana,Taylor,hana.taylor440@streammail.com,31,Male,Chicago,USA,Standard,2023-09-04,True
316,Dev,Sharma,dev.sharma9@streammail.com,31,Prefer not to say,Houston,USA,Basic,2021-09-04,True
317,Arjun,Taylor,arjun.taylor393@streammail.com,33,Female,Mumbai,India,Free,2023-01-23,True
318,James,Johnson,james.johnson71@streammail.com,27,Female,New York,USA,Free,2021-01-18,True
319,Ava,Johnson,ava.johnson942@streammail.com,24,Female,Kolkata,India,Free,2021-06-27,True
320,Kwame,Ali,kwame.ali987@streammail.com,16,Male,Kolkata,India,Standard,2021-10-14,True
321,Yuki,Patel,yuki.patel869@streammail.com,36,Female,Sydney,Australia,Standard,2024-05-27,True
322,Sneha,Anderson,sneha.anderson507@streammail.com,27,Female,Chennai,India,Standard,2022-05-09,True
323,Aarav,Hassan,aarav.hassan957@streammail.com,17,Male,Hyderabad,India,Standard,2023-05-12,True
324,Arjun,Patel,arjun.patel602@streammail.com,44,Male,Mumbai,India,Premium,2022-06-21,False
325,Amira,Tanaka,amira.tanaka644@streammail.com,33,Male,Houston,USA,Basic,2023-04-04,True
326,Mei,Reddy,mei.reddy318@streammail.com,21,Prefer not to say,Mumbai,India,Free,2022-02-21,True
327,Arjun,Kim,arjun.kim716@streammail.com,39,Male,Pune,India,Basic,2022-05-16,True
328,Sneha,Kim,sneha.kim683@streammail.com,29,Male,London,UK,Free,2025-02-25,True
329,Aarav,Williams,aarav.williams509@streammail.com,16,Male,Dubai,UAE,Basic,2025-01-16,True
330,Mei,Joshi,mei.joshi790@streammail.com,29,Female,Toronto,Canada,Free,2022-11-18,True
331,Arjun,Rossi,arjun.rossi467@streammail.com,50,Male,Ahmedabad,India,Free,2021-12-08,True
332,Ananya,Taylor,ananya.taylor759@streammail.com,38,Female,Ahmedabad,India,Free,2021-04-01,True
333,Layla,Osei,layla.osei943@streammail.com,49,Female,Delhi,India,Standard,2024-02-07,True
334,Ethan,Garcia,ethan.garcia255@streammail.com,23,Male,Kolkata,India,Standard,2025-01-15,True
335,Ananya,Kumar,ananya.kumar184@streammail.com,28,Male,Bengaluru,India,Basic,2023-04-02,True
336,Hana,Garcia,hana.garcia89@streammail.com,31,Male,New York,USA,Free,2021-01-17,True
337,Isabella,Volkov,isabella.volkov378@streammail.com,16,Female,Los Angeles,USA,Basic,2022-02-05,True
338,Emma,Sharma,emma.sharma955@streammail.com,32,Female,Kolkata,India,Standard,2022-04-23,True
339,Aarav,Martinez,aarav.martinez2@streammail.com,20,Male,London,UK,Basic,2022-09-22,True
340,Bianca,Kumar,bianca.kumar996@streammail.com,43,Male,Nairobi,Kenya,Free,2024-12-28,True
341,Felix,Hassan,felix.hassan470@streammail.com,35,Female,Singapore,Singapore,Basic,2021-10-01,True
342,Sneha,Popescu,sneha.popescu679@streammail.com,34,Male,Singapore,Singapore,Premium,2022-04-30,False
343,Amira,Garcia,amira.garcia326@streammail.com,34,Female,Pune,India,Standard,2021-10-06,True
344,Liam,Chopra,liam.chopra478@streammail.com,55,Female,Hyderabad,India,Premium,2021-09-05,True
345,Hana,Volkov,hana.volkov272@streammail.com,47,Female,Sydney,Australia,Standard,2022-09-16,True
346,Carlos,Johnson,carlos.johnson94@streammail.com,41,Male,Houston,USA,Free,2022-12-30,True
347,Olivia,Patel,olivia.patel975@streammail.com,16,Male,Kolkata,India,Free,2022-05-27,True
348,Ananya,Sharma,ananya.sharma64@streammail.com,36,Male,Sydney,Australia,Standard,2022-04-01,True
349,Kavya,Chen,kavya.chen940@streammail.com,35,Male,Manchester,UK,Free,2024-08-15,False
350,Sofia,Joshi,sofia.joshi44@streammail.com,32,Male,Dubai,UAE,Standard,2021-04-14,True
351,Amira,Rossi,amira.rossi31@streammail.com,23,Male,Chennai,India,Basic,2022-01-19,True
352,Isabella,Tanaka,isabella.tanaka511@streammail.com,36,Female,Kolkata,India,Free,2024-02-02,True
353,Felix,Davis,felix.davis659@streammail.com,18,Female,Melbourne,Australia,Premium,2024-01-19,True
354,Omar,Webb,omar.webb558@streammail.com,29,Non-binary,Manchester,UK,Basic,2022-12-06,True
355,Olivia,Patel,olivia.patel327@streammail.com,49,Male,Los Angeles,USA,Premium,2022-07-30,True
356,Ethan,Williams,ethan.williams103@streammail.com,35,Male,Bengaluru,India,Standard,2022-05-09,False
357,Sneha,Taylor,sneha.taylor590@streammail.com,34,Male,Sydney,Australia,Standard,2021-12-22,True
358,Omar,Patel,omar.patel721@streammail.com,23,Female,Houston,USA,Standard,2024-03-08,True
359,Bianca,Kim,bianca.kim180@streammail.com,38,Male,Ahmedabad,India,Basic,2022-03-25,True
360,Noah,Smith,noah.smith349@streammail.com,35,Male,Houston,USA,Free,2022-10-25,True
361,Emma,Joshi,emma.joshi867@streammail.com,29,Non-binary,New York,USA,Basic,2024-12-13,True
362,Hana,Garcia,hana.garcia140@streammail.com,34,Non-binary,Singapore,Singapore,Standard,2025-02-08,False
363,Carlos,Brown,carlos.brown725@streammail.com,24,Male,Singapore,Singapore,Standard,2023-01-01,True
364,Hana,Tanaka,hana.tanaka131@streammail.com,16,Non-binary,Delhi,India,Premium,2021-01-04,True
365,Rahul,Brown,rahul.brown617@streammail.com,36,Female,Hyderabad,India,Premium,2024-08-02,True
366,Arjun,Anderson,arjun.anderson356@streammail.com,19,Female,Nairobi,Kenya,Premium,2021-12-10,True
367,Sofia,Chopra,sofia.chopra12@streammail.com,32,Female,Bengaluru,India,Standard,2022-06-10,True
368,Dev,Okonkwo,dev.okonkwo993@streammail.com,35,Female,Delhi,India,Basic,2023-04-28,True
369,Rohan,Webb,rohan.webb808@streammail.com,23,Female,Melbourne,Australia,Standard,2021-11-30,True
370,Priya,Garcia,priya.garcia268@streammail.com,19,Male,Dubai,UAE,Premium,2021-06-01,True
371,Arjun,Reddy,arjun.reddy347@streammail.com,23,Male,Los Angeles,USA,Standard,2021-03-05,True
372,Elena,Williams,elena.williams55@streammail.com,24,Prefer not to say,Mumbai,India,Basic,2022-02-25,True
373,Wei,Tanaka,wei.tanaka305@streammail.com,44,Male,Bengaluru,India,Basic,2023-10-03,True
374,Yuki,Webb,yuki.webb205@streammail.com,35,Male,Mumbai,India,Free,2022-02-28,True
375,Ananya,Kim,ananya.kim804@streammail.com,17,Female,Kolkata,India,Basic,2021-07-06,True
376,Kwame,Hassan,kwame.hassan192@streammail.com,33,Male,Pune,India,Free,2022-06-24,True
377,Sneha,Johnson,sneha.johnson771@streammail.com,44,Male,Houston,USA,Standard,2024-01-14,True
378,Sneha,Osei,sneha.osei839@streammail.com,40,Female,New York,USA,Premium,2024-01-02,True
379,Isabella,Webb,isabella.webb307@streammail.com,44,Female,Mumbai,India,Basic,2023-10-26,True
380,Emma,Joshi,emma.joshi973@streammail.com,22,Non-binary,London,UK,Free,2021-12-21,True
381,Noah,Smith,noah.smith44@streammail.com,42,Male,Kolkata,India,Standard,2024-07-08,True
382,Arjun,Reddy,arjun.reddy398@streammail.com,31,Male,New York,USA,Free,2024-02-05,True
383,Aarav,Okonkwo,aarav.okonkwo116@streammail.com,39,Non-binary,Kolkata,India,Standard,2021-07-25,True
384,Yuki,Ali,yuki.ali899@streammail.com,42,Female,Kolkata,India,Standard,2023-02-24,True
385,Olivia,Wang,olivia.wang413@streammail.com,20,Male,Delhi,India,Premium,2021-03-21,True
386,Sneha,Webb,sneha.webb943@streammail.com,22,Male,Bengaluru,India,Standard,2023-02-02,True
387,Mei,Rossi,mei.rossi879@streammail.com,48,Male,Houston,USA,Standard,2021-10-03,True
388,Carlos,Wang,carlos.wang747@streammail.com,43,Male,Kolkata,India,Basic,2024-08-15,False
389,Felix,Rossi,felix.rossi778@streammail.com,29,Male,New York,USA,Standard,2021-11-22,True
390,Priya,Brown,priya.brown198@streammail.com,34,Female,Melbourne,Australia,Free,2022-02-16,True
391,Layla,Davis,layla.davis281@streammail.com,22,Female,Chennai,India,Free,2021-09-11,True
392,Dev,Brown,dev.brown984@streammail.com,34,Female,Melbourne,Australia,Basic,2024-04-16,True
393,Wei,Reddy,wei.reddy292@streammail.com,50,Female,Mumbai,India,Standard,2022-03-15,True
394,Mei,Okonkwo,mei.okonkwo526@streammail.com,38,Male,Mumbai,India,Premium,2024-10-29,True
395,Aarav,Taylor,aarav.taylor259@streammail.com,46,Female,Los Angeles,USA,Basic,2024-12-23,True
396,Omar,Volkov,omar.volkov259@streammail.com,26,Female,Bengaluru,India,Standard,2022-09-11,True
397,Rohan,Sharma,rohan.sharma524@streammail.com,50,Female,Nairobi,Kenya,Standard,2024-02-24,True
398,Rohan,Webb,rohan.webb66@streammail.com,28,Female,Chennai,India,Premium,2022-07-21,True
399,Hana,Davis,hana.davis154@streammail.com,32,Male,New York,USA,Basic,2024-05-13,True
400,Priya,Rossi,priya.rossi303@streammail.com,35,Male,Bengaluru,India,Standard,2023-05-08,True
401,Noah,Martinez,noah.martinez744@streammail.com,26,Non-binary,Houston,USA,Standard,2023-09-02,True
402,Liam,Brown,liam.brown301@streammail.com,18,Female,Mumbai,India,Standard,2021-09-20,True
403,Olivia,Martinez,olivia.martinez671@streammail.com,21,Male,Mumbai,India,Premium,2022-09-21,True
404,Yuki,Volkov,yuki.volkov872@streammail.com,45,Female,Delhi,India,Standard,2021-04-20,False
405,Arjun,Webb,arjun.webb911@streammail.com,43,Male,Delhi,India,Free,2023-12-22,True
406,James,Davis,james.davis351@streammail.com,42,Female,Kolkata,India,Premium,2024-03-12,True
407,Olivia,Reddy,olivia.reddy500@streammail.com,40,Male,Hyderabad,India,Free,2021-04-29,True
408,Liam,Williams,liam.williams502@streammail.com,31,Male,Manchester,UK,Basic,2021-06-30,True
409,Elena,Webb,elena.webb393@streammail.com,16,Female,Mumbai,India,Standard,2021-01-29,True
410,Priya,Sharma,priya.sharma642@streammail.com,28,Female,London,UK,Basic,2022-04-09,True
411,Kwame,Kim,kwame.kim172@streammail.com,55,Female,Mumbai,India,Standard,2023-07-23,True
412,James,Martinez,james.martinez924@streammail.com,38,Male,Ahmedabad,India,Premium,2022-01-21,True
413,Priya,Taylor,priya.taylor230@streammail.com,43,Female,London,UK,Free,2024-04-22,True
414,Rahul,Osei,rahul.osei898@streammail.com,43,Female,Los Angeles,USA,Standard,2024-01-01,True
415,Rohan,Patel,rohan.patel50@streammail.com,23,Male,Chicago,USA,Standard,2024-01-26,True
416,Aarav,Kim,aarav.kim431@streammail.com,36,Female,Chicago,USA,Standard,2024-09-18,True
417,Felix,Nair,felix.nair524@streammail.com,35,Female,Houston,USA,Standard,2021-08-06,True
418,Noah,Ali,noah.ali721@streammail.com,35,Male,Kolkata,India,Basic,2021-11-25,True
419,Marcus,Martinez,marcus.martinez241@streammail.com,21,Female,Mumbai,India,Free,2024-03-21,True
420,Arjun,Nair,arjun.nair927@streammail.com,16,Female,Bengaluru,India,Premium,2022-04-19,True
421,Sneha,Nair,sneha.nair833@streammail.com,40,Male,Delhi,India,Standard,2024-10-18,True
422,Rahul,Sharma,rahul.sharma873@streammail.com,34,Male,Delhi,India,Basic,2024-08-18,True
423,Mei,Reddy,mei.reddy382@streammail.com,36,Male,Sydney,Australia,Basic,2023-07-24,True
424,Felix,Williams,felix.williams116@streammail.com,41,Male,Delhi,India,Premium,2025-01-27,True
425,Felix,Webb,felix.webb822@streammail.com,19,Female,New York,USA,Premium,2023-01-05,True
426,James,Webb,james.webb943@streammail.com,37,Male,Ahmedabad,India,Free,2023-04-23,True
427,Aarav,Taylor,aarav.taylor979@streammail.com,25,Female,Chicago,USA,Basic,2024-12-05,True
428,Marcus,Ali,marcus.ali680@streammail.com,42,Male,Chicago,USA,Standard,2023-02-28,False
429,Sneha,Sharma,sneha.sharma659@streammail.com,20,Female,Dubai,UAE,Free,2023-10-13,True
430,Isabella,Martinez,isabella.martinez994@streammail.com,31,Male,Hyderabad,India,Standard,2023-11-05,True
431,Isabella,Reddy,isabella.reddy471@streammail.com,28,Male,Pune,India,Free,2023-10-18,True
432,Priya,Nair,priya.nair414@streammail.com,30,Female,Kolkata,India,Standard,2024-02-16,True
433,Hana,Wilson,hana.wilson671@streammail.com,41,Female,Chicago,USA,Standard,2021-04-22,True
434,Marcus,Hassan,marcus.hassan734@streammail.com,29,Female,Pune,India,Free,2021-07-19,True
435,Yuki,Hassan,yuki.hassan719@streammail.com,41,Female,Delhi,India,Basic,2025-01-08,True
436,Noah,Davis,noah.davis124@streammail.com,24,Male,Dubai,UAE,Standard,2023-03-16,True
437,Sofia,Nair,sofia.nair776@streammail.com,49,Male,Kolkata,India,Premium,2024-04-20,True
438,James,Rossi,james.rossi5@streammail.com,23,Female,New York,USA,Basic,2021-04-10,True
439,Olivia,Brown,olivia.brown749@streammail.com,43,Female,Sydney,Australia,Basic,2024-05-26,True
440,Isabella,Wang,isabella.wang408@streammail.com,40,Female,Singapore,Singapore,Free,2022-08-26,True
441,Hana,Garcia,hana.garcia729@streammail.com,25,Female,London,UK,Free,2022-03-06,True
442,James,Brown,james.brown516@streammail.com,29,Male,New York,USA,Free,2024-07-28,True
443,Marcus,Okonkwo,marcus.okonkwo691@streammail.com,36,Female,London,UK,Basic,2023-05-16,True
444,Emma,Kumar,emma.kumar687@streammail.com,25,Female,Mumbai,India,Free,2022-07-01,True
445,Wei,Johnson,wei.johnson860@streammail.com,33,Male,Mumbai,India,Standard,2024-01-14,True
446,Ethan,Osei,ethan.osei244@streammail.com,25,Male,Ahmedabad,India,Standard,2024-11-26,False
447,Kwame,Okonkwo,kwame.okonkwo980@streammail.com,21,Male,Manchester,UK,Free,2021-04-21,True
448,Dev,Taylor,dev.taylor934@streammail.com,16,Female,Los Angeles,USA,Standard,2024-12-24,True
449,Noah,Davis,noah.davis302@streammail.com,35,Female,Pune,India,Free,2021-12-22,True
450,Mei,Chen,mei.chen134@streammail.com,31,Male,Delhi,India,Basic,2022-06-07,False
451,Rahul,Johnson,rahul.johnson951@streammail.com,54,Female,Hyderabad,India,Basic,2024-06-14,True
452,Omar,Mehta,omar.mehta803@streammail.com,39,Male,Houston,USA,Free,2023-12-13,True
453,Liam,Okonkwo,liam.okonkwo557@streammail.com,37,Female,New York,USA,Basic,2022-03-13,True
454,Marcus,Sharma,marcus.sharma118@streammail.com,35,Male,Chicago,USA,Standard,2023-07-02,False
455,Isabella,Singh,isabella.singh699@streammail.com,18,Male,Melbourne,Australia,Basic,2021-08-21,True
456,Layla,Chopra,layla.chopra499@streammail.com,44,Male,Mumbai,India,Basic,2024-08-27,False
457,Liam,Sharma,liam.sharma642@streammail.com,23,Male,Mumbai,India,Free,2024-11-04,True
458,Elena,Mehta,elena.mehta765@streammail.com,16,Female,Chicago,USA,Basic,2021-02-18,True
459,Sneha,Brown,sneha.brown814@streammail.com,48,Male,Bengaluru,India,Basic,2022-06-14,True
460,Carlos,Patel,carlos.patel399@streammail.com,39,Male,Chicago,USA,Standard,2024-01-01,True
461,Rahul,Mehta,rahul.mehta367@streammail.com,45,Female,Toronto,Canada,Free,2022-09-10,False
462,Kwame,Diaz,kwame.diaz842@streammail.com,42,Male,Chicago,USA,Free,2023-08-29,True
463,Yuki,Johnson,yuki.johnson306@streammail.com,47,Female,Chicago,USA,Premium,2025-02-02,True
464,Emma,Joshi,emma.joshi43@streammail.com,22,Male,Mumbai,India,Basic,2024-05-06,True
465,Ava,Ali,ava.ali217@streammail.com,24,Male,Kolkata,India,Standard,2021-11-26,True
466,Ananya,Brown,ananya.brown688@streammail.com,22,Female,Manchester,UK,Premium,2021-04-22,False
467,Nadia,Mehta,nadia.mehta298@streammail.com,31,Female,Chicago,USA,Basic,2024-04-04,True
468,Isabella,Nair,isabella.nair292@streammail.com,38,Male,Los Angeles,USA,Basic,2022-02-01,True
469,Hana,Johnson,hana.johnson580@streammail.com,40,Male,New York,USA,Free,2021-12-12,True
470,Elena,Wang,elena.wang861@streammail.com,16,Female,Chennai,India,Premium,2024-10-23,True
471,Omar,Kim,omar.kim499@streammail.com,38,Female,New York,USA,Free,2022-07-29,True
472,Wei,Mehta,wei.mehta745@streammail.com,44,Female,Mumbai,India,Standard,2021-02-08,True
473,Amira,Wilson,amira.wilson929@streammail.com,30,Female,Mumbai,India,Standard,2024-01-11,True
474,Ethan,Tanaka,ethan.tanaka138@streammail.com,53,Male,Pune,India,Basic,2023-11-12,True
475,Isabella,Williams,isabella.williams776@streammail.com,26,Female,New York,USA,Premium,2024-03-04,True
476,Marcus,Ali,marcus.ali42@streammail.com,34,Male,Bengaluru,India,Free,2023-09-26,True
477,Ava,Hassan,ava.hassan398@streammail.com,29,Male,Pune,India,Standard,2024-08-21,True
478,Mei,Chen,mei.chen593@streammail.com,32,Male,New York,USA,Basic,2021-12-23,True
479,Arjun,Chen,arjun.chen386@streammail.com,33,Female,Singapore,Singapore,Basic,2022-12-08,True
480,James,Chopra,james.chopra170@streammail.com,42,Female,Bengaluru,India,Free,2023-11-20,True
481,Layla,Joshi,layla.joshi677@streammail.com,37,Female,Bengaluru,India,Basic,2023-09-14,True
482,Felix,Patel,felix.patel250@streammail.com,17,Female,Mumbai,India,Free,2024-03-20,True
483,Emma,Kumar,emma.kumar171@streammail.com,42,Prefer not to say,Bengaluru,India,Standard,2024-05-12,True
484,Yuki,Reddy,yuki.reddy222@streammail.com,54,Female,Pune,India,Free,2023-08-24,True
485,Emma,Brown,emma.brown639@streammail.com,30,Non-binary,Chicago,USA,Standard,2022-12-03,True
486,Kwame,Osei,kwame.osei136@streammail.com,47,Female,Delhi,India,Premium,2022-02-19,True
487,Emma,Nair,emma.nair182@streammail.com,29,Female,Pune,India,Free,2023-12-25,True
488,James,Sharma,james.sharma919@streammail.com,30,Female,Dubai,UAE,Basic,2024-10-21,True
489,Rahul,Popescu,rahul.popescu235@streammail.com,16,Female,Dubai,UAE,Standard,2022-12-19,True
490,Rohan,Popescu,rohan.popescu4171@streammail.com,33,Non-binary,Pune,India,Free,2022-04-22,True
491,Felix,Chen,felix.chen194@streammail.com,31,Male,Mumbai,India,Free,2023-12-07,True
492,Carlos,Okonkwo,carlos.okonkwo371@streammail.com,30,Female,Delhi,India,Free,2023-05-23,True
493,Elena,Hassan,elena.hassan627@streammail.com,24,Female,Hyderabad,India,Standard,2023-04-27,True
494,Marcus,Chen,marcus.chen315@streammail.com,16,Male,New York,USA,Free,2024-12-15,True
495,Ananya,Taylor,ananya.taylor458@streammail.com,36,Male,Manchester,UK,Basic,2023-11-08,True
496,Sneha,Williams,sneha.williams399@streammail.com,30,Female,Singapore,Singapore,Standard,2021-01-11,True
497,Elena,Reddy,elena.reddy66@streammail.com,22,Male,Bengaluru,India,Premium,2025-01-23,True
498,Yuki,Kumar,yuki.kumar969@streammail.com,41,Female,London,UK,Basic,2021-12-25,True
499,Yuki,Davis,yuki.davis35@streammail.com,16,Male,Manchester,UK,Free,2024-06-13,True
500,Aarav,Williams,aarav.williams89@streammail.com,30,Male,Nairobi,Kenya,Basic,2023-03-30,True
501,Aarav,Mehta,aarav.mehta942@streammail.com,27,Male,Mumbai,India,Premium,2024-04-08,True
502,Noah,Volkov,noah.volkov953@streammail.com,50,Male,Kolkata,India,Basic,2021-01-10,True
503,Arjun,Tanaka,arjun.tanaka349@streammail.com,40,Female,Dubai,UAE,Standard,2024-01-07,True
504,Kwame,Webb,kwame.webb789@streammail.com,16,Prefer not to say,Bengaluru,India,Basic,2022-11-27,True
505,Priya,Webb,priya.webb120@streammail.com,18,Female,Bengaluru,India,Free,2022-03-28,True
506,Omar,Sharma,omar.sharma718@streammail.com,43,Male,Sydney,Australia,Basic,2022-05-24,True
507,Sofia,Mehta,sofia.mehta568@streammail.com,22,Male,Dubai,UAE,Premium,2024-03-20,True
508,Noah,Rossi,noah.rossi755@streammail.com,33,Male,Bengaluru,India,Free,2025-02-15,True
509,Isabella,Ali,isabella.ali160@streammail.com,34,Female,Manchester,UK,Free,2024-09-20,True
510,Rahul,Webb,rahul.webb381@streammail.com,34,Female,Los Angeles,USA,Premium,2023-10-06,True
511,Mei,Rossi,mei.rossi188@streammail.com,39,Female,Nairobi,Kenya,Free,2022-03-31,True
512,Elena,Webb,elena.webb963@streammail.com,27,Male,New York,USA,Premium,2023-10-27,True
513,Nadia,Joshi,nadia.joshi716@streammail.com,31,Male,New York,USA,Standard,2024-10-12,True
514,Wei,Brown,wei.brown562@streammail.com,33,Female,Bengaluru,India,Standard,2022-07-06,True
515,Bianca,Popescu,bianca.popescu216@streammail.com,32,Male,Kolkata,India,Free,2023-04-01,True
516,Ethan,Nair,ethan.nair739@streammail.com,22,Female,Bengaluru,India,Premium,2022-04-28,True
517,Emma,Webb,emma.webb826@streammail.com,27,Female,Mumbai,India,Standard,2024-07-15,True
518,Hana,Chen,hana.chen576@streammail.com,34,Male,Melbourne,Australia,Standard,2021-04-08,True
519,Wei,Webb,wei.webb860@streammail.com,23,Male,Los Angeles,USA,Standard,2023-01-10,True
520,Omar,Patel,omar.patel422@streammail.com,34,Prefer not to say,Delhi,India,Free,2024-10-23,True
521,Olivia,Tanaka,olivia.tanaka364@streammail.com,16,Female,Hyderabad,India,Basic,2023-07-05,True
522,Emma,Williams,emma.williams656@streammail.com,30,Male,Manchester,UK,Standard,2022-11-22,True
523,Arjun,Reddy,arjun.reddy166@streammail.com,26,Male,Chennai,India,Standard,2024-12-25,True
524,Dev,Hassan,dev.hassan766@streammail.com,45,Male,Los Angeles,USA,Free,2023-07-12,True
525,Isabella,Chen,isabella.chen964@streammail.com,31,Male,London,UK,Free,2023-03-25,True
526,Sneha,Patel,sneha.patel790@streammail.com,25,Male,Kolkata,India,Standard,2021-06-20,True
527,Kwame,Kim,kwame.kim235@streammail.com,29,Female,Bengaluru,India,Free,2021-09-26,True
528,Omar,Garcia,omar.garcia885@streammail.com,45,Non-binary,Pune,India,Basic,2024-01-13,True
529,Olivia,Volkov,olivia.volkov647@streammail.com,39,Female,London,UK,Basic,2024-08-03,True
530,Ethan,Reddy,ethan.reddy453@streammail.com,24,Male,Hyderabad,India,Basic,2023-04-25,True
531,James,Ali,james.ali294@streammail.com,54,Male,Pune,India,Standard,2023-09-05,True
532,Ethan,Sharma,ethan.sharma562@streammail.com,33,Female,Chennai,India,Basic,2023-04-24,True
533,Kwame,Osei,kwame.osei226@streammail.com,25,Female,Bengaluru,India,Standard,2024-06-09,True
534,Mei,Okonkwo,mei.okonkwo193@streammail.com,35,Male,Sydney,Australia,Free,2022-01-09,True
535,Dev,Wang,dev.wang718@streammail.com,32,Prefer not to say,Los Angeles,USA,Free,2021-04-12,False
536,Yuki,Wang,yuki.wang129@streammail.com,33,Male,Houston,USA,Free,2025-01-29,True
537,Ava,Martinez,ava.martinez431@streammail.com,42,Female,Hyderabad,India,Free,2023-08-08,True
538,Emma,Kumar,emma.kumar273@streammail.com,16,Female,London,UK,Free,2021-05-27,False
539,Wei,Osei,wei.osei849@streammail.com,47,Female,Mumbai,India,Basic,2023-02-28,True
540,Rahul,Davis,rahul.davis472@streammail.com,29,Female,London,UK,Premium,2021-07-12,True
541,Hana,Garcia,hana.garcia163@streammail.com,54,Male,Los Angeles,USA,Basic,2023-12-03,True
542,Layla,Kumar,layla.kumar885@streammail.com,38,Male,Chicago,USA,Basic,2021-08-20,True
543,Mei,Joshi,mei.joshi406@streammail.com,34,Female,Manchester,UK,Standard,2024-11-15,True
544,Kavya,Anderson,kavya.anderson162@streammail.com,32,Female,Ahmedabad,India,Premium,2024-11-05,False
545,Sneha,Kumar,sneha.kumar365@streammail.com,26,Female,Los Angeles,USA,Basic,2021-09-15,True
546,Omar,Chopra,omar.chopra751@streammail.com,16,Male,Delhi,India,Standard,2024-11-12,True
547,Rahul,Rossi,rahul.rossi724@streammail.com,27,Female,Pune,India,Basic,2022-01-24,True
548,Nadia,Wang,nadia.wang889@streammail.com,46,Male,Sydney,Australia,Basic,2024-02-10,True
549,Wei,Hassan,wei.hassan465@streammail.com,25,Female,Mumbai,India,Standard,2022-01-15,True
550,Isabella,Garcia,isabella.garcia739@streammail.com,24,Female,Mumbai,India,Free,2024-01-09,True
551,Emma,Tanaka,emma.tanaka331@streammail.com,30,Male,Kolkata,India,Standard,2024-09-11,True
552,Rahul,Davis,rahul.davis110@streammail.com,36,Male,Ahmedabad,India,Standard,2021-07-22,True
553,Bianca,Chen,bianca.chen51@streammail.com,28,Female,Chennai,India,Premium,2022-03-04,True
554,Nadia,Kumar,nadia.kumar370@streammail.com,29,Female,New York,USA,Standard,2023-05-02,True
555,Mei,Singh,mei.singh752@streammail.com,24,Male,Mumbai,India,Standard,2023-11-30,True
556,Noah,Davis,noah.davis539@streammail.com,54,Female,Chicago,USA,Free,2024-03-13,True
557,Felix,Nair,felix.nair785@streammail.com,25,Male,Los Angeles,USA,Free,2024-09-24,True
558,Amira,Martinez,amira.martinez674@streammail.com,40,Male,Delhi,India,Basic,2024-05-13,True
559,Carlos,Hassan,carlos.hassan423@streammail.com,17,Male,London,UK,Basic,2024-05-31,True
560,Wei,Hassan,wei.hassan985@streammail.com,38,Male,Pune,India,Free,2023-03-25,True
561,Priya,Smith,priya.smith912@streammail.com,29,Male,Hyderabad,India,Standard,2022-10-07,True
562,Mei,Johnson,mei.johnson97@streammail.com,38,Male,Mumbai,India,Free,2022-12-30,False
563,Isabella,Taylor,isabella.taylor263@streammail.com,40,Female,Manchester,UK,Standard,2022-03-22,True
564,Olivia,Rossi,olivia.rossi846@streammail.com,37,Female,Toronto,Canada,Premium,2024-12-10,True
565,Hana,Singh,hana.singh749@streammail.com,19,Male,Manchester,UK,Standard,2022-11-16,True
566,Ananya,Taylor,ananya.taylor766@streammail.com,43,Non-binary,Chicago,USA,Standard,2024-05-18,True
567,Sneha,Kim,sneha.kim537@streammail.com,26,Female,Mumbai,India,Free,2023-10-26,True
568,Amira,Chopra,amira.chopra771@streammail.com,30,Male,Los Angeles,USA,Basic,2023-10-31,True
569,Emma,Smith,emma.smith345@streammail.com,29,Male,Mumbai,India,Basic,2023-03-29,True
570,James,Smith,james.smith493@streammail.com,30,Male,New York,USA,Standard,2023-09-27,True
571,Isabella,Anderson,isabella.anderson74@streammail.com,18,Male,Bengaluru,India,Standard,2024-03-25,True
572,Omar,Davis,omar.davis329@streammail.com,38,Male,Chennai,India,Basic,2024-09-04,False
573,Dev,Johnson,dev.johnson452@streammail.com,34,Male,Mumbai,India,Standard,2023-02-05,True
574,Sneha,Anderson,sneha.anderson972@streammail.com,25,Female,Los Angeles,USA,Standard,2021-10-30,True
575,Ananya,Kim,ananya.kim461@streammail.com,23,Male,Pune,India,Basic,2022-03-10,True
576,Marcus,Johnson,marcus.johnson712@streammail.com,46,Male,Houston,USA,Premium,2021-02-07,True
577,Wei,Williams,wei.williams62@streammail.com,35,Female,Hyderabad,India,Premium,2021-04-19,True
578,Mei,Hassan,mei.hassan886@streammail.com,18,Female,Delhi,India,Standard,2022-08-23,True
579,Kwame,Nair,kwame.nair926@streammail.com,40,Male,Hyderabad,India,Premium,2022-01-17,True
580,Priya,Singh,priya.singh254@streammail.com,22,Male,Toronto,Canada,Basic,2022-09-17,True
581,Omar,Ali,omar.ali364@streammail.com,34,Male,Los Angeles,USA,Free,2023-10-24,True
582,Kwame,Patel,kwame.patel967@streammail.com,59,Male,New York,USA,Basic,2022-07-28,True
583,James,Reddy,james.reddy748@streammail.com,45,Female,Chennai,India,Basic,2024-07-05,True
584,Elena,Kim,elena.kim932@streammail.com,28,Female,Los Angeles,USA,Free,2023-07-09,True
585,Noah,Smith,noah.smith317@streammail.com,49,Prefer not to say,Chicago,USA,Premium,2023-05-31,True
586,Liam,Garcia,liam.garcia70@streammail.com,18,Male,New York,USA,Basic,2025-01-13,True
587,Priya,Garcia,priya.garcia902@streammail.com,40,Non-binary,Singapore,Singapore,Free,2024-07-28,True
588,Rohan,Smith,rohan.smith190@streammail.com,29,Female,Mumbai,India,Standard,2024-06-07,True
589,Ethan,Taylor,ethan.taylor704@streammail.com,47,Female,Mumbai,India,Standard,2021-10-02,True
590,Layla,Brown,layla.brown873@streammail.com,40,Male,Chennai,India,Free,2023-08-29,True
591,Aarav,Wang,aarav.wang974@streammail.com,30,Male,Kolkata,India,Premium,2022-02-23,False
592,Bianca,Garcia,bianca.garcia888@streammail.com,16,Male,Pune,India,Standard,2022-05-21,True
593,Kwame,Garcia,kwame.garcia404@streammail.com,31,Female,Los Angeles,USA,Standard,2023-12-12,True
594,Rohan,Chopra,rohan.chopra468@streammail.com,18,Female,Sydney,Australia,Free,2021-03-28,True
595,Rahul,Osei,rahul.osei529@streammail.com,38,Male,London,UK,Basic,2023-06-20,True
596,Nadia,Williams,nadia.williams433@streammail.com,30,Female,Hyderabad,India,Premium,2021-04-22,True
597,Dev,Reddy,dev.reddy740@streammail.com,37,Female,Ahmedabad,India,Basic,2024-11-26,True
598,Priya,Brown,priya.brown465@streammail.com,43,Female,Los Angeles,USA,Premium,2024-12-30,True
599,Carlos,Williams,carlos.williams736@streammail.com,45,Male,London,UK,Basic,2024-07-22,True
600,Liam,Osei,liam.osei564@streammail.com,40,Non-binary,Chennai,India,Standard,2021-12-16,True
601,Emma,Williams,emma.williams890@streammail.com,32,Male,Delhi,India,Standard,2022-09-23,True
602,Olivia,Joshi,olivia.joshi921@streammail.com,28,Male,Delhi,India,Standard,2022-02-20,True
603,Bianca,Rossi,bianca.rossi557@streammail.com,22,Female,Manchester,UK,Basic,2022-03-21,True
604,Kavya,Sharma,kavya.sharma251@streammail.com,24,Female,Melbourne,Australia,Standard,2022-07-24,True
605,Sneha,Brown,sneha.brown152@streammail.com,28,Female,Mumbai,India,Standard,2021-03-08,True
606,Kavya,Kumar,kavya.kumar112@streammail.com,36,Male,Kolkata,India,Free,2022-01-01,True
607,Olivia,Volkov,olivia.volkov768@streammail.com,36,Male,New York,USA,Premium,2022-09-05,True
608,Elena,Mehta,elena.mehta300@streammail.com,30,Female,Pune,India,Free,2021-09-07,True
609,Ava,Wilson,ava.wilson627@streammail.com,16,Prefer not to say,Mumbai,India,Basic,2023-12-20,True
610,Yuki,Popescu,yuki.popescu624@streammail.com,19,Female,Sydney,Australia,Premium,2022-06-16,True
611,James,Rossi,james.rossi533@streammail.com,16,Male,London,UK,Free,2024-06-02,True
612,Ananya,Patel,ananya.patel477@streammail.com,32,Female,Los Angeles,USA,Free,2021-08-30,True
613,Felix,Okonkwo,felix.okonkwo47@streammail.com,18,Female,Hyderabad,India,Standard,2021-01-24,True
614,Arjun,Kim,arjun.kim308@streammail.com,26,Female,Ahmedabad,India,Free,2022-10-26,True
615,Amira,Patel,amira.patel853@streammail.com,27,Female,Delhi,India,Basic,2024-10-09,True
616,James,Webb,james.webb160@streammail.com,39,Female,Los Angeles,USA,Basic,2024-01-05,True
617,Sneha,Kim,sneha.kim579@streammail.com,27,Female,Houston,USA,Basic,2022-03-03,False
618,Omar,Mehta,omar.mehta993@streammail.com,43,Male,Delhi,India,Basic,2021-03-05,True
619,Liam,Osei,liam.osei192@streammail.com,43,Female,Los Angeles,USA,Standard,2024-12-15,True
620,Kavya,Rossi,kavya.rossi899@streammail.com,19,Female,Bengaluru,India,Basic,2023-07-15,True
621,Olivia,Joshi,olivia.joshi384@streammail.com,35,Female,Manchester,UK,Standard,2023-06-28,False
622,Emma,Davis,emma.davis349@streammail.com,16,Female,Toronto,Canada,Basic,2025-02-09,True
623,Rohan,Smith,rohan.smith211@streammail.com,16,Male,Houston,USA,Basic,2023-12-06,True
624,Kavya,Martinez,kavya.martinez479@streammail.com,35,Female,Melbourne,Australia,Standard,2021-07-31,True
625,Hana,Wilson,hana.wilson329@streammail.com,29,Female,Bengaluru,India,Free,2023-06-23,True
626,Ananya,Sharma,ananya.sharma982@streammail.com,44,Male,Los Angeles,USA,Basic,2023-11-19,True
627,Mei,Johnson,mei.johnson966@streammail.com,30,Male,Houston,USA,Premium,2021-05-26,True
628,Sneha,Smith,sneha.smith30@streammail.com,39,Male,Pune,India,Basic,2024-10-15,True
629,Amira,Brown,amira.brown722@streammail.com,16,Male,Los Angeles,USA,Basic,2024-12-03,True
630,Noah,Reddy,noah.reddy998@streammail.com,21,Female,Toronto,Canada,Free,2023-08-12,True
631,Nadia,Nair,nadia.nair467@streammail.com,21,Male,Hyderabad,India,Free,2023-08-22,True
632,Wei,Hassan,wei.hassan402@streammail.com,18,Male,Delhi,India,Premium,2024-09-24,True
633,Bianca,Patel,bianca.patel67@streammail.com,25,Male,Pune,India,Basic,2021-12-16,True
634,Rohan,Diaz,rohan.diaz838@streammail.com,40,Male,Houston,USA,Standard,2021-08-08,True
635,Nadia,Diaz,nadia.diaz605@streammail.com,22,Male,Kolkata,India,Basic,2023-09-15,True
636,Elena,Popescu,elena.popescu581@streammail.com,23,Female,Manchester,UK,Free,2024-01-21,True
637,Bianca,Joshi,bianca.joshi607@streammail.com,29,Male,Los Angeles,USA,Premium,2023-07-01,True
638,Rohan,Osei,rohan.osei336@streammail.com,36,Male,Ahmedabad,India,Free,2024-09-14,True
639,Aarav,Johnson,aarav.johnson677@streammail.com,22,Male,Delhi,India,Free,2024-03-29,True
640,Hana,Kim,hana.kim941@streammail.com,30,Female,Dubai,UAE,Premium,2023-06-10,False
641,Aarav,Diaz,aarav.diaz868@streammail.com,29,Prefer not to say,Delhi,India,Free,2024-01-30,True
642,Omar,Joshi,omar.joshi882@streammail.com,41,Male,Hyderabad,India,Standard,2021-03-05,True
643,Carlos,Osei,carlos.osei416@streammail.com,17,Male,Chennai,India,Standard,2023-08-31,True
644,Layla,Okonkwo,layla.okonkwo158@streammail.com,27,Male,Hyderabad,India,Free,2024-10-04,True
645,Emma,Rossi,emma.rossi674@streammail.com,36,Female,Pune,India,Premium,2024-08-08,False
646,Elena,Brown,elena.brown466@streammail.com,31,Female,Ahmedabad,India,Basic,2024-02-05,True
647,Elena,Sharma,elena.sharma592@streammail.com,30,Male,Ahmedabad,India,Basic,2022-07-06,True
648,Rahul,Webb,rahul.webb722@streammail.com,16,Female,Chennai,India,Standard,2024-04-03,True
649,Mei,Volkov,mei.volkov530@streammail.com,35,Female,Mumbai,India,Standard,2023-08-26,True
650,Hana,Kumar,hana.kumar926@streammail.com,29,Female,Chennai,India,Basic,2021-01-23,True
651,Sofia,Okonkwo,sofia.okonkwo362@streammail.com,34,Female,Singapore,Singapore,Standard,2021-03-14,True
652,Wei,Kumar,wei.kumar645@streammail.com,24,Female,Pune,India,Standard,2021-12-13,True
653,Priya,Tanaka,priya.tanaka497@streammail.com,16,Male,Mumbai,India,Standard,2022-07-24,True
654,Wei,Sharma,wei.sharma760@streammail.com,31,Non-binary,Delhi,India,Standard,2021-12-24,True
655,Layla,Brown,layla.brown268@streammail.com,32,Female,Manchester,UK,Basic,2023-12-17,True
656,Emma,Johnson,emma.johnson858@streammail.com,38,Female,Ahmedabad,India,Free,2023-04-26,True
657,Liam,Wilson,liam.wilson592@streammail.com,23,Male,London,UK,Basic,2021-08-26,True
658,Marcus,Taylor,marcus.taylor389@streammail.com,43,Female,Chicago,USA,Free,2023-03-10,True
659,Aarav,Tanaka,aarav.tanaka950@streammail.com,25,Female,Manchester,UK,Free,2023-12-22,False
660,Omar,Popescu,omar.popescu626@streammail.com,37,Male,Toronto,Canada,Free,2022-07-13,True
661,Amira,Volkov,amira.volkov792@streammail.com,32,Female,Chicago,USA,Standard,2022-02-04,False
662,Carlos,Sharma,carlos.sharma689@streammail.com,46,Male,Mumbai,India,Free,2021-05-20,True
663,Dev,Ali,dev.ali225@streammail.com,31,Male,Houston,USA,Premium,2024-06-22,True
664,Ava,Joshi,ava.joshi726@streammail.com,34,Female,Singapore,Singapore,Free,2021-06-26,True
665,Olivia,Joshi,olivia.joshi713@streammail.com,27,Female,Delhi,India,Premium,2021-06-05,True
666,Elena,Garcia,elena.garcia264@streammail.com,46,Male,Delhi,India,Free,2021-06-01,True
667,Sneha,Chen,sneha.chen979@streammail.com,33,Female,Manchester,UK,Free,2022-02-15,True
668,Emma,Popescu,emma.popescu224@streammail.com,35,Non-binary,Los Angeles,USA,Standard,2021-08-06,True
669,Arjun,Mehta,arjun.mehta586@streammail.com,32,Male,London,UK,Standard,2023-10-17,False
670,Kwame,Wang,kwame.wang156@streammail.com,30,Female,Houston,USA,Basic,2023-03-13,False
671,Bianca,Webb,bianca.webb447@streammail.com,29,Female,Kolkata,India,Free,2021-05-24,False
672,Marcus,Joshi,marcus.joshi581@streammail.com,16,Male,New York,USA,Basic,2023-01-06,True
673,Kavya,Hassan,kavya.hassan548@streammail.com,21,Female,Sydney,Australia,Free,2022-08-17,True
674,Kwame,Davis,kwame.davis307@streammail.com,48,Female,Houston,USA,Basic,2021-08-07,True
675,Dev,Davis,dev.davis144@streammail.com,65,Female,Mumbai,India,Free,2022-05-04,True
676,Hana,Rossi,hana.rossi547@streammail.com,37,Prefer not to say,Singapore,Singapore,Free,2023-07-10,True
677,Sofia,Singh,sofia.singh416@streammail.com,37,Non-binary,Delhi,India,Premium,2023-07-28,True
678,Ethan,Mehta,ethan.mehta38@streammail.com,18,Female,London,UK,Basic,2023-09-29,False
679,Rahul,Anderson,rahul.anderson719@streammail.com,46,Female,Chicago,USA,Free,2022-09-22,True
680,Arjun,Nair,arjun.nair117@streammail.com,33,Male,Ahmedabad,India,Standard,2024-06-14,True
681,Amira,Garcia,amira.garcia124@streammail.com,27,Female,Singapore,Singapore,Standard,2022-03-13,True
682,Ananya,Wang,ananya.wang145@streammail.com,29,Female,London,UK,Standard,2021-12-11,True
683,Rahul,Smith,rahul.smith103@streammail.com,25,Male,Manchester,UK,Basic,2021-11-20,True
684,Olivia,Reddy,olivia.reddy724@streammail.com,24,Male,Chicago,USA,Standard,2022-08-05,True
685,James,Wilson,james.wilson147@streammail.com,21,Female,Los Angeles,USA,Free,2021-12-24,True
686,Bianca,Reddy,bianca.reddy643@streammail.com,30,Male,Sydney,Australia,Free,2022-09-09,True
687,Ananya,Nair,ananya.nair634@streammail.com,32,Female,Chennai,India,Standard,2022-03-26,True
688,Sneha,Davis,sneha.davis116@streammail.com,19,Female,Manchester,UK,Premium,2024-11-04,True
689,Liam,Singh,liam.singh56@streammail.com,29,Female,Los Angeles,USA,Premium,2022-11-16,True
690,Rohan,Kumar,rohan.kumar948@streammail.com,42,Female,New York,USA,Basic,2021-11-20,True
691,Isabella,Chopra,isabella.chopra607@streammail.com,17,Male,New York,USA,Free,2022-10-30,True
692,Isabella,Okonkwo,isabella.okonkwo891@streammail.com,40,Male,Bengaluru,India,Standard,2022-03-28,True
693,Elena,Johnson,elena.johnson222@streammail.com,22,Female,Toronto,Canada,Free,2021-10-07,True
694,Mei,Davis,mei.davis344@streammail.com,34,Female,Delhi,India,Free,2024-11-18,True
695,Nadia,Volkov,nadia.volkov429@streammail.com,20,Male,Delhi,India,Standard,2024-05-21,False
696,Liam,Taylor,liam.taylor89@streammail.com,49,Female,Kolkata,India,Premium,2023-12-05,True
697,Nadia,Wang,nadia.wang15@streammail.com,31,Male,London,UK,Free,2022-11-02,False
698,Emma,Sharma,emma.sharma428@streammail.com,24,Prefer not to say,Singapore,Singapore,Standard,2021-03-24,True
699,Elena,Diaz,elena.diaz491@streammail.com,30,Male,Manchester,UK,Standard,2023-10-12,True
700,Felix,Wilson,felix.wilson136@streammail.com,27,Female,Chennai,India,Free,2022-05-05,True
701,Hana,Williams,hana.williams721@streammail.com,20,Female,Pune,India,Free,2023-07-21,True
702,Olivia,Hassan,olivia.hassan642@streammail.com,26,Male,Pune,India,Standard,2024-07-21,True
703,Sofia,Singh,sofia.singh304@streammail.com,29,Female,Kolkata,India,Free,2024-01-16,True
704,Sofia,Kumar,sofia.kumar528@streammail.com,55,Male,Dubai,UAE,Free,2024-10-13,True
705,Nadia,Singh,nadia.singh375@streammail.com,22,Female,Chennai,India,Free,2024-02-23,False
706,Isabella,Joshi,isabella.joshi665@streammail.com,19,Female,Ahmedabad,India,Standard,2024-04-03,True
707,Ethan,Garcia,ethan.garcia362@streammail.com,21,Male,Toronto,Canada,Basic,2021-04-22,True
708,Ananya,Webb,ananya.webb727@streammail.com,31,Female,New York,USA,Basic,2023-12-28,True
709,Arjun,Davis,arjun.davis914@streammail.com,40,Male,Melbourne,Australia,Premium,2022-01-02,True
710,Mei,Joshi,mei.joshi714@streammail.com,37,Female,Delhi,India,Basic,2021-11-05,True
711,Yuki,Okonkwo,yuki.okonkwo993@streammail.com,42,Male,Chicago,USA,Standard,2023-05-11,True
712,Arjun,Patel,arjun.patel893@streammail.com,27,Female,Manchester,UK,Basic,2023-12-01,True
713,Carlos,Rossi,carlos.rossi608@streammail.com,19,Male,Chicago,USA,Free,2023-07-27,True
714,Liam,Chen,liam.chen233@streammail.com,29,Female,Ahmedabad,India,Free,2022-08-14,True
715,Nadia,Williams,nadia.williams634@streammail.com,30,Female,Toronto,Canada,Standard,2021-12-26,True
716,Emma,Williams,emma.williams244@streammail.com,24,Female,Delhi,India,Basic,2022-10-11,True
717,Ava,Singh,ava.singh682@streammail.com,26,Prefer not to say,Hyderabad,India,Basic,2024-01-11,True
718,Priya,Diaz,priya.diaz954@streammail.com,40,Non-binary,Ahmedabad,India,Premium,2021-10-25,True
719,Sofia,Tanaka,sofia.tanaka486@streammail.com,48,Female,Toronto,Canada,Standard,2024-03-20,True
720,Dev,Martinez,dev.martinez706@streammail.com,28,Non-binary,Delhi,India,Free,2023-09-08,True
721,Hana,Patel,hana.patel412@streammail.com,33,Male,Los Angeles,USA,Standard,2022-10-31,True
722,Ethan,Wang,ethan.wang201@streammail.com,41,Female,Mumbai,India,Standard,2024-01-08,False
723,Amira,Davis,amira.davis503@streammail.com,16,Male,Hyderabad,India,Free,2024-09-27,True
724,Layla,Osei,layla.osei382@streammail.com,17,Male,Mumbai,India,Premium,2022-12-08,True
725,Kavya,Wilson,kavya.wilson746@streammail.com,31,Male,Melbourne,Australia,Standard,2023-06-26,False
726,Elena,Okonkwo,elena.okonkwo143@streammail.com,21,Male,Sydney,Australia,Free,2024-05-09,True
727,Sofia,Mehta,sofia.mehta956@streammail.com,32,Female,Singapore,Singapore,Free,2023-04-19,True
728,Nadia,Smith,nadia.smith205@streammail.com,27,Male,Delhi,India,Basic,2023-02-21,True
729,Hana,Kim,hana.kim506@streammail.com,29,Male,New York,USA,Basic,2021-01-06,True
730,Marcus,Joshi,marcus.joshi670@streammail.com,32,Male,Chicago,USA,Basic,2022-08-13,True
731,Isabella,Patel,isabella.patel123@streammail.com,16,Female,London,UK,Standard,2024-05-11,True
732,Wei,Webb,wei.webb998@streammail.com,33,Male,Houston,USA,Standard,2021-09-02,True
733,Wei,Williams,wei.williams596@streammail.com,23,Male,Mumbai,India,Free,2021-10-05,True
734,Omar,Kumar,omar.kumar297@streammail.com,50,Non-binary,Hyderabad,India,Basic,2024-08-01,True
735,Olivia,Nair,olivia.nair614@streammail.com,16,Female,London,UK,Free,2024-11-03,True
736,Layla,Nair,layla.nair548@streammail.com,26,Male,New York,USA,Basic,2021-10-22,True
737,Bianca,Okonkwo,bianca.okonkwo349@streammail.com,35,Male,Toronto,Canada,Free,2023-10-28,False
738,Ananya,Okonkwo,ananya.okonkwo472@streammail.com,37,Female,Toronto,Canada,Premium,2021-08-27,True
739,Hana,Hassan,hana.hassan143@streammail.com,42,Male,Sydney,Australia,Basic,2022-12-02,True
740,Ananya,Taylor,ananya.taylor132@streammail.com,23,Female,Sydney,Australia,Basic,2021-10-19,True
741,Kavya,Popescu,kavya.popescu708@streammail.com,33,Female,London,UK,Free,2023-09-19,True
742,Sneha,Webb,sneha.webb122@streammail.com,33,Male,Toronto,Canada,Standard,2021-03-30,True
743,Ananya,Wilson,ananya.wilson602@streammail.com,35,Male,Toronto,Canada,Standard,2021-07-05,True
744,Omar,Ali,omar.ali165@streammail.com,40,Female,Sydney,Australia,Basic,2025-02-01,True
745,Aarav,Wilson,aarav.wilson733@streammail.com,27,Male,Delhi,India,Standard,2024-01-06,False
746,Marcus,Hassan,marcus.hassan715@streammail.com,53,Female,Los Angeles,USA,Free,2023-06-20,True
747,Kwame,Popescu,kwame.popescu220@streammail.com,17,Male,New York,USA,Free,2022-10-06,True
748,Layla,Tanaka,layla.tanaka571@streammail.com,41,Male,Houston,USA,Free,2021-06-18,True
749,Hana,Chopra,hana.chopra232@streammail.com,27,Female,New York,USA,Premium,2022-01-22,True
750,Layla,Brown,layla.brown14@streammail.com,51,Female,Nairobi,Kenya,Basic,2023-10-04,True
751,Kavya,Joshi,kavya.joshi147@streammail.com,22,Non-binary,Kolkata,India,Premium,2025-02-27,True
752,Noah,Martinez,noah.martinez206@streammail.com,16,Male,Los Angeles,USA,Standard,2023-04-08,True
753,Mei,Wang,mei.wang775@streammail.com,25,Female,Manchester,UK,Premium,2023-09-02,False
754,Mei,Johnson,mei.johnson787@streammail.com,24,Male,Pune,India,Basic,2021-09-08,True
755,James,Patel,james.patel102@streammail.com,37,Prefer not to say,London,UK,Basic,2021-02-24,True
756,Emma,Kim,emma.kim637@streammail.com,21,Female,Los Angeles,USA,Basic,2021-06-06,True
757,Nadia,Davis,nadia.davis301@streammail.com,24,Female,Chicago,USA,Basic,2022-12-05,True
758,Rahul,Popescu,rahul.popescu902@streammail.com,32,Female,Toronto,Canada,Premium,2023-02-25,True
759,Rahul,Singh,rahul.singh182@streammail.com,37,Male,New York,USA,Basic,2024-12-17,True
760,Kwame,Rossi,kwame.rossi783@streammail.com,25,Female,Delhi,India,Standard,2024-10-14,True
761,Marcus,Webb,marcus.webb576@streammail.com,22,Female,Sydney,Australia,Basic,2023-10-11,True
762,Yuki,Garcia,yuki.garcia63@streammail.com,31,Male,Mumbai,India,Basic,2021-04-03,True
763,Priya,Martinez,priya.martinez390@streammail.com,26,Male,Mumbai,India,Free,2022-12-21,True
764,Hana,Reddy,hana.reddy933@streammail.com,39,Male,Chicago,USA,Free,2022-09-17,True
765,Rahul,Volkov,rahul.volkov674@streammail.com,16,Male,Melbourne,Australia,Basic,2022-07-01,True
766,Carlos,Osei,carlos.osei585@streammail.com,23,Male,Kolkata,India,Basic,2024-03-18,True
767,Ava,Martinez,ava.martinez509@streammail.com,32,Male,Ahmedabad,India,Premium,2024-06-13,True
768,Arjun,Wilson,arjun.wilson295@streammail.com,22,Prefer not to say,Bengaluru,India,Basic,2022-09-01,True
769,Kavya,Nair,kavya.nair607@streammail.com,48,Male,Chennai,India,Basic,2023-09-01,True
770,Hana,Kim,hana.kim444@streammail.com,39,Male,Chicago,USA,Basic,2022-10-04,True
771,Nadia,Brown,nadia.brown903@streammail.com,26,Female,Mumbai,India,Standard,2024-03-27,True
772,Nadia,Wang,nadia.wang960@streammail.com,16,Female,Los Angeles,USA,Premium,2024-06-12,False
773,Sneha,Davis,sneha.davis374@streammail.com,33,Female,Pune,India,Basic,2022-09-07,True
774,Arjun,Wilson,arjun.wilson867@streammail.com,48,Female,Kolkata,India,Free,2022-08-11,True
775,Amira,Anderson,amira.anderson117@streammail.com,49,Female,Delhi,India,Standard,2022-09-28,True
776,Rahul,Davis,rahul.davis164@streammail.com,35,Male,Bengaluru,India,Standard,2021-03-01,True
777,Olivia,Singh,olivia.singh987@streammail.com,32,Male,Houston,USA,Free,2021-06-21,True
778,Felix,Hassan,felix.hassan688@streammail.com,28,Male,Chicago,USA,Standard,2021-07-04,True
779,Isabella,Joshi,isabella.joshi585@streammail.com,43,Non-binary,London,UK,Premium,2024-04-03,True
780,Kavya,Anderson,kavya.anderson615@streammail.com,27,Male,Delhi,India,Standard,2022-10-04,True
781,Isabella,Popescu,isabella.popescu224@streammail.com,43,Male,Delhi,India,Premium,2023-06-20,True
782,Layla,Joshi,layla.joshi325@streammail.com,55,Female,New York,USA,Premium,2023-08-31,True
783,Emma,Hassan,emma.hassan487@streammail.com,32,Male,Houston,USA,Standard,2024-05-25,True
784,Sneha,Anderson,sneha.anderson260@streammail.com,30,Female,New York,USA,Standard,2022-09-26,False
785,Ananya,Anderson,ananya.anderson879@streammail.com,57,Male,Pune,India,Premium,2022-06-08,True
786,Hana,Wilson,hana.wilson881@streammail.com,33,Female,Melbourne,Australia,Premium,2023-06-18,True
787,Felix,Singh,felix.singh281@streammail.com,42,Female,Melbourne,Australia,Premium,2023-08-23,True
788,Elena,Nair,elena.nair845@streammail.com,16,Female,Delhi,India,Basic,2022-06-19,True
789,Carlos,Volkov,carlos.volkov712@streammail.com,45,Male,Mumbai,India,Standard,2024-07-14,True
790,Noah,Kim,noah.kim322@streammail.com,36,Male,New York,USA,Basic,2021-08-15,False
791,James,Okonkwo,james.okonkwo812@streammail.com,16,Male,Dubai,UAE,Standard,2021-10-01,True
792,Yuki,Davis,yuki.davis87@streammail.com,38,Male,Kolkata,India,Basic,2022-01-08,True
793,Ethan,Patel,ethan.patel971@streammail.com,19,Non-binary,Mumbai,India,Premium,2022-04-14,True
794,Liam,Kumar,liam.kumar411@streammail.com,27,Male,Los Angeles,USA,Free,2024-05-14,True
795,Ananya,Sharma,ananya.sharma736@streammail.com,35,Female,New York,USA,Free,2024-10-11,True
796,Mei,Tanaka,mei.tanaka765@streammail.com,16,Male,Ahmedabad,India,Free,2021-09-24,True
797,Yuki,Davis,yuki.davis429@streammail.com,32,Male,Delhi,India,Basic,2022-06-21,True
798,Nadia,Reddy,nadia.reddy11@streammail.com,29,Prefer not to say,Pune,India,Basic,2022-10-25,True
799,Kwame,Popescu,kwame.popescu754@streammail.com,43,Male,Los Angeles,USA,Free,2021-04-17,False
800,Rahul,Sharma,rahul.sharma260@streammail.com,37,Male,Ahmedabad,India,Basic,2023-02-20,True
801,Rahul,Brown,rahul.brown267@streammail.com,22,Male,Delhi,India,Basic,2023-08-17,True
802,Emma,Chen,emma.chen120@streammail.com,32,Female,Hyderabad,India,Premium,2021-09-19,True
803,Layla,Popescu,layla.popescu290@streammail.com,30,Female,Toronto,Canada,Basic,2022-06-25,True
804,Bianca,Johnson,bianca.johnson570@streammail.com,50,Female,Sydney,Australia,Basic,2024-09-08,True
805,Sneha,Taylor,sneha.taylor188@streammail.com,30,Male,Mumbai,India,Premium,2023-06-13,True
806,Dev,Ali,dev.ali727@streammail.com,47,Female,New York,USA,Standard,2023-07-27,True
807,Ananya,Ali,ananya.ali96@streammail.com,27,Female,Bengaluru,India,Standard,2023-11-08,True
808,Ava,Sharma,ava.sharma539@streammail.com,50,Male,London,UK,Free,2022-01-05,True
809,Rohan,Martinez,rohan.martinez27@streammail.com,37,Female,Hyderabad,India,Premium,2023-02-05,True
810,Emma,Patel,emma.patel84@streammail.com,31,Female,Pune,India,Basic,2024-12-20,False
811,Aarav,Martinez,aarav.martinez994@streammail.com,24,Prefer not to say,Mumbai,India,Premium,2025-02-07,True
812,James,Wilson,james.wilson884@streammail.com,24,Male,Mumbai,India,Standard,2024-08-11,True
813,Kwame,Reddy,kwame.reddy409@streammail.com,33,Male,Bengaluru,India,Premium,2023-03-28,True
814,Amira,Tanaka,amira.tanaka663@streammail.com,49,Male,London,UK,Free,2024-09-01,True
815,Hana,Smith,hana.smith368@streammail.com,37,Male,Chicago,USA,Basic,2023-09-30,True
816,Elena,Reddy,elena.reddy775@streammail.com,21,Female,Kolkata,India,Basic,2023-01-25,True
817,Rahul,Martinez,rahul.martinez997@streammail.com,34,Non-binary,Pune,India,Basic,2021-11-14,True
818,Kavya,Tanaka,kavya.tanaka480@streammail.com,47,Male,Pune,India,Premium,2023-09-06,True
819,Hana,Anderson,hana.anderson536@streammail.com,20,Female,Kolkata,India,Basic,2021-04-03,True
820,Nadia,Chen,nadia.chen364@streammail.com,26,Female,Bengaluru,India,Free,2021-06-17,True
821,Nadia,Brown,nadia.brown806@streammail.com,28,Male,Delhi,India,Standard,2024-12-13,True
822,Dev,Chen,dev.chen350@streammail.com,34,Male,Singapore,Singapore,Free,2022-01-19,False
823,Wei,Nair,wei.nair445@streammail.com,36,Female,New York,USA,Basic,2021-12-18,True
824,Bianca,Kim,bianca.kim634@streammail.com,32,Male,Manchester,UK,Standard,2024-06-17,True
825,Amira,Kim,amira.kim90@streammail.com,36,Female,Delhi,India,Free,2021-02-02,True
826,Marcus,Johnson,marcus.johnson666@streammail.com,32,Female,Bengaluru,India,Basic,2024-07-06,True
827,Nadia,Johnson,nadia.johnson486@streammail.com,48,Female,Kolkata,India,Premium,2025-02-22,True
828,Dev,Anderson,dev.anderson207@streammail.com,46,Male,Hyderabad,India,Free,2023-03-14,True
829,Elena,Okonkwo,elena.okonkwo869@streammail.com,17,Male,Ahmedabad,India,Basic,2022-08-19,True
830,Bianca,Taylor,bianca.taylor732@streammail.com,24,Male,Mumbai,India,Basic,2021-02-08,True
831,Felix,Webb,felix.webb120@streammail.com,40,Male,Ahmedabad,India,Free,2024-11-29,True
832,Marcus,Ali,marcus.ali449@streammail.com,28,Female,Bengaluru,India,Standard,2022-03-26,False
833,Nadia,Smith,nadia.smith905@streammail.com,25,Female,Hyderabad,India,Basic,2024-10-10,True
834,Liam,Wilson,liam.wilson290@streammail.com,16,Female,Houston,USA,Free,2021-06-26,True
835,Bianca,Nair,bianca.nair813@streammail.com,40,Female,Kolkata,India,Premium,2022-03-05,True
836,Wei,Ali,wei.ali694@streammail.com,31,Male,Delhi,India,Free,2023-10-29,True
837,Ethan,Joshi,ethan.joshi576@streammail.com,31,Female,Bengaluru,India,Standard,2022-12-29,True
838,Emma,Nair,emma.nair724@streammail.com,41,Female,Mumbai,India,Premium,2023-06-16,True
839,Rohan,Nair,rohan.nair844@streammail.com,25,Female,New York,USA,Premium,2021-08-30,True
840,Yuki,Chopra,yuki.chopra781@streammail.com,31,Female,Ahmedabad,India,Free,2025-02-09,True
841,James,Joshi,james.joshi869@streammail.com,48,Male,Bengaluru,India,Standard,2021-01-14,True
842,Liam,Reddy,liam.reddy273@streammail.com,28,Male,Chennai,India,Standard,2023-04-30,True
843,Felix,Taylor,felix.taylor142@streammail.com,23,Non-binary,Manchester,UK,Basic,2023-07-29,True
844,Priya,Chopra,priya.chopra150@streammail.com,37,Female,London,UK,Premium,2025-01-09,True
845,Carlos,Diaz,carlos.diaz791@streammail.com,47,Non-binary,Delhi,India,Free,2024-09-14,True
846,Yuki,Okonkwo,yuki.okonkwo412@streammail.com,38,Female,Melbourne,Australia,Basic,2024-12-06,True
847,Omar,Sharma,omar.sharma847@streammail.com,16,Male,Hyderabad,India,Standard,2024-12-05,False
848,Dev,Ali,dev.ali909@streammail.com,28,Male,Manchester,UK,Free,2024-08-21,True
849,Rahul,Martinez,rahul.martinez400@streammail.com,31,Male,Houston,USA,Free,2024-01-13,True
850,Sofia,Williams,sofia.williams24@streammail.com,26,Female,Mumbai,India,Free,2024-01-11,True
851,Elena,Joshi,elena.joshi750@streammail.com,22,Male,Mumbai,India,Standard,2022-12-27,False
852,Dev,Kim,dev.kim587@streammail.com,42,Male,London,UK,Free,2023-07-18,True
853,Ethan,Ali,ethan.ali307@streammail.com,35,Male,Hyderabad,India,Basic,2024-10-09,True
854,Rohan,Garcia,rohan.garcia529@streammail.com,16,Female,New York,USA,Free,2023-01-10,True
855,Felix,Reddy,felix.reddy95@streammail.com,40,Male,Mumbai,India,Standard,2023-07-03,True
856,Amira,Chen,amira.chen599@streammail.com,24,Prefer not to say,Ahmedabad,India,Standard,2023-05-18,False
857,Felix,Williams,felix.williams148@streammail.com,20,Female,Ahmedabad,India,Basic,2024-12-13,True
858,Nadia,Webb,nadia.webb34@streammail.com,33,Male,London,UK,Premium,2024-02-19,True
859,Felix,Joshi,felix.joshi124@streammail.com,29,Male,Chennai,India,Premium,2021-08-30,True
860,Bianca,Patel,bianca.patel811@streammail.com,43,Male,Delhi,India,Premium,2024-04-22,True
861,Yuki,Wilson,yuki.wilson188@streammail.com,26,Male,Sydney,Australia,Free,2022-12-16,True
862,Hana,Chopra,hana.chopra922@streammail.com,32,Female,Chennai,India,Standard,2023-02-12,True
863,James,Volkov,james.volkov780@streammail.com,16,Male,Pune,India,Standard,2022-10-29,True
864,Kwame,Taylor,kwame.taylor922@streammail.com,38,Male,Kolkata,India,Standard,2024-01-13,True
865,Mei,Reddy,mei.reddy887@streammail.com,45,Male,Delhi,India,Standard,2024-12-19,True
866,Kavya,Davis,kavya.davis979@streammail.com,34,Female,Los Angeles,USA,Premium,2024-03-27,True
867,Marcus,Patel,marcus.patel124@streammail.com,16,Female,Chicago,USA,Free,2022-07-18,True
868,Dev,Reddy,dev.reddy827@streammail.com,26,Male,New York,USA,Free,2022-10-19,True
869,Priya,Martinez,priya.martinez448@streammail.com,44,Male,Delhi,India,Free,2023-02-22,True
870,Liam,Tanaka,liam.tanaka148@streammail.com,33,Male,Delhi,India,Premium,2021-07-03,True
871,Sneha,Garcia,sneha.garcia186@streammail.com,41,Male,Mumbai,India,Premium,2022-10-18,True
872,Ananya,Kumar,ananya.kumar208@streammail.com,35,Female,Bengaluru,India,Basic,2024-05-07,True
873,Kwame,Joshi,kwame.joshi276@streammail.com,22,Male,Mumbai,India,Standard,2023-09-19,False
874,Priya,Wang,priya.wang568@streammail.com,34,Male,Singapore,Singapore,Standard,2024-10-14,True
875,James,Kim,james.kim582@streammail.com,44,Female,Kolkata,India,Free,2022-02-21,True
876,Liam,Anderson,liam.anderson551@streammail.com,39,Female,Dubai,UAE,Free,2024-02-11,True
877,Yuki,Williams,yuki.williams1@streammail.com,39,Female,Mumbai,India,Basic,2022-05-29,True
878,Ava,Tanaka,ava.tanaka47@streammail.com,28,Female,Delhi,India,Basic,2023-12-30,True
879,Ananya,Smith,ananya.smith743@streammail.com,30,Female,New York,USA,Standard,2024-06-04,False
880,Sofia,Chen,sofia.chen771@streammail.com,42,Male,Houston,USA,Premium,2022-07-14,True
881,Nadia,Martinez,nadia.martinez17@streammail.com,47,Female,Toronto,Canada,Premium,2024-05-31,True
882,Felix,Rossi,felix.rossi781@streammail.com,48,Female,Kolkata,India,Standard,2021-06-16,True
883,Priya,Chopra,priya.chopra689@streammail.com,41,Male,Delhi,India,Free,2024-05-16,True
884,Aarav,Joshi,aarav.joshi474@streammail.com,30,Male,Chennai,India,Free,2022-01-31,True
885,Mei,Ali,mei.ali197@streammail.com,25,Male,Mumbai,India,Premium,2025-01-10,False
886,Rahul,Wang,rahul.wang505@streammail.com,26,Female,Toronto,Canada,Free,2024-12-18,False
887,Amira,Joshi,amira.joshi891@streammail.com,25,Female,Hyderabad,India,Standard,2022-02-01,True
888,Olivia,Mehta,olivia.mehta603@streammail.com,31,Male,Delhi,India,Premium,2021-05-14,True
889,Mei,Davis,mei.davis869@streammail.com,47,Female,Chicago,USA,Standard,2023-12-28,False
890,Aarav,Popescu,aarav.popescu657@streammail.com,31,Male,Chicago,USA,Premium,2024-08-24,True
891,Felix,Wang,felix.wang125@streammail.com,22,Female,Chicago,USA,Free,2021-03-31,True
892,Felix,Chopra,felix.chopra324@streammail.com,33,Male,Mumbai,India,Premium,2022-02-03,True
893,Ethan,Popescu,ethan.popescu981@streammail.com,32,Male,Mumbai,India,Standard,2022-09-29,True
894,Elena,Patel,elena.patel607@streammail.com,37,Female,Manchester,UK,Free,2022-11-16,True
895,Sofia,Kumar,sofia.kumar842@streammail.com,38,Female,Hyderabad,India,Standard,2024-05-13,True
896,Ananya,Reddy,ananya.reddy998@streammail.com,16,Male,Mumbai,India,Premium,2021-03-10,True
897,James,Kumar,james.kumar942@streammail.com,44,Male,Manchester,UK,Standard,2023-06-04,True
898,Yuki,Osei,yuki.osei412@streammail.com,36,Male,Mumbai,India,Standard,2023-04-22,True
899,Aarav,Volkov,aarav.volkov394@streammail.com,19,Male,Pune,India,Premium,2021-07-27,True
900,Nadia,Martinez,nadia.martinez602@streammail.com,38,Male,Delhi,India,Standard,2021-07-30,True
901,Noah,Smith,noah.smith653@streammail.com,24,Male,Ahmedabad,India,Free,2024-06-25,True
902,Sneha,Smith,sneha.smith320@streammail.com,41,Non-binary,Los Angeles,USA,Standard,2023-11-17,True
903,Emma,Johnson,emma.johnson481@streammail.com,26,Female,Hyderabad,India,Standard,2021-01-17,True
904,Isabella,Kumar,isabella.kumar433@streammail.com,40,Female,Chennai,India,Free,2022-02-15,True
905,Noah,Webb,noah.webb712@streammail.com,16,Female,Houston,USA,Basic,2024-03-30,True
906,Sofia,Williams,sofia.williams108@streammail.com,35,Female,Pune,India,Premium,2021-03-28,True
907,Ethan,Volkov,ethan.volkov639@streammail.com,16,Female,Bengaluru,India,Basic,2022-11-10,True
908,Aarav,Hassan,aarav.hassan11@streammail.com,34,Female,Mumbai,India,Free,2021-03-03,True
909,Layla,Singh,layla.singh999@streammail.com,33,Female,Mumbai,India,Basic,2022-06-21,True
910,Olivia,Davis,olivia.davis23@streammail.com,37,Non-binary,Delhi,India,Free,2022-06-21,True
911,Kwame,Joshi,kwame.joshi347@streammail.com,29,Female,Dubai,UAE,Premium,2023-02-02,False
912,Elena,Mehta,elena.mehta122@streammail.com,38,Female,Delhi,India,Free,2021-09-25,True
913,Layla,Garcia,layla.garcia614@streammail.com,17,Female,Kolkata,India,Premium,2024-06-15,True
914,Emma,Garcia,emma.garcia254@streammail.com,16,Female,Mumbai,India,Premium,2022-07-28,False
915,Bianca,Wilson,bianca.wilson745@streammail.com,17,Male,Mumbai,India,Basic,2021-05-13,False
916,Layla,Rossi,layla.rossi532@streammail.com,34,Female,Pune,India,Basic,2022-10-22,True
917,Bianca,Webb,bianca.webb275@streammail.com,20,Male,New York,USA,Free,2024-08-23,True
918,Isabella,Diaz,isabella.diaz224@streammail.com,18,Female,Hyderabad,India,Premium,2023-02-12,True
919,Kavya,Smith,kavya.smith770@streammail.com,23,Male,Mumbai,India,Basic,2024-04-10,True
920,Dev,Volkov,dev.volkov443@streammail.com,35,Male,Kolkata,India,Basic,2023-10-16,True
921,Ethan,Chen,ethan.chen661@streammail.com,38,Female,Mumbai,India,Standard,2023-10-25,True
922,Ethan,Nair,ethan.nair122@streammail.com,27,Female,Mumbai,India,Basic,2021-03-20,True
923,Wei,Kim,wei.kim764@streammail.com,28,Female,Sydney,Australia,Free,2024-12-16,True
924,Wei,Sharma,wei.sharma789@streammail.com,24,Female,Hyderabad,India,Basic,2022-12-11,True
925,Aarav,Webb,aarav.webb670@streammail.com,32,Male,Ahmedabad,India,Standard,2023-03-26,True
926,Ethan,Volkov,ethan.volkov740@streammail.com,26,Female,Sydney,Australia,Basic,2022-11-29,True
927,Felix,Wilson,felix.wilson450@streammail.com,22,Female,Pune,India,Basic,2024-03-28,True
928,Bianca,Ali,bianca.ali348@streammail.com,28,Female,Bengaluru,India,Basic,2023-05-22,True
929,Hana,Garcia,hana.garcia602@streammail.com,36,Prefer not to say,Mumbai,India,Premium,2021-11-11,True
930,Amira,Osei,amira.osei210@streammail.com,16,Female,Dubai,UAE,Free,2021-05-11,True
931,Dev,Kim,dev.kim96@streammail.com,29,Female,Delhi,India,Free,2024-11-12,True
932,Kwame,Tanaka,kwame.tanaka211@streammail.com,26,Female,Bengaluru,India,Basic,2024-09-12,True
933,Aarav,Williams,aarav.williams335@streammail.com,27,Male,Melbourne,Australia,Basic,2021-08-15,True
934,Kwame,Wilson,kwame.wilson134@streammail.com,35,Male,Melbourne,Australia,Standard,2022-09-27,True
935,Hana,Davis,hana.davis515@streammail.com,25,Male,Houston,USA,Standard,2021-10-20,True
936,Isabella,Martinez,isabella.martinez933@streammail.com,33,Female,New York,USA,Standard,2023-10-03,True
937,Yuki,Volkov,yuki.volkov356@streammail.com,29,Female,Houston,USA,Standard,2024-06-09,True
938,Olivia,Popescu,olivia.popescu469@streammail.com,23,Male,Chennai,India,Standard,2024-09-11,True
939,Rahul,Anderson,rahul.anderson907@streammail.com,29,Female,Melbourne,Australia,Free,2022-08-21,True
940,Ava,Rossi,ava.rossi422@streammail.com,45,Male,Nairobi,Kenya,Basic,2024-02-07,True
941,Carlos,Okonkwo,carlos.okonkwo462@streammail.com,32,Male,Delhi,India,Standard,2021-02-24,True
942,Kwame,Martinez,kwame.martinez764@streammail.com,34,Male,Kolkata,India,Free,2022-02-03,True
943,James,Garcia,james.garcia687@streammail.com,28,Female,London,UK,Standard,2024-01-29,True
944,Marcus,Wang,marcus.wang862@streammail.com,32,Female,Delhi,India,Free,2021-02-06,True
945,Amira,Williams,amira.williams80@streammail.com,39,Male,Chicago,USA,Free,2023-06-22,True
946,Ava,Chopra,ava.chopra714@streammail.com,32,Female,Mumbai,India,Standard,2024-07-24,True
947,Rohan,Osei,rohan.osei707@streammail.com,32,Female,Hyderabad,India,Premium,2023-02-12,True
948,Isabella,Davis,isabella.davis94@streammail.com,32,Prefer not to say,Mumbai,India,Basic,2021-02-27,True
949,Arjun,Taylor,arjun.taylor982@streammail.com,37,Female,Melbourne,Australia,Free,2021-12-10,True
950,Carlos,Garcia,carlos.garcia576@streammail.com,16,Male,Los Angeles,USA,Basic,2024-07-03,False
951,Ananya,Taylor,ananya.taylor219@streammail.com,31,Male,Mumbai,India,Basic,2024-09-01,True
952,Arjun,Wang,arjun.wang666@streammail.com,33,Male,Los Angeles,USA,Free,2021-03-31,True
953,Bianca,Nair,bianca.nair730@streammail.com,51,Male,New York,USA,Free,2021-12-18,True
954,Kwame,Smith,kwame.smith341@streammail.com,30,Male,Delhi,India,Premium,2024-11-09,True
955,Sofia,Patel,sofia.patel624@streammail.com,20,Male,Toronto,Canada,Standard,2025-02-28,False
956,Ethan,Patel,ethan.patel632@streammail.com,35,Male,London,UK,Standard,2021-09-12,True
957,Kavya,Kumar,kavya.kumar141@streammail.com,30,Female,Chennai,India,Free,2022-02-23,True
958,Dev,Martinez,dev.martinez138@streammail.com,37,Female,Hyderabad,India,Free,2024-08-11,True
959,Felix,Tanaka,felix.tanaka769@streammail.com,37,Male,Mumbai,India,Free,2022-05-12,False
960,Isabella,Taylor,isabella.taylor623@streammail.com,24,Male,Melbourne,Australia,Basic,2023-12-04,True
961,Bianca,Mehta,bianca.mehta977@streammail.com,28,Male,Delhi,India,Free,2022-02-23,True
962,Ava,Anderson,ava.anderson520@streammail.com,27,Female,Mumbai,India,Free,2025-01-24,True
963,Elena,Brown,elena.brown621@streammail.com,29,Male,Bengaluru,India,Premium,2024-07-25,True
964,Layla,Diaz,layla.diaz387@streammail.com,42,Male,Delhi,India,Standard,2023-06-23,True
965,Emma,Webb,emma.webb21@streammail.com,28,Female,London,UK,Free,2022-09-07,True
966,Wei,Osei,wei.osei475@streammail.com,33,Male,Hyderabad,India,Standard,2022-08-04,True
967,James,Webb,james.webb201@streammail.com,32,Female,Delhi,India,Basic,2023-10-23,True
968,Felix,Diaz,felix.diaz994@streammail.com,33,Female,London,UK,Standard,2023-02-26,True
969,Felix,Singh,felix.singh944@streammail.com,37,Non-binary,Delhi,India,Standard,2023-06-13,True
970,Omar,Rossi,omar.rossi651@streammail.com,29,Male,Chicago,USA,Basic,2024-11-27,True
971,Isabella,Anderson,isabella.anderson490@streammail.com,37,Male,Mumbai,India,Standard,2024-10-17,True
972,Nadia,Johnson,nadia.johnson261@streammail.com,18,Non-binary,Bengaluru,India,Standard,2024-03-30,True
973,Kavya,Osei,kavya.osei408@streammail.com,36,Female,Houston,USA,Free,2022-01-22,True
974,Hana,Osei,hana.osei601@streammail.com,31,Female,Hyderabad,India,Premium,2023-04-23,True
975,Rohan,Ali,rohan.ali834@streammail.com,31,Female,Delhi,India,Free,2023-03-27,True
976,Bianca,Sharma,bianca.sharma100@streammail.com,16,Male,Mumbai,India,Basic,2024-11-27,True
977,Elena,Williams,elena.williams181@streammail.com,30,Female,Chennai,India,Free,2022-01-08,True
978,Ava,Brown,ava.brown206@streammail.com,25,Female,Mumbai,India,Free,2022-01-10,False
979,Felix,Chopra,felix.chopra642@streammail.com,43,Male,Toronto,Canada,Basic,2021-06-13,True
980,Sofia,Patel,sofia.patel600@streammail.com,41,Female,Bengaluru,India,Free,2023-09-21,True
981,Aarav,Singh,aarav.singh100@streammail.com,34,Prefer not to say,Bengaluru,India,Standard,2023-12-02,False
982,Marcus,Martinez,marcus.martinez619@streammail.com,22,Female,Kolkata,India,Basic,2023-01-30,True
983,Isabella,Hassan,isabella.hassan682@streammail.com,16,Female,Kolkata,India,Free,2022-11-08,True
984,Amira,Smith,amira.smith27@streammail.com,16,Male,Los Angeles,USA,Standard,2023-12-23,True
985,Layla,Chopra,layla.chopra634@streammail.com,40,Male,Chicago,USA,Premium,2024-09-14,False
986,Carlos,Patel,carlos.patel649@streammail.com,23,Prefer not to say,Chennai,India,Standard,2021-04-04,True
987,Ethan,Rossi,ethan.rossi410@streammail.com,34,Prefer not to say,London,UK,Premium,2023-09-03,False
988,Kwame,Tanaka,kwame.tanaka622@streammail.com,23,Female,Bengaluru,India,Premium,2021-10-21,True
989,Rahul,Smith,rahul.smith510@streammail.com,27,Prefer not to say,Manchester,UK,Basic,2024-01-29,False
990,Ananya,Webb,ananya.webb679@streammail.com,46,Male,New York,USA,Standard,2022-05-14,True
991,Kavya,Nair,kavya.nair446@streammail.com,54,Non-binary,Nairobi,Kenya,Standard,2022-10-31,True
992,Wei,Webb,wei.webb975@streammail.com,36,Female,Toronto,Canada,Premium,2021-09-10,True
993,Bianca,Reddy,bianca.reddy815@streammail.com,48,Male,Houston,USA,Basic,2024-05-15,False
994,Kwame,Popescu,kwame.popescu828@streammail.com,16,Male,Bengaluru,India,Free,2022-06-15,True
995,Noah,Joshi,noah.joshi587@streammail.com,47,Female,Chennai,India,Basic,2024-03-27,True
996,Noah,Osei,noah.osei434@streammail.com,16,Female,Hyderabad,India,Premium,2023-01-18,True
997,Ethan,Nair,ethan.nair405@streammail.com,37,Female,Mumbai,India,Basic,2022-08-31,True
998,Yuki,Johnson,yuki.johnson765@streammail.com,25,Male,Chicago,USA,Basic,2024-12-10,True
999,Ananya,Wang,ananya.wang869@streammail.com,16,Male,Houston,USA,Premium,2023-10-11,True
1000,Sofia,Johnson,sofia.johnson848@streammail.com,34,Non-binary,Houston,USA,Free,2025-02-09,True
1001,Olivia,Rossi,olivia.rossi745@streammail.com,46,Prefer not to say,Kolkata,India,Basic,2021-11-23,True
1002,Marcus,Ali,marcus.ali776@streammail.com,30,Female,Kolkata,India,Free,2021-05-28,True
1003,Noah,Diaz,noah.diaz100@streammail.com,32,Female,Delhi,India,Standard,2021-04-21,True
1004,Liam,Smith,liam.smith453@streammail.com,18,Female,Houston,USA,Free,2022-08-20,True
1005,Noah,Sharma,noah.sharma371@streammail.com,18,Male,London,UK,Premium,2021-10-30,True
1006,Liam,Kumar,liam.kumar99@streammail.com,25,Male,Chennai,India,Free,2023-08-29,False
1007,Sofia,Popescu,sofia.popescu994@streammail.com,30,Male,Delhi,India,Basic,2021-09-01,True
1008,Olivia,Osei,olivia.osei795@streammail.com,24,Female,Houston,USA,Standard,2024-10-05,True
1009,Kwame,Wang,kwame.wang648@streammail.com,28,Male,Chicago,USA,Standard,2021-06-19,False
1010,Ethan,Patel,ethan.patel601@streammail.com,35,Female,New York,USA,Standard,2024-03-18,True
1011,Olivia,Osei,olivia.osei496@streammail.com,29,Male,Nairobi,Kenya,Free,2021-09-14,False
1012,Olivia,Diaz,olivia.diaz833@streammail.com,23,Female,Houston,USA,Basic,2023-03-18,True
1013,Bianca,Mehta,bianca.mehta532@streammail.com,16,Male,Sydney,Australia,Standard,2024-08-27,False
1014,Ananya,Brown,ananya.brown883@streammail.com,27,Male,Los Angeles,USA,Basic,2022-01-04,True
1015,Rahul,Smith,rahul.smith589@streammail.com,38,Male,Bengaluru,India,Free,2021-03-13,True
1016,Liam,Popescu,liam.popescu968@streammail.com,42,Male,Chicago,USA,Premium,2022-05-24,True
1017,Yuki,Chopra,yuki.chopra144@streammail.com,27,Female,New York,USA,Basic,2022-12-23,True
1018,Rahul,Anderson,rahul.anderson38@streammail.com,20,Female,Delhi,India,Free,2022-09-06,True
1019,Ava,Ali,ava.ali285@streammail.com,29,Male,Delhi,India,Standard,2022-06-07,True
1020,Nadia,Reddy,nadia.reddy968@streammail.com,29,Non-binary,Bengaluru,India,Free,2023-05-22,True
1021,Mei,Davis,mei.davis732@streammail.com,21,Male,Chennai,India,Standard,2024-05-23,True
1022,Elena,Osei,elena.osei27@streammail.com,16,Male,Singapore,Singapore,Free,2022-05-22,True
1023,Felix,Mehta,felix.mehta338@streammail.com,26,Male,Los Angeles,USA,Standard,2022-07-14,True
1024,Rohan,Osei,rohan.osei993@streammail.com,38,Female,Bengaluru,India,Free,2021-08-04,True
1025,Hana,Rossi,hana.rossi98@streammail.com,25,Male,New York,USA,Free,2024-02-04,True
1026,Carlos,Osei,carlos.osei186@streammail.com,16,Female,Chennai,India,Standard,2025-02-27,True
1027,Amira,Webb,amira.webb607@streammail.com,43,Female,Delhi,India,Free,2021-11-15,True
1028,Mei,Kumar,mei.kumar941@streammail.com,32,Female,Houston,USA,Free,2023-01-29,True
1029,Nadia,Brown,nadia.brown450@streammail.com,35,Non-binary,Nairobi,Kenya,Basic,2022-07-19,True
1030,Ethan,Kim,ethan.kim651@streammail.com,20,Male,Sydney,Australia,Basic,2022-09-18,True
1031,Kavya,Mehta,kavya.mehta748@streammail.com,42,Female,Bengaluru,India,Standard,2021-06-23,True
1032,Aarav,Popescu,aarav.popescu694@streammail.com,39,Male,Ahmedabad,India,Basic,2025-02-05,True
1033,Ananya,Diaz,ananya.diaz15@streammail.com,46,Male,Los Angeles,USA,Basic,2025-01-02,True
1034,Rahul,Chopra,rahul.chopra988@streammail.com,23,Non-binary,Delhi,India,Free,2023-12-09,True
1035,James,Ali,james.ali976@streammail.com,25,Male,Mumbai,India,Standard,2021-08-20,True
1036,Ananya,Tanaka,ananya.tanaka307@streammail.com,32,Male,Ahmedabad,India,Standard,2022-06-27,True
1037,Ava,Kim,ava.kim952@streammail.com,20,Non-binary,Dubai,UAE,Premium,2021-03-14,True
1038,Sneha,Ali,sneha.ali7@streammail.com,17,Male,Los Angeles,USA,Free,2022-11-04,True
1039,Olivia,Diaz,olivia.diaz364@streammail.com,25,Female,Mumbai,India,Free,2023-12-20,True
1040,Bianca,Sharma,bianca.sharma160@streammail.com,34,Male,London,UK,Basic,2022-05-28,True
1041,Elena,Brown,elena.brown550@streammail.com,40,Male,Manchester,UK,Basic,2023-06-19,True
1042,Omar,Davis,omar.davis114@streammail.com,38,Male,Delhi,India,Basic,2021-03-24,True
1043,Rahul,Williams,rahul.williams683@streammail.com,17,Male,Bengaluru,India,Basic,2022-06-29,True
1044,James,Garcia,james.garcia770@streammail.com,33,Female,London,UK,Premium,2023-03-30,True
1045,Kwame,Smith,kwame.smith113@streammail.com,33,Female,Singapore,Singapore,Standard,2022-12-06,True
1046,Sofia,Popescu,sofia.popescu612@streammail.com,26,Female,London,UK,Free,2023-06-09,True
1047,Elena,Anderson,elena.anderson633@streammail.com,24,Female,Delhi,India,Premium,2021-08-24,True
1048,Elena,Davis,elena.davis486@streammail.com,31,Female,Houston,USA,Basic,2021-07-31,True
1049,Emma,Taylor,emma.taylor124@streammail.com,61,Male,Delhi,India,Standard,2021-10-27,True
1050,Sneha,Osei,sneha.osei418@streammail.com,39,Female,New York,USA,Free,2024-12-04,True
1051,Marcus,Kumar,marcus.kumar523@streammail.com,36,Male,Kolkata,India,Basic,2023-01-15,True
1052,Carlos,Kumar,carlos.kumar187@streammail.com,33,Female,Mumbai,India,Basic,2021-04-17,True
1053,Mei,Nair,mei.nair442@streammail.com,41,Male,Delhi,India,Standard,2022-09-16,True
1054,James,Martinez,james.martinez370@streammail.com,28,Female,London,UK,Standard,2023-01-11,True
1055,Isabella,Wang,isabella.wang216@streammail.com,36,Female,Los Angeles,USA,Free,2024-07-13,True
1056,Noah,Davis,noah.davis722@streammail.com,34,Male,Pune,India,Basic,2021-07-22,True
1057,Marcus,Davis,marcus.davis547@streammail.com,38,Female,Houston,USA,Premium,2024-02-02,True
1058,Omar,Hassan,omar.hassan460@streammail.com,33,Non-binary,Los Angeles,USA,Free,2021-08-29,True
1059,Priya,Williams,priya.williams614@streammail.com,40,Male,Bengaluru,India,Premium,2024-03-05,True
1060,Amira,Rossi,amira.rossi702@streammail.com,30,Prefer not to say,New York,USA,Free,2023-11-18,True
1061,Kwame,Osei,kwame.osei411@streammail.com,32,Male,Los Angeles,USA,Standard,2024-03-17,True
1062,Nadia,Chen,nadia.chen311@streammail.com,32,Female,Sydney,Australia,Standard,2022-08-30,True
1063,Rahul,Anderson,rahul.anderson299@streammail.com,44,Male,Mumbai,India,Standard,2021-09-30,True
1064,Isabella,Wilson,isabella.wilson548@streammail.com,48,Male,Delhi,India,Standard,2024-08-21,True
1065,Kavya,Chen,kavya.chen740@streammail.com,38,Female,Delhi,India,Free,2021-04-28,True
1066,Mei,Brown,mei.brown263@streammail.com,27,Female,Singapore,Singapore,Premium,2024-01-06,False
1067,Rohan,Osei,rohan.osei969@streammail.com,41,Male,Chicago,USA,Basic,2024-02-03,True
1068,Ava,Diaz,ava.diaz160@streammail.com,21,Female,Pune,India,Basic,2025-02-03,False
1069,Kavya,Rossi,kavya.rossi186@streammail.com,34,Female,Pune,India,Standard,2024-03-12,True
1070,Priya,Kim,priya.kim167@streammail.com,26,Female,Melbourne,Australia,Free,2023-03-19,True
1071,Elena,Anderson,elena.anderson466@streammail.com,36,Male,Toronto,Canada,Standard,2023-12-15,True
1072,Rohan,Osei,rohan.osei394@streammail.com,31,Female,Mumbai,India,Standard,2021-01-28,True
1073,Isabella,Reddy,isabella.reddy275@streammail.com,30,Non-binary,Delhi,India,Free,2021-01-20,True
1074,Sofia,Reddy,sofia.reddy208@streammail.com,30,Female,Delhi,India,Standard,2024-02-27,True
1075,Marcus,Johnson,marcus.johnson250@streammail.com,26,Male,Mumbai,India,Free,2021-09-10,True
1076,Rohan,Okonkwo,rohan.okonkwo146@streammail.com,18,Male,Mumbai,India,Basic,2022-04-05,True
1077,Yuki,Taylor,yuki.taylor944@streammail.com,16,Female,Melbourne,Australia,Premium,2021-08-19,True
1078,Yuki,Ali,yuki.ali79@streammail.com,45,Male,Los Angeles,USA,Premium,2021-08-31,True
1079,Rahul,Johnson,rahul.johnson183@streammail.com,28,Male,Kolkata,India,Standard,2023-05-21,True
1080,Yuki,Ali,yuki.ali897@streammail.com,37,Female,Mumbai,India,Premium,2023-10-20,True
1081,Arjun,Sharma,arjun.sharma883@streammail.com,40,Male,Dubai,UAE,Basic,2022-10-18,True
1082,Marcus,Mehta,marcus.mehta116@streammail.com,43,Male,New York,USA,Free,2025-01-28,False
1083,Olivia,Osei,olivia.osei362@streammail.com,18,Female,Hyderabad,India,Standard,2023-04-28,True
1084,Isabella,Osei,isabella.osei429@streammail.com,39,Female,New York,USA,Basic,2024-01-09,True
1085,Kwame,Reddy,kwame.reddy595@streammail.com,16,Female,Houston,USA,Free,2022-03-26,True
1086,Priya,Hassan,priya.hassan572@streammail.com,29,Non-binary,Pune,India,Free,2021-10-01,True
1087,James,Tanaka,james.tanaka472@streammail.com,48,Male,Delhi,India,Standard,2023-05-13,True
1088,James,Joshi,james.joshi986@streammail.com,16,Male,Houston,USA,Free,2021-10-21,False
1089,Layla,Kumar,layla.kumar719@streammail.com,22,Female,Mumbai,India,Free,2024-05-01,True
1090,Kavya,Anderson,kavya.anderson79@streammail.com,26,Male,Mumbai,India,Free,2023-05-03,True
1091,Hana,Webb,hana.webb422@streammail.com,18,Male,Houston,USA,Free,2021-01-28,False
1092,Rahul,Brown,rahul.brown516@streammail.com,36,Female,Delhi,India,Standard,2023-03-23,True
1093,Wei,Kim,wei.kim727@streammail.com,39,Female,Bengaluru,India,Premium,2021-07-08,True
1094,Ava,Diaz,ava.diaz634@streammail.com,28,Male,Mumbai,India,Standard,2023-03-15,True
1095,Arjun,Volkov,arjun.volkov489@streammail.com,20,Male,Hyderabad,India,Basic,2021-12-04,True
1096,Mei,Nair,mei.nair107@streammail.com,17,Female,Mumbai,India,Basic,2024-05-20,True
1097,Liam,Nair,liam.nair67@streammail.com,53,Female,Bengaluru,India,Standard,2022-01-20,True
1098,Mei,Reddy,mei.reddy584@streammail.com,33,Prefer not to say,New York,USA,Basic,2024-02-29,True
1099,Kavya,Kim,kavya.kim9@streammail.com,32,Male,Singapore,Singapore,Standard,2023-10-22,True
1100,James,Nair,james.nair340@streammail.com,16,Female,Kolkata,India,Basic,2025-02-27,True
1101,Priya,Osei,priya.osei489@streammail.com,36,Female,Los Angeles,USA,Free,2021-11-07,True
1102,Ethan,Wilson,ethan.wilson827@streammail.com,25,Female,Chicago,USA,Free,2021-10-16,False
1103,Sofia,Chopra,sofia.chopra805@streammail.com,28,Male,Delhi,India,Standard,2023-06-02,True
1104,Isabella,Wilson,isabella.wilson626@streammail.com,45,Female,Los Angeles,USA,Premium,2021-11-09,True
1105,Aarav,Johnson,aarav.johnson785@streammail.com,16,Female,Melbourne,Australia,Basic,2021-06-28,True
1106,Yuki,Williams,yuki.williams70@streammail.com,24,Male,Hyderabad,India,Free,2023-01-15,True
1107,Nadia,Chen,nadia.chen485@streammail.com,32,Non-binary,Singapore,Singapore,Premium,2021-10-15,True
1108,Layla,Tanaka,layla.tanaka411@streammail.com,21,Non-binary,Kolkata,India,Free,2024-06-23,True
1109,Carlos,Hassan,carlos.hassan86@streammail.com,24,Male,Chicago,USA,Premium,2024-10-29,True
1110,Isabella,Sharma,isabella.sharma159@streammail.com,31,Male,Sydney,Australia,Standard,2022-08-19,True
1111,Ethan,Osei,ethan.osei896@streammail.com,41,Female,Pune,India,Standard,2024-08-08,True
1112,Olivia,Nair,olivia.nair940@streammail.com,38,Female,Singapore,Singapore,Free,2023-03-24,True
1113,Carlos,Martinez,carlos.martinez619@streammail.com,28,Female,Ahmedabad,India,Basic,2022-07-25,False
1114,Emma,Wilson,emma.wilson328@streammail.com,21,Female,New York,USA,Free,2024-05-16,True
1115,Elena,Webb,elena.webb219@streammail.com,48,Male,Mumbai,India,Free,2024-11-01,True
1116,Emma,Mehta,emma.mehta281@streammail.com,16,Female,Kolkata,India,Basic,2022-09-03,True
1117,Ava,Chen,ava.chen189@streammail.com,50,Prefer not to say,Sydney,Australia,Free,2022-12-02,True
1118,Felix,Webb,felix.webb487@streammail.com,43,Prefer not to say,New York,USA,Basic,2021-11-26,False
1119,Kwame,Sharma,kwame.sharma575@streammail.com,28,Female,Manchester,UK,Free,2024-09-29,True
1120,Carlos,Sharma,carlos.sharma155@streammail.com,29,Female,Toronto,Canada,Basic,2021-10-30,True
1121,Felix,Chen,felix.chen534@streammail.com,55,Female,Houston,USA,Standard,2021-09-15,True
1122,Rahul,Wilson,rahul.wilson764@streammail.com,30,Female,Singapore,Singapore,Standard,2023-05-11,True
1123,Ava,Ali,ava.ali215@streammail.com,44,Male,Dubai,UAE,Basic,2021-01-30,True
1124,Hana,Joshi,hana.joshi717@streammail.com,29,Male,Ahmedabad,India,Basic,2023-07-23,True
1125,Elena,Martinez,elena.martinez117@streammail.com,22,Female,Toronto,Canada,Basic,2024-02-07,True
1126,Elena,Tanaka,elena.tanaka719@streammail.com,34,Prefer not to say,Los Angeles,USA,Standard,2021-07-23,True
1127,Priya,Okonkwo,priya.okonkwo107@streammail.com,32,Female,Ahmedabad,India,Basic,2021-07-24,True
1128,Yuki,Okonkwo,yuki.okonkwo217@streammail.com,16,Female,Bengaluru,India,Free,2023-07-21,True
1129,Ananya,Ali,ananya.ali991@streammail.com,16,Female,Manchester,UK,Standard,2024-08-13,True
1130,Layla,Taylor,layla.taylor520@streammail.com,36,Male,Hyderabad,India,Standard,2024-09-10,True
1131,Felix,Anderson,felix.anderson5@streammail.com,30,Female,Toronto,Canada,Standard,2021-11-11,True
1132,Carlos,Martinez,carlos.martinez175@streammail.com,32,Male,Singapore,Singapore,Premium,2023-05-31,True
1133,Amira,Kumar,amira.kumar821@streammail.com,16,Prefer not to say,Dubai,UAE,Free,2023-03-11,False
1134,Liam,Popescu,liam.popescu237@streammail.com,42,Female,Mumbai,India,Standard,2021-09-16,True
1135,Wei,Williams,wei.williams972@streammail.com,33,Female,Hyderabad,India,Standard,2021-01-24,True
1136,Kavya,Osei,kavya.osei26@streammail.com,33,Prefer not to say,London,UK,Standard,2021-09-25,True
1137,Olivia,Anderson,olivia.anderson669@streammail.com,28,Female,Toronto,Canada,Standard,2022-05-18,True
1138,Wei,Kumar,wei.kumar282@streammail.com,43,Female,Mumbai,India,Standard,2021-10-22,True
1139,Rohan,Joshi,rohan.joshi471@streammail.com,35,Female,Toronto,Canada,Free,2022-06-21,True
1140,Layla,Wilson,layla.wilson401@streammail.com,35,Male,Mumbai,India,Basic,2021-02-14,True
1141,Ava,Okonkwo,ava.okonkwo385@streammail.com,24,Male,Melbourne,Australia,Free,2021-11-26,True
1142,Rahul,Joshi,rahul.joshi352@streammail.com,23,Prefer not to say,Nairobi,Kenya,Standard,2023-09-19,True
1143,Wei,Joshi,wei.joshi198@streammail.com,20,Male,Los Angeles,USA,Basic,2021-11-09,False
1144,Priya,Garcia,priya.garcia142@streammail.com,29,Female,Bengaluru,India,Free,2025-01-30,True
1145,Noah,Reddy,noah.reddy357@streammail.com,25,Male,Houston,USA,Premium,2023-10-13,False
1146,Wei,Brown,wei.brown203@streammail.com,22,Male,Chicago,USA,Basic,2025-01-09,True
1147,Hana,Williams,hana.williams814@streammail.com,30,Male,Bengaluru,India,Standard,2023-07-03,True
1148,Rohan,Osei,rohan.osei440@streammail.com,21,Male,Bengaluru,India,Standard,2022-12-24,True
1149,Liam,Singh,liam.singh982@streammail.com,24,Non-binary,Ahmedabad,India,Basic,2024-08-14,True
1150,Ananya,Brown,ananya.brown829@streammail.com,27,Male,Hyderabad,India,Free,2022-01-16,True
1151,Layla,Johnson,layla.johnson799@streammail.com,47,Male,Hyderabad,India,Basic,2025-01-08,True
1152,Ethan,Mehta,ethan.mehta395@streammail.com,32,Female,Hyderabad,India,Free,2022-03-11,True
1153,Arjun,Okonkwo,arjun.okonkwo699@streammail.com,28,Male,London,UK,Basic,2022-02-08,True
1154,Mei,Okonkwo,mei.okonkwo123@streammail.com,39,Female,Delhi,India,Standard,2021-12-17,True
1155,Priya,Tanaka,priya.tanaka19@streammail.com,50,Male,Los Angeles,USA,Standard,2023-08-04,True
1156,Rahul,Martinez,rahul.martinez661@streammail.com,16,Male,Mumbai,India,Standard,2023-08-21,True
1157,Mei,Garcia,mei.garcia772@streammail.com,47,Female,Chennai,India,Basic,2023-10-09,True
1158,Nadia,Rossi,nadia.rossi870@streammail.com,40,Female,Los Angeles,USA,Premium,2021-09-06,True
1159,Ethan,Kumar,ethan.kumar846@streammail.com,38,Female,Mumbai,India,Free,2024-11-09,True
1160,Layla,Sharma,layla.sharma957@streammail.com,37,Male,Chicago,USA,Standard,2021-04-18,True
1161,Hana,Mehta,hana.mehta271@streammail.com,18,Female,Hyderabad,India,Premium,2022-07-07,True
1162,Ananya,Smith,ananya.smith327@streammail.com,20,Female,Melbourne,Australia,Premium,2024-04-11,True
1163,Dev,Joshi,dev.joshi535@streammail.com,19,Male,New York,USA,Standard,2022-07-29,True
1164,Wei,Tanaka,wei.tanaka729@streammail.com,25,Female,Mumbai,India,Free,2024-02-18,True
1165,Ava,Mehta,ava.mehta77@streammail.com,33,Female,Singapore,Singapore,Basic,2022-03-19,True
1166,Sofia,Wilson,sofia.wilson834@streammail.com,32,Female,Los Angeles,USA,Basic,2023-12-17,False
1167,Nadia,Johnson,nadia.johnson869@streammail.com,38,Male,Ahmedabad,India,Basic,2023-01-15,True
1168,Noah,Diaz,noah.diaz193@streammail.com,28,Male,Mumbai,India,Basic,2023-05-17,True
1169,Rohan,Johnson,rohan.johnson473@streammail.com,31,Male,Melbourne,Australia,Free,2023-08-02,True
1170,Dev,Ali,dev.ali272@streammail.com,24,Male,Delhi,India,Basic,2024-02-02,True
1171,Elena,Martinez,elena.martinez55@streammail.com,29,Female,Pune,India,Basic,2023-02-23,True
1172,Amira,Brown,amira.brown609@streammail.com,34,Female,Hyderabad,India,Basic,2024-05-29,True
1173,Isabella,Joshi,isabella.joshi225@streammail.com,42,Male,Delhi,India,Free,2022-05-04,True
1174,Amira,Diaz,amira.diaz403@streammail.com,23,Female,Mumbai,India,Standard,2025-02-12,True
1175,Liam,Wilson,liam.wilson356@streammail.com,29,Male,Los Angeles,USA,Basic,2021-01-07,True
1176,Marcus,Kim,marcus.kim874@streammail.com,24,Male,Toronto,Canada,Standard,2022-05-04,True
1177,Sofia,Volkov,sofia.volkov146@streammail.com,26,Male,Singapore,Singapore,Free,2021-02-12,True
1178,Aarav,Ali,aarav.ali993@streammail.com,22,Female,Pune,India,Free,2021-01-03,True
1179,Priya,Tanaka,priya.tanaka856@streammail.com,16,Male,Bengaluru,India,Standard,2021-07-12,True
1180,Bianca,Ali,bianca.ali559@streammail.com,31,Male,Bengaluru,India,Basic,2023-09-24,True
1181,Hana,Martinez,hana.martinez913@streammail.com,21,Female,New York,USA,Free,2024-05-05,True
1182,Priya,Johnson,priya.johnson421@streammail.com,16,Prefer not to say,Sydney,Australia,Basic,2024-09-12,True
1183,Elena,Hassan,elena.hassan212@streammail.com,40,Male,London,UK,Free,2024-08-01,True
1184,Dev,Brown,dev.brown272@streammail.com,55,Female,Toronto,Canada,Basic,2022-12-16,True
1185,Mei,Kim,mei.kim196@streammail.com,22,Male,Mumbai,India,Standard,2024-06-08,True
1186,Omar,Tanaka,omar.tanaka113@streammail.com,30,Non-binary,Singapore,Singapore,Free,2023-10-19,True
1187,Yuki,Williams,yuki.williams311@streammail.com,39,Male,Ahmedabad,India,Free,2023-07-19,True
1188,Sneha,Rossi,sneha.rossi314@streammail.com,35,Female,Mumbai,India,Free,2022-12-23,True
1189,Omar,Tanaka,omar.tanaka805@streammail.com,23,Non-binary,Melbourne,Australia,Standard,2021-11-14,True
1190,Noah,Popescu,noah.popescu600@streammail.com,17,Male,Toronto,Canada,Basic,2022-08-19,True
1191,Kwame,Popescu,kwame.popescu409@streammail.com,38,Female,Singapore,Singapore,Free,2022-09-11,True
1192,Carlos,Smith,carlos.smith700@streammail.com,36,Male,London,UK,Standard,2022-05-28,True
1193,Kavya,Kim,kavya.kim581@streammail.com,25,Male,Toronto,Canada,Basic,2023-06-14,True
1194,Omar,Volkov,omar.volkov363@streammail.com,33,Prefer not to say,Kolkata,India,Basic,2023-05-12,False
1195,Priya,Okonkwo,priya.okonkwo91@streammail.com,25,Female,London,UK,Basic,2022-05-12,True
1196,Yuki,Kumar,yuki.kumar774@streammail.com,26,Male,Sydney,Australia,Free,2021-09-15,True
1197,Nadia,Kumar,nadia.kumar87@streammail.com,38,Female,Mumbai,India,Standard,2022-11-14,True
1198,Sofia,Kumar,sofia.kumar125@streammail.com,19,Female,London,UK,Standard,2024-10-13,True
1199,Emma,Rossi,emma.rossi140@streammail.com,23,Female,Bengaluru,India,Standard,2022-09-09,False
1200,Bianca,Davis,bianca.davis118@streammail.com,16,Female,Mumbai,India,Free,2021-11-10,True
