activity_id,viewer_id,movie_id,watch_date,watch_duration_minutes,completion_rate,device,platform,rewatched
1,791,2,2025-02-18,99,0.75,Smart TV,iOS,True
2,1071,22,2024-11-06,97,0.81,Laptop,Web,True
3,735,3,2024-12-13,129,0.89,Smart TV,Web,False
4,89,20,2024-10-08,56,0.61,Mobile,Web,False
5,816,11,2025-02-04,114,0.9,Laptop,Web,True
6,558,2,2025-03-13,102,0.78,Tablet,iOS,False
7,429,2,2024-12-13,93,0.71,Mobile,iOS,False
8,221,1,2025-01-16,97,0.83,Smart TV,TV App,True
9,547,4,2025-02-20,91,0.85,Smart TV,Web,False
10,653,25,2024-11-26,135,1.0,Laptop,Android,False
11,243,23,2025-02-17,61,0.56,Mobile,Android,False
12,557,11,2025-04-30,105,0.83,Tablet,Web,False
13,1046,1,2025-01-30,97,0.83,Smart TV,Android,False
14,671,2,2025-03-28,84,0.64,Smart TV,Web,False
15,151,25,2024-09-14,108,0.8,Smart TV,Web,False
16,504,21,2025-04-24,102,0.66,Mobile,Android,False
17,475,18,2024-12-18,106,0.75,Laptop,iOS,False
18,890,3,2025-02-28,120,0.83,Smart TV,Web,False
19,1159,1,2025-04-08,115,0.98,Smart TV,Web,False
20,463,9,2025-04-24,102,0.74,Mobile,Android,False
21,323,5,2025-04-07,69,0.57,Laptop,Web,False
22,668,5,2024-09-26,85,0.7,Desktop,iOS,True
23,115,11,2025-03-11,116,0.92,Desktop,Android,False
24,419,1,2025-03-11,109,0.93,Laptop,Android,False
25,10,5,2025-04-02,108,0.89,Smart TV,iOS,False
26,995,22,2025-03-23,87,0.73,Laptop,iOS,False
27,11,4,2025-03-15,87,0.81,Mobile,Web,False
28,412,8,2025-03-26,65,0.74,Laptop,iOS,False
29,772,10,2024-12-20,97,0.85,Smart TV,TV App,True
30,1179,4,2025-04-23,49,0.46,Mobile,Android,True
31,532,13,2025-03-28,107,0.77,Mobile,iOS,False
32,479,21,2025-03-29,110,0.71,Desktop,TV App,False
33,415,24,2025-01-27,76,0.73,Smart TV,Web,True
34,33,7,2025-01-19,38,0.43,Smart TV,TV App,False
35,273,15,2025-03-07,110,0.93,Smart TV,Web,False
36,1159,21,2025-04-24,94,0.61,Smart TV,iOS,False
37,834,11,2025-02-24,116,0.92,Mobile,Web,False
38,818,3,2025-04-24,66,0.46,Desktop,Web,False
39,1067,22,2025-03-17,45,0.38,Smart TV,iOS,False
40,1143,15,2025-03-18,86,0.73,Smart TV,Web,True
41,216,15,2025-04-04,90,0.76,Laptop,TV App,False
42,694,19,2025-04-18,82,0.66,Mobile,iOS,False
43,630,1,2025-03-22,96,0.82,Smart TV,Web,False
44,357,24,2024-12-29,73,0.7,Laptop,Android,False
45,1194,23,2025-04-08,79,0.72,Mobile,TV App,False
46,1152,23,2025-03-09,85,0.78,Tablet,Android,False
47,963,24,2025-03-05,84,0.8,Desktop,Android,True
48,743,6,2025-03-21,12,0.13,Tablet,Android,False
49,923,2,2025-03-26,58,0.44,Smart TV,Android,False
50,1084,4,2025-03-15,81,0.75,Smart TV,TV App,False
51,1109,1,2025-01-17,109,0.93,Mobile,Android,False
52,141,2,2025-02-11,100,0.76,Smart TV,Android,False
53,876,18,2024-10-28,124,0.88,Smart TV,TV App,False
54,356,1,2025-01-23,116,0.99,Smart TV,Web,False
55,889,1,2025-01-21,106,0.9,Desktop,Web,False
56,749,14,2024-07-24,89,0.69,Smart TV,Android,True
57,1193,4,2025-03-20,83,0.77,Smart TV,iOS,True
58,320,14,2025-02-06,97,0.75,Mobile,TV App,False
59,738,9,2025-04-17,69,0.5,Mobile,Android,False
60,884,1,2025-02-03,101,0.86,Laptop,Web,False
61,1071,5,2025-04-07,71,0.59,Tablet,iOS,False
62,540,12,2025-03-19,57,0.56,Tablet,Web,True
63,541,5,2024-10-29,122,1.0,Smart TV,Web,False
64,202,25,2025-02-23,85,0.63,Smart TV,Web,False
65,574,1,2025-01-23,105,0.89,Tablet,Android,False
66,1102,3,2025-01-11,116,0.8,Smart TV,iOS,True
67,92,9,2025-04-30,138,1.0,Mobile,Web,False
68,834,9,2025-04-17,84,0.61,Laptop,Android,False
69,240,1,2025-01-27,99,0.84,Laptop,Android,False
70,886,10,2024-08-24,102,0.89,Mobile,Web,False
71,922,18,2025-01-19,65,0.46,Smart TV,Web,True
72,1146,24,2025-03-23,105,1.0,Smart TV,iOS,True
73,838,10,2024-11-09,70,0.61,Smart TV,iOS,False
74,290,11,2025-04-25,127,1.0,Mobile,Web,False
75,858,13,2025-04-14,130,0.93,Mobile,Web,True
76,424,9,2025-04-22,132,0.96,Tablet,iOS,False
77,402,1,2025-02-05,103,0.88,Laptop,iOS,False
78,848,5,2024-09-09,97,0.8,Smart TV,TV App,False
79,1125,11,2025-03-11,113,0.89,Smart TV,TV App,False
80,116,2,2025-02-18,129,0.98,Mobile,Web,False
81,763,13,2025-04-01,106,0.76,Smart TV,Android,False
82,720,2,2025-03-10,108,0.82,Smart TV,iOS,False
83,498,1,2025-01-26,105,0.89,Desktop,Android,False
84,681,15,2025-03-17,73,0.62,Tablet,Android,False
85,383,16,2025-04-16,98,1.0,Smart TV,iOS,False
86,711,23,2025-04-25,88,0.8,Mobile,iOS,True
87,1040,7,2025-01-19,34,0.38,Smart TV,iOS,True
88,864,13,2025-04-17,56,0.4,Mobile,Web,False
89,105,19,2025-04-25,88,0.71,Mobile,Android,False
90,594,18,2024-12-09,113,0.8,Laptop,Web,False
91,980,6,2025-04-25,51,0.54,Laptop,TV App,False
92,1148,10,2025-03-17,115,1.0,Mobile,iOS,False
93,199,9,2025-04-14,103,0.75,Tablet,Web,False
94,148,21,2025-04-20,144,0.93,Smart TV,iOS,False
95,698,12,2025-03-07,68,0.67,Laptop,TV App,False
96,598,18,2024-10-07,82,0.58,Smart TV,Web,True
97,1152,22,2025-01-03,110,0.92,Laptop,Web,False
98,13,3,2025-02-01,142,0.98,Tablet,TV App,False
99,93,22,2025-02-08,96,0.8,Mobile,iOS,False
100,1174,8,2025-03-09,61,0.7,Mobile,TV App,False
101,391,10,2024-07-27,60,0.53,Mobile,Web,True
102,767,1,2025-02-16,93,0.79,Smart TV,Android,False
103,1088,22,2025-01-20,91,0.76,Smart TV,Android,False
104,437,3,2025-01-15,89,0.62,Smart TV,iOS,False
105,527,25,2024-07-20,79,0.59,Smart TV,Web,False
106,964,4,2025-03-18,79,0.74,Smart TV,iOS,False
107,360,14,2024-09-30,105,0.81,Smart TV,iOS,False
108,872,18,2024-10-19,107,0.76,Tablet,Android,False
109,1176,11,2025-03-07,99,0.78,Smart TV,iOS,False
110,22,14,2024-11-23,94,0.73,Smart TV,iOS,False
111,161,7,2025-01-06,33,0.37,Smart TV,Web,True
112,420,7,2024-12-20,64,0.72,Smart TV,iOS,False
113,616,11,2025-02-23,97,0.77,Tablet,Web,False
114,1139,21,2025-04-28,91,0.59,Smart TV,Web,False
115,417,25,2025-03-22,98,0.73,Laptop,Web,False
116,998,2,2025-03-28,91,0.69,Smart TV,Android,False
117,73,25,2025-02-28,85,0.63,Smart TV,Android,False
118,970,1,2025-04-14,118,1.0,Laptop,Web,False
119,333,22,2024-12-18,103,0.86,Smart TV,Android,False
120,711,14,2024-12-18,106,0.82,Smart TV,Web,True
121,588,4,2025-02-18,61,0.57,Mobile,Android,True
122,788,15,2025-04-12,107,0.9,Tablet,iOS,False
123,216,19,2025-04-12,95,0.76,Smart TV,Web,False
124,252,23,2025-04-13,63,0.58,Smart TV,iOS,True
125,1016,7,2025-01-02,48,0.54,Smart TV,Web,False
126,632,12,2024-11-30,75,0.74,Smart TV,Web,False
127,599,22,2024-12-19,105,0.88,Mobile,TV App,True
128,425,19,2025-04-28,103,0.83,Desktop,Android,False
129,655,15,2025-04-27,91,0.77,Smart TV,Web,False
130,740,15,2025-04-16,94,0.79,Tablet,iOS,False
131,863,25,2024-08-17,130,0.97,Mobile,Web,True
132,544,1,2025-04-04,110,0.94,Smart TV,Web,True
133,977,22,2025-01-05,70,0.59,Mobile,Android,True
134,1163,20,2024-09-02,57,0.63,Smart TV,Android,False
135,765,15,2025-04-25,92,0.78,Smart TV,iOS,False
136,817,15,2025-03-16,96,0.81,Smart TV,Web,False
137,1151,11,2025-03-28,91,0.72,Mobile,Android,False
138,70,9,2025-04-29,91,0.66,Smart TV,Android,False
139,428,2,2024-12-08,99,0.75,Laptop,iOS,True
140,1064,11,2025-03-06,77,0.61,Mobile,iOS,False
141,537,13,2025-04-23,100,0.72,Laptop,Web,False
142,334,4,2025-03-03,88,0.82,Laptop,TV App,True
143,40,4,2025-03-21,75,0.7,Laptop,iOS,False
144,220,12,2025-03-29,74,0.73,Laptop,Web,False
145,930,4,2025-02-26,61,0.57,Tablet,Android,False
146,683,6,2025-04-26,37,0.39,Smart TV,Web,False
147,256,7,2024-12-13,54,0.61,Desktop,Web,False
148,305,15,2025-03-04,90,0.76,Desktop,Android,False
149,185,9,2025-04-19,63,0.46,Smart TV,TV App,False
150,616,4,2025-02-16,105,0.98,Mobile,Web,False
151,689,19,2025-04-15,81,0.65,Smart TV,Web,False
152,694,1,2025-03-30,106,0.9,Laptop,iOS,False
153,1134,9,2025-04-07,88,0.64,Laptop,iOS,False
154,1075,23,2025-04-10,53,0.49,Mobile,Android,True
155,1192,19,2025-04-28,66,0.53,Tablet,iOS,False
156,864,4,2025-04-16,39,0.37,Smart TV,iOS,False
157,1095,21,2025-04-07,97,0.63,Laptop,TV App,True
158,1196,4,2025-04-01,100,0.93,Laptop,Android,False
159,911,8,2025-03-18,64,0.73,Mobile,iOS,False
160,419,9,2025-04-25,99,0.72,Tablet,iOS,False
161,297,13,2025-03-25,140,1.0,Mobile,Web,True
162,794,5,2024-10-08,74,0.61,Mobile,Web,False
163,150,1,2025-02-23,118,1.0,Smart TV,iOS,False
164,635,24,2025-02-13,79,0.76,Laptop,Android,False
165,887,23,2025-03-12,94,0.86,Laptop,Android,False
166,781,9,2025-04-15,104,0.76,Smart TV,Android,False
167,1001,7,2024-12-20,39,0.44,Smart TV,Android,True
168,277,6,2025-03-29,32,0.34,Laptop,TV App,False
169,1150,2,2024-10-10,92,0.7,Smart TV,iOS,False
170,331,17,2025-03-15,45,0.53,Tablet,Android,False
171,1122,19,2025-04-14,112,0.9,Smart TV,TV App,False
172,762,24,2025-03-29,66,0.63,Mobile,Android,False
173,594,9,2025-04-07,89,0.65,Tablet,TV App,False
174,702,18,2024-12-02,120,0.85,Mobile,Web,False
175,869,17,2025-04-04,51,0.6,Desktop,Android,False
176,574,22,2024-12-20,120,1.0,Mobile,Web,False
177,599,5,2025-01-06,85,0.7,Mobile,Web,False
178,502,4,2025-04-28,55,0.51,Smart TV,TV App,False
179,137,17,2025-03-18,74,0.88,Mobile,Android,False
180,364,9,2025-04-25,124,0.9,Mobile,iOS,False
181,1109,13,2025-04-18,95,0.68,Laptop,iOS,True
182,1031,11,2025-04-19,90,0.71,Smart TV,iOS,False
183,1112,9,2025-04-08,138,1.0,Laptop,iOS,False
184,408,16,2025-04-28,82,0.84,Laptop,iOS,True
185,679,24,2025-04-06,70,0.67,Smart TV,iOS,False
186,175,23,2025-04-15,81,0.74,Smart TV,Android,False
187,710,16,2025-03-18,91,0.93,Tablet,iOS,False
188,879,25,2024-08-05,129,0.96,Smart TV,Android,False
189,1069,2,2025-04-15,121,0.92,Tablet,Web,False
190,268,9,2025-04-21,80,0.58,Smart TV,iOS,False
191,791,13,2025-04-11,119,0.85,Smart TV,iOS,False
192,866,3,2025-03-24,133,0.92,Mobile,Android,False
193,1001,5,2024-10-05,95,0.78,Smart TV,iOS,False
194,785,5,2025-03-25,80,0.66,Laptop,TV App,False
195,1160,18,2024-12-31,109,0.77,Mobile,iOS,False
196,242,9,2025-04-19,118,0.86,Smart TV,iOS,False
197,1141,1,2025-03-20,103,0.88,Desktop,Web,False
198,259,3,2025-03-30,107,0.74,Laptop,Web,False
199,978,5,2024-12-09,92,0.76,Smart TV,iOS,False
200,14,5,2024-12-31,108,0.89,Mobile,TV App,False
201,1156,23,2025-03-07,91,0.83,Smart TV,Android,False
202,1144,1,2025-01-20,110,0.94,Smart TV,TV App,False
203,945,9,2025-04-13,73,0.53,Tablet,Web,True
204,801,13,2025-03-26,134,0.96,Smart TV,TV App,False
205,72,5,2025-01-29,122,1.0,Smart TV,iOS,False
206,932,4,2025-04-30,99,0.92,Tablet,iOS,False
207,999,12,2025-04-03,95,0.94,Laptop,Web,False
208,977,14,2024-06-08,65,0.5,Smart TV,Web,False
209,299,11,2025-03-04,93,0.74,Laptop,Web,False
210,150,16,2024-11-11,96,0.98,Mobile,TV App,False
211,519,19,2025-04-23,97,0.78,Mobile,Web,False
212,672,22,2025-01-21,58,0.49,Smart TV,TV App,False
213,333,3,2025-01-30,98,0.68,Smart TV,iOS,False
214,48,13,2025-04-11,85,0.61,Laptop,Android,False
215,630,1,2025-02-26,92,0.78,Mobile,Android,False
216,641,2,2025-04-13,96,0.73,Smart TV,Android,False
217,247,12,2025-01-10,88,0.87,Laptop,TV App,True
218,586,13,2025-04-14,60,0.43,Laptop,iOS,False
219,405,23,2025-03-29,94,0.86,Smart TV,Android,False
220,139,21,2025-04-26,155,1.0,Laptop,Android,False
221,963,21,2025-04-21,60,0.39,Laptop,TV App,False
222,699,15,2025-04-24,119,1.0,Tablet,Web,True
223,153,1,2025-01-26,113,0.96,Smart TV,Web,True
224,130,15,2025-04-19,119,1.0,Mobile,Android,True
225,170,1,2025-04-22,107,0.91,Tablet,iOS,False
226,535,17,2025-02-25,66,0.78,Smart TV,TV App,True
227,540,7,2025-01-16,48,0.54,Tablet,Android,False
228,213,13,2025-04-14,117,0.84,Tablet,Web,False
229,1169,21,2025-04-01,108,0.7,Laptop,Web,False
230,1050,25,2025-02-15,86,0.64,Smart TV,Android,False
231,388,11,2025-04-21,91,0.72,Mobile,iOS,True
232,1161,5,2024-12-04,75,0.62,Smart TV,Web,False
233,878,14,2024-12-08,109,0.84,Mobile,TV App,False
234,826,1,2025-04-01,97,0.83,Laptop,iOS,False
235,255,7,2024-12-16,53,0.59,Desktop,TV App,False
236,497,19,2025-04-16,88,0.71,Mobile,iOS,False
237,161,17,2025-03-04,68,0.8,Mobile,Web,True
238,533,9,2025-04-08,97,0.71,Smart TV,Web,False
239,263,3,2025-03-23,79,0.55,Smart TV,Android,False
240,1180,15,2025-04-29,69,0.58,Laptop,iOS,True
241,282,9,2025-04-24,117,0.85,Smart TV,iOS,False
242,862,1,2025-01-29,95,0.81,Laptop,iOS,False
243,977,11,2025-03-16,73,0.58,Laptop,iOS,False
244,487,7,2025-01-21,72,0.81,Smart TV,TV App,True
245,724,18,2025-03-06,68,0.48,Mobile,Android,True
246,114,9,2025-04-14,109,0.79,Laptop,iOS,False
247,72,1,2025-02-26,95,0.81,Laptop,iOS,False
248,560,18,2024-10-11,120,0.85,Mobile,iOS,False
249,191,13,2025-04-23,61,0.44,Laptop,Web,False
250,850,13,2025-04-03,120,0.86,Mobile,iOS,False
251,297,21,2025-03-31,116,0.75,Desktop,Android,False
252,208,19,2025-04-29,93,0.75,Smart TV,TV App,False
253,101,20,2024-09-13,40,0.44,Mobile,iOS,False
254,945,15,2025-03-14,91,0.77,Smart TV,Android,False
255,313,14,2024-07-25,57,0.44,Laptop,iOS,False
256,303,21,2025-04-11,155,1.0,Mobile,iOS,False
257,966,21,2025-04-16,125,0.81,Tablet,Web,False
258,1010,12,2024-11-14,94,0.93,Desktop,Web,True
259,685,11,2025-01-30,87,0.69,Smart TV,iOS,True
260,699,13,2025-04-30,110,0.79,Mobile,Web,False
261,811,14,2025-04-24,104,0.8,Mobile,Web,False
262,1052,25,2024-12-25,102,0.76,Laptop,Web,False
263,1102,13,2025-04-13,126,0.9,Smart TV,Web,False
264,536,19,2025-04-20,75,0.6,Smart TV,iOS,False
265,1032,1,2025-01-21,118,1.0,Laptop,Android,False
266,427,14,2025-01-28,79,0.61,Mobile,Web,False
267,224,13,2025-04-22,99,0.71,Tablet,Web,False
268,1081,11,2025-04-03,81,0.64,Smart TV,Web,False
269,610,9,2025-04-30,106,0.77,Mobile,iOS,True
270,536,11,2025-03-18,123,0.97,Tablet,TV App,False
271,976,21,2025-03-25,94,0.61,Mobile,Android,False
272,246,25,2024-09-17,101,0.75,Smart TV,iOS,False
273,1105,16,2025-03-07,66,0.68,Smart TV,Web,True
274,219,8,2025-02-27,43,0.49,Smart TV,Web,True
275,1070,21,2025-04-01,125,0.81,Smart TV,Web,False
276,515,1,2025-01-17,118,1.0,Mobile,iOS,False
277,1118,4,2025-03-25,90,0.84,Laptop,Web,False
278,413,9,2025-04-07,92,0.67,Laptop,Web,False
279,296,22,2025-04-20,57,0.48,Laptop,TV App,False
280,960,14,2024-11-09,110,0.85,Smart TV,iOS,False
281,4,25,2024-09-24,120,0.89,Mobile,Web,False
282,415,9,2025-04-06,136,0.99,Mobile,iOS,False
283,642,3,2024-11-30,66,0.46,Mobile,TV App,False
284,474,9,2025-04-10,77,0.56,Tablet,TV App,False
285,749,8,2025-03-29,28,0.32,Smart TV,TV App,False
286,77,12,2025-02-16,102,1.0,Laptop,Android,False
287,867,23,2025-04-14,71,0.65,Laptop,TV App,True
288,765,16,2025-02-27,72,0.74,Mobile,TV App,False
289,298,15,2025-04-19,74,0.63,Smart TV,Web,False
290,232,23,2025-04-09,88,0.8,Laptop,Web,False
291,840,10,2024-09-26,105,0.92,Smart TV,Android,False
292,774,4,2025-04-02,76,0.71,Laptop,iOS,False
293,685,15,2025-03-11,105,0.89,Laptop,Web,False
294,466,17,2025-02-03,50,0.59,Tablet,Web,False
295,415,19,2025-04-26,90,0.72,Laptop,Android,False
296,388,15,2025-04-15,98,0.83,Laptop,Android,True
297,1117,20,2024-08-28,64,0.7,Smart TV,Web,False
298,1062,8,2025-03-15,53,0.61,Laptop,iOS,False
299,912,13,2025-03-19,91,0.65,Tablet,Android,True
300,476,19,2025-04-18,96,0.77,Smart TV,Web,False
301,1190,2,2025-02-10,106,0.81,Mobile,Web,False
302,639,13,2025-03-31,72,0.52,Mobile,TV App,True
303,1105,6,2025-04-10,38,0.4,Laptop,Web,True
304,1045,23,2025-04-05,57,0.52,Smart TV,TV App,False
305,359,10,2025-01-24,102,0.89,Smart TV,Web,False
306,630,22,2025-02-23,79,0.66,Smart TV,iOS,False
307,790,11,2025-02-09,97,0.77,Laptop,iOS,False
308,875,5,2024-11-12,67,0.55,Desktop,iOS,False
309,784,15,2025-04-06,73,0.62,Desktop,Android,False
310,656,2,2025-02-28,85,0.65,Smart TV,iOS,False
311,1006,5,2024-09-16,103,0.85,Smart TV,Web,False
312,56,21,2025-04-01,110,0.71,Mobile,iOS,False
313,631,19,2025-04-17,88,0.71,Smart TV,iOS,False
314,697,13,2025-04-09,96,0.69,Smart TV,Web,False
315,1019,24,2025-03-09,68,0.65,Smart TV,Android,True
316,927,16,2024-12-02,70,0.72,Mobile,Android,False
317,556,2,2025-02-26,110,0.84,Smart TV,Android,False
318,841,1,2025-04-29,106,0.9,Smart TV,TV App,False
319,652,4,2025-04-21,91,0.85,Mobile,TV App,False
320,677,1,2025-01-24,96,0.82,Laptop,iOS,False
321,979,9,2025-04-05,66,0.48,Mobile,Web,False
322,10,3,2025-01-20,82,0.57,Mobile,Web,False
323,446,13,2025-03-21,100,0.72,Tablet,TV App,False
324,1120,11,2025-03-05,127,1.0,Laptop,iOS,False
325,84,1,2025-03-23,108,0.92,Mobile,iOS,False
326,582,14,2024-09-02,107,0.83,Mobile,TV App,False
327,725,9,2025-04-10,117,0.85,Mobile,TV App,False
328,802,5,2024-09-06,80,0.66,Laptop,iOS,False
329,702,24,2025-03-24,82,0.79,Desktop,Android,False
330,1124,14,2024-06-08,130,1.0,Laptop,Android,False
331,755,8,2025-03-11,66,0.76,Mobile,iOS,False
332,200,1,2025-01-24,93,0.79,Smart TV,iOS,False
333,364,18,2025-04-20,75,0.53,Smart TV,Web,False
334,841,4,2025-04-27,106,0.99,Smart TV,Web,False
335,481,6,2025-03-14,35,0.37,Smart TV,iOS,False
336,75,23,2025-02-09,95,0.87,Smart TV,Web,False
337,1117,2,2024-12-08,93,0.71,Laptop,iOS,True
338,1082,2,2025-03-04,105,0.8,Desktop,TV App,False
339,1045,25,2025-04-12,60,0.45,Smart TV,Web,True
340,179,22,2025-02-19,75,0.63,Laptop,Android,False
341,611,9,2025-04-20,84,0.61,Desktop,Web,False
342,433,4,2025-03-15,75,0.7,Mobile,TV App,True
343,1058,13,2025-03-30,110,0.79,Laptop,Android,False
344,930,11,2025-02-04,93,0.74,Smart TV,Web,False
345,790,19,2025-04-28,108,0.87,Smart TV,iOS,False
346,224,1,2025-04-13,94,0.8,Laptop,iOS,False
347,428,25,2024-07-18,135,1.0,Smart TV,iOS,False
348,520,22,2025-01-17,52,0.44,Mobile,Web,False
349,246,13,2025-03-27,51,0.37,Laptop,TV App,False
350,806,5,2025-01-18,80,0.66,Smart TV,Android,False
351,698,4,2025-03-17,108,1.0,Smart TV,TV App,False
352,922,25,2025-02-03,60,0.45,Mobile,Web,False
353,1027,3,2025-03-28,118,0.82,Mobile,Web,False
354,634,4,2025-03-18,66,0.62,Laptop,Web,False
355,1027,4,2025-04-27,79,0.74,Laptop,Web,False
356,857,1,2025-02-16,112,0.95,Smart TV,iOS,False
357,242,19,2025-04-16,111,0.89,Mobile,Android,False
358,506,24,2025-04-02,76,0.73,Tablet,Web,True
359,1178,15,2025-04-14,101,0.85,Smart TV,iOS,False
360,129,20,2024-09-22,68,0.74,Laptop,iOS,False
361,218,3,2025-01-05,101,0.7,Smart TV,Android,False
362,66,14,2025-01-29,66,0.51,Laptop,Web,True
363,652,3,2025-04-13,95,0.66,Smart TV,iOS,False
364,1041,1,2025-01-26,114,0.97,Mobile,Android,False
365,151,2,2025-01-11,116,0.88,Laptop,TV App,False
366,800,14,2024-12-24,84,0.65,Desktop,Android,False
367,569,21,2025-04-21,124,0.8,Smart TV,iOS,True
368,846,23,2025-04-22,97,0.89,Mobile,iOS,False
369,1196,9,2025-04-13,118,0.86,Mobile,iOS,False
370,747,18,2024-11-14,107,0.76,Mobile,Android,False
371,67,14,2024-07-14,97,0.75,Smart TV,TV App,False
372,462,23,2025-02-27,101,0.92,Mobile,Android,False
373,1133,3,2025-01-28,142,0.98,Smart TV,Android,False
374,918,3,2024-12-16,134,0.93,Smart TV,iOS,False
375,4,8,2025-02-09,33,0.38,Mobile,iOS,False
376,998,11,2025-04-08,110,0.87,Laptop,Web,False
377,1199,15,2025-03-22,86,0.73,Smart TV,iOS,False
378,825,23,2025-03-16,80,0.73,Mobile,Web,False
379,136,14,2025-03-08,62,0.48,Laptop,Android,True
380,835,4,2025-02-19,79,0.74,Mobile,iOS,False
381,942,19,2025-04-14,87,0.7,Desktop,Android,False
382,415,1,2025-01-28,118,1.0,Smart TV,Web,False
383,514,15,2025-03-13,102,0.86,Mobile,Android,False
384,218,16,2024-11-07,74,0.76,Desktop,Android,False
385,726,23,2025-03-21,83,0.76,Smart TV,iOS,False
386,488,19,2025-04-28,102,0.82,Smart TV,Web,False
387,224,16,2025-03-15,54,0.56,Laptop,iOS,False
388,616,14,2025-04-26,81,0.63,Mobile,Android,False
389,258,18,2025-02-05,116,0.82,Tablet,iOS,False
390,1144,21,2025-04-13,106,0.69,Desktop,Android,True
391,998,16,2024-11-22,78,0.8,Smart TV,Android,True
392,84,16,2025-03-07,84,0.86,Smart TV,Android,False
393,805,6,2025-03-07,47,0.5,Smart TV,Web,False
394,569,16,2024-12-12,62,0.64,Desktop,iOS,False
395,769,9,2025-04-06,96,0.7,Mobile,Web,False
396,812,16,2025-03-27,52,0.54,Mobile,iOS,False
397,1058,22,2025-02-15,120,1.0,Laptop,iOS,False
398,136,18,2025-02-02,92,0.65,Smart TV,Web,False
399,565,16,2025-02-07,67,0.69,Smart TV,Web,False
400,610,24,2025-04-26,69,0.66,Smart TV,iOS,False
401,442,8,2025-03-09,35,0.4,Mobile,Android,False
402,423,2,2025-01-30,104,0.79,Tablet,iOS,False
403,417,8,2025-02-04,40,0.46,Mobile,iOS,False
404,200,1,2025-01-23,112,0.95,Mobile,Web,False
405,177,1,2025-01-20,108,0.92,Laptop,iOS,False
406,854,22,2024-12-30,110,0.92,Desktop,Android,False
407,172,14,2025-03-25,93,0.72,Laptop,Web,False
408,1158,5,2025-03-14,69,0.57,Mobile,iOS,False
409,949,25,2024-07-16,133,0.99,Smart TV,Android,False
410,637,10,2025-02-25,70,0.61,Mobile,Web,False
411,359,2,2025-03-13,91,0.69,Smart TV,TV App,False
412,158,17,2025-02-06,55,0.65,Tablet,Web,False
413,823,13,2025-04-01,106,0.76,Tablet,Web,False
414,656,25,2024-11-21,74,0.55,Smart TV,iOS,True
415,770,12,2025-02-03,56,0.55,Tablet,iOS,False
416,472,1,2025-01-31,107,0.91,Laptop,Android,True
417,69,15,2025-04-29,89,0.75,Mobile,iOS,True
418,348,13,2025-04-26,77,0.55,Tablet,Web,False
419,311,18,2025-01-02,55,0.39,Smart TV,iOS,False
420,115,16,2025-02-03,76,0.78,Smart TV,Android,False
421,906,2,2025-03-07,110,0.84,Tablet,Web,False
422,1052,1,2025-01-23,106,0.9,Tablet,iOS,False
423,1190,3,2025-04-18,131,0.91,Tablet,Android,False
424,1181,11,2025-03-20,73,0.58,Laptop,Web,False
425,741,24,2024-12-25,54,0.52,Smart TV,iOS,False
426,159,3,2025-03-06,142,0.98,Laptop,iOS,False
427,50,2,2024-11-25,76,0.58,Mobile,iOS,False
428,847,7,2024-12-25,59,0.66,Laptop,TV App,False
429,1137,1,2025-03-13,100,0.85,Smart TV,Android,False
430,754,18,2025-01-01,62,0.44,Laptop,Web,True
431,1018,23,2025-03-23,69,0.63,Laptop,iOS,False
432,722,4,2025-04-08,86,0.8,Smart TV,Web,False
433,210,13,2025-04-04,106,0.76,Mobile,iOS,False
434,987,9,2025-04-14,67,0.49,Laptop,TV App,True
435,367,9,2025-04-23,99,0.72,Laptop,Web,True
436,1032,14,2024-07-14,84,0.65,Smart TV,iOS,False
437,394,9,2025-04-27,125,0.91,Mobile,Android,False
438,511,11,2025-04-20,116,0.92,Laptop,iOS,False
439,283,5,2024-12-25,95,0.78,Tablet,TV App,False
440,129,10,2025-02-24,75,0.66,Smart TV,TV App,False
441,62,10,2024-09-06,83,0.73,Laptop,iOS,False
442,1113,7,2025-01-22,57,0.64,Desktop,iOS,False
443,676,19,2025-04-19,110,0.88,Laptop,iOS,False
444,938,5,2024-11-01,111,0.91,Mobile,TV App,False
445,272,13,2025-04-02,89,0.64,Smart TV,TV App,False
446,1108,13,2025-04-23,60,0.43,Smart TV,TV App,False
447,523,22,2024-11-28,79,0.66,Tablet,Web,False
448,519,25,2025-03-29,112,0.83,Smart TV,Web,False
449,1080,15,2025-04-05,88,0.74,Smart TV,iOS,False
450,1053,14,2024-06-02,79,0.61,Tablet,Web,False
451,201,16,2025-03-05,67,0.69,Laptop,iOS,False
452,920,1,2025-02-10,101,0.86,Smart TV,Web,False
453,157,10,2024-10-20,101,0.88,Tablet,TV App,False
454,696,24,2025-04-01,78,0.75,Mobile,Web,False
455,7,15,2025-03-28,78,0.66,Mobile,iOS,False
456,714,16,2025-02-14,73,0.75,Laptop,Android,False
457,1085,4,2025-04-19,93,0.87,Mobile,iOS,True
458,1044,13,2025-03-18,110,0.79,Smart TV,Android,False
459,418,19,2025-04-23,76,0.61,Laptop,Web,False
460,799,18,2024-11-21,61,0.43,Mobile,Web,False
461,1164,18,2024-11-02,122,0.86,Tablet,Web,False
462,1043,2,2025-03-30,92,0.7,Laptop,TV App,False
463,969,5,2024-09-09,85,0.7,Mobile,Web,False
464,615,7,2025-02-01,15,0.17,Mobile,Android,False
465,334,17,2025-01-29,73,0.86,Mobile,iOS,False
466,1010,5,2025-04-27,109,0.9,Laptop,Web,False
467,1187,1,2025-03-06,112,0.95,Smart TV,Android,False
468,344,25,2025-02-17,76,0.57,Mobile,Android,False
469,942,16,2025-04-16,69,0.71,Laptop,iOS,False
470,247,1,2025-01-26,103,0.88,Smart TV,TV App,False
471,34,19,2025-04-22,117,0.94,Smart TV,Web,False
472,535,9,2025-04-08,85,0.62,Smart TV,Android,False
473,537,11,2025-02-12,92,0.73,Smart TV,Web,False
474,1181,5,2024-09-30,75,0.62,Laptop,iOS,False
475,459,10,2024-08-28,83,0.73,Tablet,Web,False
476,994,16,2025-01-07,71,0.73,Mobile,iOS,False
477,663,14,2025-02-22,117,0.9,Smart TV,Web,False
478,471,4,2025-03-08,82,0.76,Laptop,Android,True
479,176,19,2025-04-24,107,0.86,Smart TV,iOS,True
480,594,13,2025-03-23,79,0.57,Laptop,Web,True
481,1130,10,2025-04-09,111,0.97,Smart TV,iOS,False
482,785,1,2025-04-20,97,0.83,Smart TV,Web,False
483,58,19,2025-04-15,87,0.7,Laptop,Android,False
484,652,13,2025-03-25,138,0.99,Smart TV,Web,False
485,792,10,2024-12-11,82,0.72,Laptop,Android,True
486,930,10,2025-02-19,115,1.0,Tablet,Web,False
487,83,1,2025-03-08,118,1.0,Desktop,Web,False
488,418,18,2025-04-02,80,0.57,Smart TV,Web,False
489,813,15,2025-04-02,76,0.64,Mobile,iOS,False
490,1012,15,2025-04-06,83,0.7,Tablet,iOS,False
491,415,20,2024-10-03,61,0.67,Laptop,Web,False
492,928,2,2024-08-10,72,0.55,Smart TV,Web,False
493,762,5,2024-12-25,87,0.72,Smart TV,Android,False
494,411,3,2025-01-05,113,0.78,Smart TV,Web,True
495,871,2,2024-12-18,122,0.93,Mobile,Web,False
496,32,1,2025-04-11,100,0.85,Mobile,iOS,True
497,750,19,2025-04-12,100,0.8,Laptop,Android,False
498,608,11,2025-04-17,109,0.86,Mobile,Web,False
499,225,24,2024-12-26,76,0.73,Laptop,iOS,True
500,276,2,2025-01-20,64,0.49,Mobile,Web,False
501,570,3,2025-03-23,101,0.7,Laptop,Android,False
502,844,1,2025-01-19,95,0.81,Smart TV,TV App,False
503,543,23,2025-03-17,74,0.68,Laptop,Android,False
504,943,9,2025-04-26,82,0.6,Laptop,Android,False
505,622,3,2024-12-20,114,0.79,Smart TV,iOS,False
506,570,21,2025-03-28,119,0.77,Laptop,Android,False
507,414,11,2025-04-16,85,0.67,Tablet,iOS,False
508,145,19,2025-04-25,91,0.73,Smart TV,Web,False
509,1168,2,2025-03-29,112,0.85,Mobile,TV App,False
510,1123,18,2025-04-02,93,0.66,Desktop,Web,False
511,1066,25,2024-12-16,72,0.54,Smart TV,iOS,True
512,393,18,2025-03-17,89,0.63,Tablet,Android,False
513,809,24,2024-12-26,71,0.68,Mobile,Web,True
514,973,8,2025-01-31,60,0.69,Desktop,Android,False
515,381,14,2024-06-16,104,0.8,Smart TV,iOS,False
516,130,19,2025-04-26,107,0.86,Tablet,TV App,False
517,1153,10,2025-04-18,103,0.9,Smart TV,iOS,False
518,838,11,2025-04-24,100,0.79,Tablet,Android,False
519,508,18,2025-04-14,112,0.79,Mobile,Web,False
520,1071,12,2024-10-20,70,0.69,Mobile,iOS,True
521,1110,24,2025-02-07,75,0.72,Mobile,iOS,False
522,526,13,2025-04-06,86,0.62,Mobile,Web,True
523,1051,21,2025-04-12,106,0.69,Smart TV,TV App,False
524,1161,1,2025-01-20,110,0.94,Smart TV,Android,True
525,364,8,2025-03-02,31,0.36,Smart TV,Web,False
526,1175,4,2025-04-12,74,0.69,Laptop,iOS,True
527,546,1,2025-01-31,110,0.94,Tablet,TV App,True
528,169,9,2025-04-13,103,0.75,Laptop,Android,False
529,648,2,2024-09-01,81,0.62,Mobile,iOS,False
530,426,1,2025-01-24,108,0.92,Mobile,iOS,False
531,188,1,2025-03-21,96,0.82,Smart TV,iOS,False
532,1119,25,2024-11-18,101,0.75,Mobile,Android,False
533,33,22,2025-03-31,86,0.72,Tablet,Android,False
534,672,15,2025-03-08,89,0.75,Smart TV,Android,False
535,539,9,2025-04-18,100,0.73,Tablet,iOS,False
536,476,18,2024-12-06,97,0.69,Mobile,iOS,True
537,1054,1,2025-02-27,118,1.0,Laptop,iOS,False
538,906,4,2025-02-27,55,0.51,Laptop,TV App,False
539,536,1,2025-01-27,107,0.91,Smart TV,iOS,False
540,596,19,2025-04-19,111,0.89,Mobile,Web,False
541,240,17,2025-04-08,61,0.72,Smart TV,iOS,False
542,561,5,2024-11-06,102,0.84,Laptop,iOS,False
543,1080,25,2025-02-01,121,0.9,Laptop,Android,False
544,597,11,2025-04-30,96,0.76,Mobile,iOS,False
545,189,9,2025-04-28,75,0.55,Smart TV,Android,False
546,1100,7,2025-01-05,65,0.73,Laptop,TV App,False
547,10,8,2025-02-16,38,0.44,Smart TV,Web,False
548,470,19,2025-04-17,82,0.66,Smart TV,iOS,False
549,774,21,2025-04-05,131,0.85,Smart TV,Web,False
550,874,24,2025-04-21,105,1.0,Laptop,Android,False
551,952,9,2025-04-06,95,0.69,Mobile,Web,False
552,54,9,2025-04-13,124,0.9,Smart TV,Android,False
553,68,11,2025-03-13,96,0.76,Smart TV,iOS,False
554,409,14,2024-08-07,75,0.58,Smart TV,Web,False
555,212,4,2025-03-29,71,0.66,Mobile,TV App,True
556,889,25,2024-11-26,135,1.0,Smart TV,Web,False
557,348,21,2025-04-21,100,0.65,Smart TV,iOS,False
558,321,2,2025-01-01,110,0.84,Laptop,Android,False
559,1005,1,2025-01-27,116,0.99,Tablet,iOS,False
560,1139,8,2025-03-27,42,0.48,Tablet,TV App,False
561,1162,16,2024-11-11,71,0.73,Tablet,TV App,False
562,261,1,2025-02-09,110,0.94,Smart TV,iOS,False
563,470,19,2025-04-22,100,0.8,Laptop,TV App,True
564,982,9,2025-04-12,97,0.71,Smart TV,TV App,False
565,501,16,2024-11-09,75,0.77,Mobile,iOS,True
566,799,13,2025-04-17,74,0.53,Mobile,TV App,False
567,1175,18,2024-11-07,142,1.0,Mobile,iOS,True
568,840,1,2025-04-30,103,0.88,Smart TV,iOS,False
569,833,25,2025-03-03,75,0.56,Smart TV,Web,False
570,86,12,2025-02-14,99,0.98,Laptop,iOS,False
571,737,25,2024-07-23,101,0.75,Mobile,iOS,False
572,1153,23,2025-02-07,73,0.67,Laptop,Web,False
573,208,16,2025-04-22,51,0.53,Tablet,TV App,False
574,73,10,2025-01-06,87,0.76,Laptop,iOS,False
575,720,22,2024-12-18,86,0.72,Mobile,Web,False
576,1192,1,2025-03-06,106,0.9,Laptop,Web,False
577,766,14,2024-11-02,118,0.91,Mobile,TV App,False
578,610,18,2024-10-06,88,0.62,Laptop,TV App,False
579,444,1,2025-04-03,112,0.95,Laptop,Web,False
580,232,23,2025-03-30,79,0.72,Laptop,Web,False
581,859,4,2025-02-22,68,0.63,Mobile,Web,False
582,388,11,2025-03-15,101,0.8,Smart TV,Android,False
583,904,11,2025-02-28,73,0.58,Smart TV,TV App,False
584,996,4,2025-04-21,86,0.8,Smart TV,TV App,True
585,1052,1,2025-02-06,90,0.77,Desktop,TV App,False
586,1192,2,2024-10-02,110,0.84,Smart TV,Android,False
587,667,18,2025-04-22,119,0.84,Mobile,iOS,False
588,341,19,2025-04-26,72,0.58,Laptop,TV App,False
589,886,19,2025-04-12,82,0.66,Laptop,Android,False
590,544,7,2025-02-04,60,0.67,Mobile,Web,False
591,1156,4,2025-03-04,78,0.73,Laptop,Web,False
592,935,13,2025-04-07,89,0.64,Mobile,TV App,False
593,1041,9,2025-04-10,107,0.78,Mobile,Web,False
594,1123,1,2025-02-05,110,0.94,Mobile,Android,True
595,541,13,2025-03-25,92,0.66,Laptop,iOS,False
596,710,7,2025-01-25,41,0.46,Tablet,Web,True
597,1000,18,2025-03-01,127,0.9,Smart TV,Web,True
598,331,2,2025-01-31,80,0.61,Mobile,iOS,False
599,978,8,2025-03-13,29,0.33,Smart TV,Android,False
600,181,21,2025-04-13,82,0.53,Tablet,iOS,False
601,844,5,2024-11-17,111,0.91,Smart TV,Web,False
602,994,11,2025-04-27,74,0.59,Mobile,TV App,True
603,609,4,2025-03-21,74,0.69,Mobile,TV App,False
604,938,18,2025-04-08,80,0.57,Smart TV,Android,False
605,378,24,2024-12-30,92,0.88,Mobile,iOS,False
606,1002,6,2025-03-07,28,0.3,Smart TV,iOS,False
607,113,1,2025-02-06,97,0.83,Smart TV,Web,True
608,323,5,2024-12-25,86,0.71,Laptop,Android,False
609,342,3,2025-02-22,114,0.79,Mobile,Web,True
610,637,11,2025-02-15,80,0.63,Laptop,iOS,False
611,596,3,2025-01-21,131,0.91,Mobile,Android,False
612,1070,17,2025-01-19,63,0.75,Smart TV,TV App,False
613,717,23,2025-03-23,96,0.88,Smart TV,iOS,False
614,1095,25,2024-11-14,105,0.78,Mobile,Android,False
615,1091,23,2025-02-18,106,0.97,Mobile,iOS,False
616,232,11,2025-04-11,67,0.53,Laptop,TV App,False
617,1111,5,2024-10-12,47,0.39,Mobile,Web,False
618,592,13,2025-03-26,74,0.53,Smart TV,Web,False
619,855,9,2025-04-15,117,0.85,Laptop,iOS,False
620,284,21,2025-04-19,91,0.59,Smart TV,Web,False
621,431,19,2025-04-30,110,0.88,Laptop,iOS,False
622,342,3,2025-03-08,88,0.61,Smart TV,Web,False
623,61,3,2024-12-08,66,0.46,Tablet,TV App,False
624,1135,4,2025-02-28,61,0.57,Smart TV,Web,False
625,536,7,2024-12-20,62,0.69,Smart TV,Web,False
626,94,2,2025-04-03,96,0.73,Smart TV,Android,False
627,866,11,2025-04-24,77,0.61,Mobile,Web,False
628,521,8,2025-02-04,51,0.59,Mobile,Android,False
629,642,9,2025-04-06,96,0.7,Mobile,Web,True
630,351,21,2025-04-02,128,0.83,Laptop,iOS,False
631,1009,14,2024-12-05,88,0.68,Laptop,iOS,False
632,1065,14,2024-12-30,109,0.84,Smart TV,TV App,False
633,245,1,2025-01-29,118,1.0,Laptop,iOS,False
634,893,4,2025-04-05,92,0.86,Smart TV,iOS,False
635,801,10,2024-09-06,78,0.68,Mobile,iOS,False
636,880,25,2025-02-09,91,0.68,Desktop,Web,False
637,210,12,2025-01-31,81,0.8,Desktop,iOS,False
638,491,21,2025-04-23,86,0.56,Tablet,Android,False
639,723,21,2025-04-11,125,0.81,Mobile,iOS,False
640,577,12,2025-04-30,65,0.64,Laptop,Web,False
641,319,23,2025-02-26,80,0.73,Tablet,iOS,False
642,1016,19,2025-04-21,97,0.78,Tablet,TV App,False
643,512,18,2025-03-11,142,1.0,Smart TV,Web,False
644,443,13,2025-04-17,95,0.68,Mobile,TV App,False
645,635,1,2025-02-24,102,0.87,Smart TV,iOS,False
646,147,13,2025-04-30,124,0.89,Smart TV,Android,False
647,577,1,2025-01-20,118,1.0,Tablet,Android,False
648,577,22,2025-04-18,87,0.73,Smart TV,iOS,False
649,595,3,2024-11-20,84,0.58,Smart TV,Web,True
650,252,13,2025-04-20,113,0.81,Laptop,iOS,False
651,758,3,2025-04-16,66,0.46,Desktop,Android,False
652,639,4,2025-04-12,95,0.88,Smart TV,Android,False
653,1131,3,2025-04-20,116,0.8,Laptop,iOS,False
654,49,25,2025-02-20,87,0.65,Laptop,Web,False
655,735,19,2025-04-27,98,0.79,Mobile,TV App,False
656,354,11,2025-03-10,64,0.51,Mobile,TV App,False
657,1013,15,2025-03-03,99,0.84,Laptop,Web,False
658,67,21,2025-04-09,127,0.82,Mobile,Android,False
659,1034,24,2025-04-19,105,1.0,Desktop,iOS,False
660,468,25,2024-10-03,108,0.8,Mobile,iOS,False
661,504,6,2025-04-22,48,0.51,Mobile,iOS,False
662,1041,9,2025-04-29,118,0.86,Mobile,Web,False
663,575,10,2025-01-03,75,0.66,Tablet,Android,False
664,931,2,2025-02-23,132,1.0,Mobile,Android,False
665,1051,16,2025-01-01,62,0.64,Laptop,Android,False
666,513,22,2025-04-07,70,0.59,Tablet,Web,False
667,1150,22,2025-03-18,108,0.9,Smart TV,iOS,False
668,531,25,2025-02-27,78,0.58,Laptop,iOS,False
669,269,10,2024-08-21,81,0.71,Mobile,iOS,False
670,857,23,2025-04-24,110,1.0,Mobile,Web,False
671,317,18,2025-04-16,75,0.53,Mobile,Web,True
672,1117,1,2025-03-06,88,0.75,Smart TV,iOS,False
673,554,9,2025-04-05,109,0.79,Smart TV,iOS,False
674,527,1,2025-04-02,95,0.81,Laptop,iOS,False
675,352,4,2025-04-06,66,0.62,Laptop,Web,False
676,425,15,2025-03-15,61,0.52,Mobile,iOS,False
677,211,4,2025-04-01,79,0.74,Smart TV,iOS,False
678,627,5,2024-12-04,86,0.71,Tablet,Web,False
679,919,23,2025-03-07,105,0.96,Laptop,Android,False
680,814,23,2025-03-10,75,0.69,Smart TV,iOS,False
681,1025,18,2024-12-23,119,0.84,Desktop,iOS,False
682,1035,21,2025-04-24,141,0.91,Tablet,Android,False
683,390,14,2024-09-23,94,0.73,Smart TV,Web,True
684,497,17,2025-04-12,64,0.76,Mobile,iOS,False
685,145,1,2025-03-15,113,0.96,Smart TV,iOS,False
686,441,10,2025-03-15,85,0.74,Smart TV,Web,True
687,955,11,2025-03-23,67,0.53,Smart TV,iOS,True
688,83,13,2025-04-01,64,0.46,Mobile,TV App,False
689,577,7,2025-01-24,64,0.72,Smart TV,Android,False
690,592,19,2025-04-21,106,0.85,Smart TV,Web,False
691,493,23,2025-03-02,74,0.68,Mobile,iOS,False
692,882,9,2025-04-28,107,0.78,Mobile,TV App,True
693,955,1,2025-01-20,100,0.85,Mobile,iOS,False
694,426,11,2025-02-26,87,0.69,Smart TV,iOS,False
695,535,1,2025-01-16,116,0.99,Laptop,Android,False
696,1045,10,2025-03-11,66,0.58,Laptop,iOS,False
697,402,12,2024-10-14,74,0.73,Mobile,iOS,False
698,65,4,2025-04-19,105,0.98,Laptop,iOS,False
699,1127,11,2025-04-27,74,0.59,Mobile,Web,False
700,727,21,2025-04-14,113,0.73,Tablet,Web,False
701,1026,24,2025-04-14,71,0.68,Mobile,TV App,False
702,1056,22,2024-12-30,86,0.72,Smart TV,iOS,False
703,685,22,2024-11-07,81,0.68,Smart TV,iOS,False
704,869,9,2025-04-14,84,0.61,Mobile,Android,False
705,713,19,2025-04-22,95,0.76,Smart TV,iOS,False
706,437,9,2025-04-20,138,1.0,Smart TV,Web,False
707,393,1,2025-03-11,84,0.72,Mobile,iOS,False
708,335,21,2025-04-30,144,0.93,Laptop,Web,False
709,506,15,2025-04-20,77,0.65,Mobile,iOS,False
710,883,13,2025-04-09,92,0.66,Laptop,TV App,True
711,57,18,2025-04-04,80,0.57,Smart TV,iOS,False
712,999,1,2025-04-07,96,0.82,Smart TV,iOS,False
713,1118,22,2025-04-15,106,0.89,Smart TV,TV App,False
714,4,11,2025-04-27,127,1.0,Laptop,TV App,True
715,879,23,2025-04-02,110,1.0,Smart TV,Web,False
716,523,10,2025-03-15,50,0.44,Laptop,Android,False
717,60,24,2025-03-22,72,0.69,Smart TV,iOS,False
718,1160,21,2025-04-07,136,0.88,Smart TV,TV App,False
719,71,22,2024-12-31,88,0.74,Tablet,Android,False
720,399,25,2024-07-19,121,0.9,Laptop,iOS,False
721,553,3,2025-02-09,145,1.0,Mobile,Android,False
722,109,22,2024-12-25,78,0.65,Tablet,Android,False
723,152,19,2025-04-13,125,1.0,Smart TV,iOS,False
724,174,7,2024-12-27,51,0.57,Mobile,Android,False
725,51,3,2025-03-31,111,0.77,Laptop,Web,True
726,429,14,2024-11-27,113,0.87,Tablet,iOS,False
727,209,22,2025-04-08,78,0.65,Smart TV,Web,False
728,696,7,2024-12-27,37,0.42,Smart TV,Web,False
729,334,4,2025-03-22,69,0.64,Mobile,iOS,False
730,562,23,2025-04-25,79,0.72,Laptop,iOS,False
731,718,9,2025-04-16,111,0.81,Desktop,Android,False
732,602,18,2025-03-29,142,1.0,Smart TV,Android,False
733,473,4,2025-02-20,96,0.89,Mobile,Web,True
734,826,13,2025-04-04,126,0.9,Smart TV,TV App,True
735,827,13,2025-04-11,49,0.35,Laptop,iOS,False
736,930,23,2025-03-03,73,0.67,Mobile,Web,False
737,363,1,2025-01-17,99,0.84,Laptop,Web,True
738,58,23,2025-03-07,110,1.0,Mobile,Android,False
739,871,1,2025-03-29,118,1.0,Smart TV,Web,False
740,147,23,2025-04-11,92,0.84,Mobile,iOS,False
741,6,21,2025-04-16,113,0.73,Smart TV,Web,False
742,683,4,2025-02-19,70,0.65,Laptop,Web,False
743,248,15,2025-04-27,103,0.87,Mobile,Web,False
744,731,2,2025-03-04,124,0.94,Tablet,Android,False
745,847,1,2025-03-04,107,0.91,Smart TV,TV App,False
746,325,1,2025-03-12,96,0.82,Laptop,iOS,False
747,264,2,2024-12-03,75,0.57,Smart TV,Web,True
748,1194,16,2025-01-10,88,0.9,Mobile,Web,True
749,767,19,2025-04-24,72,0.58,Smart TV,Android,False
750,1188,19,2025-04-30,96,0.77,Smart TV,iOS,False
751,591,3,2024-11-26,101,0.7,Tablet,Android,False
752,19,1,2025-02-20,79,0.67,Smart TV,iOS,False
753,498,25,2024-09-16,112,0.83,Mobile,Web,False
754,841,24,2024-12-21,89,0.85,Mobile,iOS,False
755,593,13,2025-03-21,102,0.73,Smart TV,TV App,False
756,677,22,2025-01-25,81,0.68,Smart TV,iOS,True
757,904,14,2025-04-19,101,0.78,Laptop,iOS,True
758,1177,7,2024-12-15,47,0.53,Mobile,iOS,False
759,571,20,2024-10-04,30,0.33,Smart TV,iOS,False
760,811,25,2024-07-21,120,0.89,Laptop,Web,False
761,293,14,2024-12-17,105,0.81,Mobile,Web,False
762,369,8,2025-03-01,68,0.78,Desktop,TV App,False
763,215,13,2025-04-06,106,0.76,Smart TV,Web,False
764,907,4,2025-04-11,87,0.81,Tablet,iOS,False
765,599,8,2025-03-23,58,0.67,Smart TV,Web,False
766,1177,1,2025-01-31,81,0.69,Laptop,Web,False
767,172,5,2025-03-22,95,0.78,Mobile,Android,False
768,72,19,2025-04-28,85,0.68,Smart TV,Android,False
769,427,10,2024-08-02,64,0.56,Smart TV,TV App,False
770,101,1,2025-04-02,109,0.93,Smart TV,Android,False
771,1001,21,2025-04-10,139,0.9,Mobile,Web,False
772,167,4,2025-03-24,66,0.62,Smart TV,Android,False
773,1011,23,2025-04-14,81,0.74,Smart TV,TV App,False
774,67,25,2024-07-29,45,0.34,Tablet,iOS,False
775,972,8,2025-03-06,60,0.69,Desktop,iOS,True
776,624,21,2025-04-15,108,0.7,Mobile,Web,False
777,559,22,2025-04-28,104,0.87,Smart TV,iOS,False
778,408,1,2025-01-21,97,0.83,Laptop,TV App,True
779,1130,16,2024-12-10,66,0.68,Laptop,Android,False
780,192,14,2024-11-06,124,0.96,Mobile,TV App,False
781,469,15,2025-04-20,83,0.7,Smart TV,Android,False
782,1138,1,2025-01-21,112,0.95,Mobile,Web,True
783,419,22,2024-12-24,94,0.79,Laptop,iOS,False
784,912,15,2025-03-08,65,0.55,Mobile,Web,True
785,1160,16,2025-02-02,65,0.67,Mobile,Android,False
786,283,24,2025-01-29,87,0.83,Smart TV,iOS,True
787,1193,25,2024-08-22,93,0.69,Laptop,Web,False
788,21,12,2024-11-12,91,0.9,Tablet,Web,True
789,197,17,2025-04-21,73,0.87,Smart TV,Web,False
790,177,3,2025-03-16,126,0.87,Smart TV,iOS,False
791,161,23,2025-04-15,110,1.0,Tablet,Web,False
792,589,15,2025-04-24,59,0.5,Laptop,Android,False
793,967,16,2024-11-10,71,0.73,Tablet,Android,False
794,849,9,2025-04-05,95,0.69,Tablet,Android,True
795,325,24,2025-03-25,85,0.81,Smart TV,TV App,False
796,377,15,2025-03-14,69,0.58,Laptop,Web,False
797,244,4,2025-03-22,88,0.82,Mobile,Web,False
798,12,22,2025-03-29,96,0.8,Mobile,iOS,False
799,926,11,2025-01-31,102,0.81,Mobile,iOS,False
800,1042,10,2025-01-18,89,0.78,Laptop,iOS,False
801,470,1,2025-01-23,97,0.83,Tablet,Web,False
802,1159,5,2024-09-20,100,0.82,Laptop,Web,False
803,11,8,2025-02-25,58,0.66,Smart TV,iOS,False
804,159,1,2025-03-14,83,0.71,Laptop,Web,False
805,68,11,2025-04-14,113,0.89,Tablet,Web,False
806,797,15,2025-03-22,119,1.0,Laptop,iOS,True
807,1149,15,2025-04-21,96,0.81,Smart TV,iOS,True
808,406,21,2025-04-20,75,0.49,Laptop,TV App,True
809,308,1,2025-01-27,106,0.9,Tablet,Android,False
810,533,12,2024-12-03,70,0.69,Mobile,iOS,False
811,656,7,2024-12-16,36,0.41,Tablet,Android,False
812,491,23,2025-04-02,86,0.79,Laptop,Android,True
813,1032,21,2025-04-05,155,1.0,Mobile,iOS,False
814,1097,15,2025-04-25,114,0.96,Laptop,iOS,True
815,744,11,2025-02-26,53,0.42,Mobile,TV App,False
816,874,24,2025-01-25,90,0.86,Mobile,iOS,False
817,166,9,2025-04-07,110,0.8,Mobile,Android,False
818,208,15,2025-04-25,64,0.54,Smart TV,Android,False
819,682,3,2025-03-28,113,0.78,Tablet,Android,False
820,699,1,2025-01-28,92,0.78,Tablet,Android,True
821,930,4,2025-03-29,93,0.87,Smart TV,Web,False
822,1177,3,2025-02-11,118,0.82,Smart TV,Web,False
823,694,19,2025-04-27,106,0.85,Smart TV,TV App,False
824,888,16,2024-12-08,89,0.91,Smart TV,Android,False
825,1058,4,2025-04-20,76,0.71,Smart TV,Web,False
826,950,1,2025-02-13,90,0.77,Smart TV,Web,False
827,527,9,2025-04-12,92,0.67,Smart TV,Android,False
828,827,19,2025-04-15,88,0.71,Smart TV,TV App,False
829,399,19,2025-04-24,117,0.94,Tablet,Android,True
830,455,18,2024-10-15,142,1.0,Smart TV,Web,False
831,504,3,2025-01-06,104,0.72,Smart TV,Web,True
832,658,3,2025-03-22,85,0.59,Smart TV,Android,False
833,363,13,2025-04-19,96,0.69,Desktop,Web,False
834,56,24,2025-03-19,79,0.76,Smart TV,Android,False
835,251,25,2025-04-25,82,0.61,Laptop,TV App,False
836,342,5,2024-09-23,87,0.72,Mobile,iOS,False
837,353,23,2025-04-21,110,1.0,Desktop,Android,False
838,747,25,2024-09-26,70,0.52,Mobile,iOS,False
839,357,20,2024-09-21,33,0.36,Mobile,Android,False
840,321,2,2025-02-05,96,0.73,Mobile,Android,True
841,556,15,2025-04-03,63,0.53,Tablet,TV App,True
842,311,24,2025-02-18,103,0.99,Mobile,Web,True
843,435,19,2025-04-17,90,0.72,Tablet,Web,False
844,180,5,2025-01-24,89,0.73,Smart TV,iOS,True
845,80,13,2025-04-26,113,0.81,Mobile,TV App,False
846,1189,14,2025-02-06,101,0.78,Mobile,iOS,False
847,767,2,2024-12-16,87,0.66,Tablet,Web,False
848,907,5,2025-03-14,104,0.86,Mobile,Android,False
849,886,5,2024-12-02,115,0.95,Smart TV,Web,False
850,1121,17,2025-01-14,72,0.85,Mobile,Android,False
851,942,13,2025-04-04,119,0.85,Smart TV,TV App,False
852,1127,12,2025-01-05,81,0.8,Laptop,iOS,False
853,136,13,2025-04-22,112,0.8,Mobile,iOS,False
854,766,19,2025-04-21,113,0.91,Smart TV,iOS,False
855,876,2,2025-01-09,102,0.78,Laptop,Web,False
856,854,14,2024-06-13,102,0.79,Mobile,iOS,False
857,318,14,2024-08-04,107,0.83,Mobile,iOS,False
858,997,21,2025-03-28,102,0.66,Smart TV,Web,False
859,338,1,2025-04-03,94,0.8,Smart TV,Android,True
860,842,13,2025-04-30,88,0.63,Laptop,Web,False
861,29,13,2025-04-09,114,0.82,Desktop,Android,False
862,1180,21,2025-04-08,96,0.62,Laptop,Android,False
863,149,25,2025-04-30,110,0.82,Mobile,iOS,False
864,782,2,2025-01-28,102,0.78,Mobile,Android,False
865,214,13,2025-04-03,99,0.71,Smart TV,iOS,False
866,763,19,2025-04-19,88,0.71,Mobile,iOS,False
867,555,1,2025-01-19,118,1.0,Mobile,TV App,False
868,792,4,2025-04-13,83,0.77,Smart TV,Android,False
869,565,4,2025-04-22,61,0.57,Mobile,Web,True
870,322,12,2024-11-19,98,0.97,Tablet,Web,False
871,1056,22,2024-12-25,115,0.96,Mobile,Web,False
872,606,19,2025-04-16,98,0.79,Laptop,TV App,False
873,894,23,2025-03-29,66,0.6,Smart TV,Web,True
874,726,4,2025-04-10,69,0.64,Smart TV,Android,False
875,26,11,2025-04-25,107,0.85,Mobile,Android,False
876,833,19,2025-04-17,78,0.63,Smart TV,iOS,False
877,1085,19,2025-04-16,98,0.79,Mobile,Android,False
878,1164,22,2025-04-03,84,0.7,Smart TV,Web,False
879,654,11,2025-03-14,125,0.99,Smart TV,iOS,False
880,1185,21,2025-04-30,117,0.76,Laptop,Web,True
881,92,1,2025-03-17,103,0.88,Smart TV,iOS,False
882,288,21,2025-04-16,130,0.84,Laptop,Web,False
883,427,5,2024-09-17,104,0.86,Tablet,iOS,False
884,1139,23,2025-03-04,100,0.91,Tablet,TV App,False
885,739,2,2025-02-18,91,0.69,Smart TV,iOS,False
886,869,15,2025-03-24,69,0.58,Tablet,Web,False
887,950,21,2025-04-12,85,0.55,Laptop,TV App,False
888,61,23,2025-04-26,59,0.54,Mobile,TV App,False
889,646,3,2024-12-09,129,0.89,Smart TV,Android,False
890,1012,8,2025-01-29,37,0.43,Laptop,Android,False
891,826,2,2025-03-30,97,0.74,Smart TV,iOS,False
892,135,22,2025-02-21,92,0.77,Smart TV,iOS,False
893,1167,6,2025-04-23,38,0.41,Smart TV,Web,False
894,591,5,2025-02-21,96,0.79,Laptop,Android,False
895,995,5,2025-01-14,95,0.78,Laptop,Web,False
896,799,5,2025-03-29,90,0.74,Desktop,Web,True
897,1139,13,2025-04-15,74,0.53,Smart TV,Android,False
898,183,1,2025-03-24,77,0.66,Mobile,iOS,False
899,31,9,2025-04-10,102,0.74,Mobile,Android,True
900,781,9,2025-04-10,109,0.79,Laptop,iOS,True
901,851,18,2024-12-29,93,0.66,Laptop,iOS,False
902,568,24,2025-04-20,75,0.72,Mobile,iOS,True
903,196,13,2025-04-14,131,0.94,Laptop,TV App,False
904,127,15,2025-03-30,103,0.87,Desktop,Android,False
905,550,14,2024-11-22,123,0.95,Laptop,iOS,True
906,454,24,2025-04-03,105,1.0,Mobile,TV App,False
907,218,19,2025-04-12,118,0.95,Mobile,Android,False
908,453,3,2024-12-22,101,0.7,Laptop,iOS,False
909,63,1,2025-01-30,93,0.79,Smart TV,Web,False
910,326,24,2025-01-14,102,0.98,Mobile,Web,True
911,319,12,2024-10-15,62,0.61,Tablet,iOS,False
912,754,11,2025-02-20,101,0.8,Mobile,Web,False
913,807,16,2025-02-19,74,0.76,Smart TV,Web,True
914,810,11,2025-04-13,109,0.86,Smart TV,iOS,False
915,55,13,2025-04-02,120,0.86,Smart TV,iOS,False
916,711,1,2025-01-23,80,0.68,Smart TV,iOS,False
917,1046,15,2025-04-16,72,0.61,Smart TV,iOS,False
918,816,3,2025-04-22,123,0.85,Smart TV,iOS,False
919,1193,2,2025-04-22,101,0.77,Mobile,Android,False
920,1174,4,2025-03-04,97,0.9,Laptop,iOS,True
921,1092,25,2024-12-13,120,0.89,Desktop,Web,False
922,246,2,2024-08-22,75,0.57,Laptop,Web,True
923,549,23,2025-03-04,84,0.77,Laptop,Android,False
924,10,12,2024-11-24,66,0.65,Mobile,Web,False
925,857,1,2025-01-22,109,0.93,Laptop,Web,False
926,684,9,2025-04-05,100,0.73,Tablet,Android,False
927,254,13,2025-03-18,79,0.57,Smart TV,Web,True
928,169,24,2025-02-25,82,0.79,Smart TV,Web,False
929,1200,1,2025-01-29,118,1.0,Mobile,iOS,True
930,735,22,2025-03-19,112,0.94,Laptop,Android,False
931,347,1,2025-04-26,89,0.76,Laptop,Web,False
932,17,1,2025-04-17,118,1.0,Mobile,TV App,False
933,421,12,2024-11-08,76,0.75,Smart TV,Android,False
934,8,18,2025-03-28,127,0.9,Smart TV,iOS,False
935,933,20,2024-08-20,66,0.72,Smart TV,Android,True
936,779,11,2025-03-14,97,0.77,Smart TV,TV App,False
937,807,4,2025-02-20,106,0.99,Smart TV,iOS,False
938,590,21,2025-04-30,89,0.58,Mobile,iOS,True
939,401,9,2025-04-28,80,0.58,Mobile,iOS,False
940,531,1,2025-03-14,99,0.84,Mobile,iOS,False
941,1017,14,2024-08-24,87,0.67,Mobile,iOS,False
942,1154,12,2025-03-24,63,0.62,Smart TV,iOS,False
943,87,1,2025-04-02,115,0.98,Smart TV,iOS,False
944,622,14,2025-04-21,130,1.0,Tablet,iOS,False
945,832,1,2025-03-26,90,0.77,Desktop,iOS,False
946,1008,12,2025-01-30,72,0.71,Tablet,TV App,False
947,1141,4,2025-04-23,81,0.75,Smart TV,Web,False
948,302,11,2025-03-17,88,0.7,Smart TV,Web,False
949,466,10,2025-02-03,50,0.44,Laptop,iOS,False
950,1150,16,2025-04-22,98,1.0,Mobile,Web,False
951,830,7,2024-12-20,25,0.28,Laptop,Web,False
952,790,22,2025-04-24,79,0.66,Mobile,TV App,False
953,1146,25,2024-09-18,79,0.59,Smart TV,Web,False
954,265,23,2025-03-14,110,1.0,Mobile,TV App,False
955,1189,5,2024-09-28,89,0.73,Smart TV,iOS,False
956,169,18,2024-11-21,79,0.56,Smart TV,Web,False
957,1020,23,2025-04-05,55,0.5,Smart TV,Android,False
958,291,15,2025-03-25,95,0.8,Mobile,Web,False
959,1008,22,2024-11-28,96,0.8,Tablet,Android,True
960,860,10,2025-02-19,81,0.71,Smart TV,Web,False
961,200,15,2025-03-26,79,0.67,Laptop,Web,False
962,785,13,2025-03-31,106,0.76,Tablet,Android,False
963,974,4,2025-02-26,72,0.67,Mobile,Android,True
964,1031,21,2025-04-12,96,0.62,Mobile,Web,False
965,421,25,2025-04-07,116,0.86,Desktop,iOS,False
966,634,3,2024-11-20,102,0.71,Mobile,TV App,False
967,617,11,2025-02-17,119,0.94,Smart TV,iOS,False
968,103,1,2025-01-17,102,0.87,Mobile,Web,False
969,221,15,2025-03-22,105,0.89,Laptop,iOS,True
970,392,21,2025-04-11,145,0.94,Desktop,Web,False
971,379,1,2025-01-18,108,0.92,Mobile,Android,False
972,53,16,2025-01-27,96,0.98,Laptop,Android,False
973,81,23,2025-04-16,78,0.71,Mobile,iOS,False
974,692,13,2025-03-18,138,0.99,Smart TV,TV App,False
975,693,4,2025-03-09,60,0.56,Laptop,TV App,False
976,1179,25,2025-04-12,86,0.64,Smart TV,Web,False
977,91,9,2025-04-28,77,0.56,Laptop,Android,False
978,1175,23,2025-03-31,96,0.88,Smart TV,iOS,False
979,174,20,2024-10-10,59,0.65,Tablet,Android,False
980,917,9,2025-04-16,121,0.88,Mobile,Android,False
981,404,20,2024-09-04,41,0.45,Smart TV,Web,True
982,607,16,2024-12-19,79,0.81,Laptop,Android,False
983,7,10,2025-04-01,80,0.7,Laptop,Android,False
984,39,24,2025-03-17,53,0.51,Smart TV,Android,True
985,48,11,2025-04-02,67,0.53,Smart TV,Android,False
986,331,13,2025-04-12,110,0.79,Desktop,Android,False
987,924,18,2025-02-09,123,0.87,Smart TV,Web,False
988,683,17,2025-03-08,83,0.98,Smart TV,TV App,False
989,388,25,2025-03-07,78,0.58,Smart TV,iOS,False
990,464,13,2025-04-04,79,0.57,Mobile,iOS,False
991,437,16,2025-03-30,85,0.87,Smart TV,Web,False
992,717,24,2025-02-11,51,0.49,Tablet,iOS,False
993,884,13,2025-04-28,93,0.67,Desktop,TV App,False
994,156,1,2025-03-14,103,0.88,Mobile,Android,False
995,60,13,2025-04-29,107,0.77,Mobile,Web,False
996,58,21,2025-04-23,155,1.0,Mobile,TV App,False
997,720,5,2025-01-01,100,0.82,Smart TV,Web,False
998,14,1,2025-02-17,105,0.89,Mobile,Android,False
999,1151,20,2024-08-22,40,0.44,Smart TV,Web,False
1000,403,5,2024-11-04,122,1.0,Tablet,Web,False
1001,566,3,2025-04-02,110,0.76,Mobile,TV App,False
1002,1070,11,2025-02-09,104,0.82,Smart TV,TV App,False
1003,1088,13,2025-04-27,88,0.63,Laptop,iOS,False
1004,118,11,2025-02-08,80,0.63,Laptop,iOS,False
1005,244,21,2025-04-19,108,0.7,Laptop,Web,False
1006,553,9,2025-04-29,82,0.6,Desktop,Android,False
1007,741,9,2025-04-07,114,0.83,Desktop,TV App,True
1008,948,21,2025-03-29,122,0.79,Mobile,Web,False
1009,834,13,2025-03-30,105,0.75,Mobile,iOS,False
1010,601,18,2024-12-23,116,0.82,Mobile,iOS,False
1011,562,5,2025-03-22,93,0.77,Smart TV,Android,False
1012,653,19,2025-04-18,105,0.84,Laptop,Android,False
1013,199,11,2025-03-16,82,0.65,Mobile,Android,False
1014,454,17,2025-01-22,64,0.76,Smart TV,TV App,False
1015,195,12,2024-10-22,96,0.95,Laptop,Web,False
1016,25,4,2025-03-17,73,0.68,Desktop,TV App,False
1017,238,6,2025-03-12,38,0.41,Smart TV,Android,False
1018,883,4,2025-04-16,91,0.85,Mobile,iOS,False
1019,869,4,2025-04-20,98,0.91,Mobile,Android,False
1020,816,1,2025-04-22,118,1.0,Laptop,iOS,False
1021,76,4,2025-04-11,108,1.0,Mobile,Web,True
1022,300,19,2025-04-16,100,0.8,Smart TV,Web,False
1023,809,15,2025-03-01,95,0.8,Mobile,Android,False
1024,827,9,2025-04-12,120,0.87,Smart TV,TV App,False
1025,456,4,2025-03-07,93,0.87,Mobile,Web,False
1026,1125,18,2024-12-27,82,0.58,Smart TV,Android,True
1027,665,23,2025-02-09,86,0.79,Tablet,Android,False
1028,1105,1,2025-01-18,109,0.93,Laptop,iOS,False
1029,160,11,2025-02-22,90,0.71,Smart TV,iOS,False
1030,290,22,2024-12-08,63,0.53,Mobile,TV App,False
1031,832,21,2025-04-08,119,0.77,Mobile,iOS,False
1032,980,9,2025-04-05,111,0.81,Smart TV,Android,False
1033,18,3,2025-03-20,116,0.8,Mobile,iOS,False
1034,597,13,2025-04-30,100,0.72,Smart TV,iOS,False
1035,802,11,2025-02-04,113,0.89,Laptop,TV App,False
1036,650,1,2025-04-19,118,1.0,Tablet,Android,False
1037,1184,18,2025-04-24,73,0.52,Smart TV,Android,False
1038,986,11,2025-02-22,95,0.75,Laptop,Web,False
1039,74,20,2024-09-29,27,0.3,Laptop,iOS,False
1040,1077,21,2025-04-06,105,0.68,Smart TV,iOS,False
1041,458,1,2025-02-04,94,0.8,Smart TV,Android,False
1042,185,18,2025-04-20,105,0.74,Mobile,TV App,False
1043,412,23,2025-04-15,67,0.61,Laptop,Android,False
1044,816,19,2025-04-28,82,0.66,Smart TV,Android,False
1045,328,10,2025-02-18,90,0.79,Tablet,Android,False
1046,683,21,2025-04-24,128,0.83,Smart TV,Android,False
1047,1182,13,2025-03-30,96,0.69,Tablet,Android,False
1048,1099,1,2025-02-02,105,0.89,Tablet,Web,False
1049,759,1,2025-04-13,118,1.0,Mobile,Web,False
1050,80,18,2024-12-26,117,0.83,Smart TV,Web,False
1051,971,13,2025-03-28,138,0.99,Smart TV,Android,False
1052,583,16,2025-02-26,80,0.82,Mobile,Web,False
1053,154,7,2025-02-07,48,0.54,Tablet,TV App,False
1054,547,9,2025-04-19,99,0.72,Mobile,iOS,False
1055,233,5,2025-01-26,82,0.68,Laptop,TV App,False
1056,589,3,2025-04-15,107,0.74,Smart TV,Android,True
1057,782,15,2025-03-17,83,0.7,Laptop,Android,False
1058,420,10,2025-01-17,93,0.81,Smart TV,TV App,False
1059,204,6,2025-03-02,43,0.46,Mobile,iOS,False
1060,1164,25,2025-03-04,101,0.75,Mobile,Web,True
1061,1053,22,2025-01-04,76,0.64,Mobile,Web,False
1062,1149,17,2025-02-03,50,0.59,Mobile,Web,False
1063,452,5,2024-12-25,87,0.72,Laptop,iOS,False
1064,579,8,2025-02-06,49,0.56,Smart TV,Web,False
1065,1140,25,2025-03-08,81,0.6,Smart TV,iOS,False
1066,125,21,2025-04-09,124,0.8,Mobile,Web,False
1067,273,12,2025-04-27,44,0.44,Mobile,iOS,False
1068,1040,15,2025-03-30,119,1.0,Laptop,iOS,False
1069,116,11,2025-02-26,81,0.64,Mobile,Android,False
1070,240,22,2025-01-13,48,0.4,Mobile,Android,False
1071,264,21,2025-04-16,99,0.64,Laptop,Android,False
1072,768,19,2025-04-30,93,0.75,Mobile,Web,False
1073,733,1,2025-04-06,100,0.85,Smart TV,TV App,False
1074,1110,4,2025-03-12,82,0.76,Smart TV,iOS,False
1075,355,13,2025-03-23,96,0.69,Desktop,iOS,False
1076,494,10,2025-03-09,93,0.81,Mobile,TV App,False
1077,203,24,2025-04-07,72,0.69,Smart TV,TV App,False
1078,58,3,2025-01-30,100,0.69,Mobile,iOS,False
1079,1048,8,2025-01-28,50,0.57,Smart TV,Web,True
1080,1118,1,2025-01-16,93,0.79,Laptop,Android,False
1081,926,22,2024-12-03,60,0.5,Tablet,Web,False
1082,634,23,2025-03-08,80,0.73,Mobile,Web,False
1083,455,1,2025-01-22,103,0.88,Smart TV,iOS,False
1084,822,19,2025-04-20,115,0.92,Smart TV,iOS,False
1085,215,4,2025-04-11,87,0.81,Laptop,TV App,False
1086,326,11,2025-03-07,116,0.92,Mobile,Web,False
1087,1039,25,2025-04-06,99,0.74,Smart TV,Android,False
1088,117,13,2025-03-23,106,0.76,Tablet,Web,False
1089,500,18,2025-03-29,142,1.0,Mobile,iOS,False
1090,141,2,2025-04-09,27,0.21,Laptop,iOS,False
1091,1003,19,2025-04-21,123,0.99,Laptop,iOS,False
1092,241,11,2025-03-12,87,0.69,Mobile,TV App,False
1093,960,21,2025-04-23,93,0.6,Tablet,Web,False
1094,657,23,2025-04-20,61,0.56,Smart TV,iOS,True
1095,1154,1,2025-01-27,84,0.72,Smart TV,iOS,False
1096,671,24,2025-01-26,75,0.72,Smart TV,iOS,False
1097,1045,8,2025-01-29,61,0.7,Tablet,TV App,False
1098,550,7,2025-01-01,25,0.28,Mobile,Android,False
1099,520,1,2025-04-29,118,1.0,Smart TV,TV App,False
1100,1029,15,2025-03-16,107,0.9,Smart TV,Android,False
1101,1088,19,2025-04-25,53,0.43,Smart TV,Android,False
1102,46,21,2025-04-03,136,0.88,Laptop,Android,False
1103,421,9,2025-04-30,69,0.5,Smart TV,iOS,False
1104,50,15,2025-04-19,77,0.65,Laptop,iOS,False
1105,1110,25,2024-10-09,113,0.84,Tablet,Android,False
1106,287,12,2025-03-04,96,0.95,Laptop,iOS,False
1107,619,11,2025-03-13,111,0.88,Laptop,Web,False
1108,838,21,2025-04-28,141,0.91,Smart TV,Android,False
1109,615,21,2025-04-25,153,0.99,Smart TV,TV App,False
1110,642,3,2025-03-04,113,0.78,Mobile,Android,False
1111,557,8,2025-01-30,49,0.56,Smart TV,Web,True
1112,1037,4,2025-02-18,75,0.7,Smart TV,iOS,False
1113,1113,1,2025-04-05,82,0.7,Desktop,Web,False
1114,443,24,2025-01-18,73,0.7,Smart TV,iOS,False
1115,690,10,2025-02-21,92,0.8,Mobile,Android,True
1116,1107,1,2025-01-27,101,0.86,Smart TV,Web,False
1117,858,25,2025-01-08,90,0.67,Mobile,iOS,False
1118,529,1,2025-03-10,97,0.83,Tablet,Web,False
1119,723,4,2025-03-17,47,0.44,Tablet,Web,False
1120,573,20,2024-09-28,36,0.4,Mobile,Android,False
1121,306,14,2025-03-06,119,0.92,Mobile,Web,True
1122,736,22,2025-01-26,80,0.67,Laptop,Web,False
1123,1091,11,2025-02-04,104,0.82,Mobile,iOS,False
1124,484,1,2025-02-19,82,0.7,Smart TV,Web,False
1125,679,3,2025-03-14,85,0.59,Smart TV,TV App,False
1126,618,21,2025-04-30,136,0.88,Laptop,Web,False
1127,395,3,2025-01-17,117,0.81,Mobile,iOS,False
1128,1156,9,2025-04-16,86,0.63,Tablet,Android,False
1129,686,2,2025-02-15,100,0.76,Smart TV,Web,False
1130,285,13,2025-03-26,103,0.74,Smart TV,TV App,False
1131,458,18,2025-01-07,85,0.6,Mobile,iOS,False
1132,932,18,2024-11-01,112,0.79,Smart TV,Android,False
1133,708,11,2025-02-08,91,0.72,Mobile,Web,False
1134,227,4,2025-02-19,93,0.87,Tablet,Android,False
1135,647,19,2025-04-28,78,0.63,Tablet,TV App,False
1136,798,2,2024-12-26,83,0.63,Mobile,Web,True
1137,899,17,2025-03-19,41,0.49,Mobile,Web,True
1138,1119,24,2025-04-11,84,0.8,Mobile,Web,False
1139,345,13,2025-03-19,102,0.73,Smart TV,Web,False
1140,751,19,2025-04-19,120,0.96,Laptop,Android,False
1141,818,12,2025-01-19,72,0.71,Smart TV,Web,False
1142,158,11,2025-03-26,124,0.98,Mobile,Web,False
1143,824,4,2025-03-12,91,0.85,Laptop,iOS,True
1144,1050,3,2025-02-22,113,0.78,Mobile,TV App,False
1145,1089,12,2025-04-08,81,0.8,Mobile,iOS,False
1146,1072,3,2025-04-28,97,0.67,Desktop,Android,True
1147,707,19,2025-04-17,71,0.57,Smart TV,Web,False
1148,707,12,2025-04-16,60,0.59,Mobile,iOS,False
1149,53,1,2025-02-28,99,0.84,Laptop,iOS,False
1150,544,5,2025-03-25,75,0.62,Smart TV,iOS,False
1151,615,2,2024-09-21,69,0.53,Tablet,TV App,False
1152,758,24,2025-01-14,88,0.84,Desktop,TV App,True
1153,772,21,2025-04-25,88,0.57,Laptop,Web,False
1154,428,23,2025-02-16,108,0.99,Smart TV,Web,False
1155,596,13,2025-04-01,89,0.64,Mobile,TV App,False
1156,1021,9,2025-04-15,106,0.77,Mobile,Android,True
1157,148,19,2025-04-23,88,0.71,Mobile,Web,True
1158,305,10,2024-08-27,90,0.79,Desktop,Android,False
1159,1122,11,2025-03-15,110,0.87,Laptop,Android,False
1160,142,7,2025-01-12,30,0.34,Smart TV,Web,False
1161,1148,9,2025-04-20,132,0.96,Laptop,iOS,False
1162,126,18,2024-12-28,75,0.53,Laptop,iOS,True
1163,219,16,2025-04-30,94,0.96,Laptop,iOS,False
1164,54,22,2024-12-01,79,0.66,Desktop,iOS,False
1165,877,13,2025-04-17,82,0.59,Desktop,Web,False
1166,1167,6,2025-03-04,39,0.42,Mobile,iOS,True
1167,986,21,2025-03-28,119,0.77,Smart TV,Web,True
1168,688,23,2025-02-26,105,0.96,Mobile,TV App,False
1169,999,25,2025-02-11,118,0.88,Laptop,iOS,False
1170,397,1,2025-03-09,97,0.83,Desktop,TV App,False
1171,411,12,2025-04-25,63,0.62,Smart TV,iOS,True
1172,1006,21,2025-03-26,119,0.77,Desktop,iOS,False
1173,370,13,2025-04-01,112,0.8,Tablet,Web,False
1174,113,11,2025-02-02,96,0.76,Laptop,Web,False
1175,1111,11,2025-02-01,76,0.6,Smart TV,Web,False
1176,326,6,2025-03-31,91,0.96,Laptop,Web,False
1177,598,1,2025-01-27,118,1.0,Smart TV,TV App,False
1178,56,6,2025-04-05,53,0.56,Mobile,iOS,False
1179,837,13,2025-04-11,77,0.55,Smart TV,TV App,False
1180,465,4,2025-02-14,45,0.42,Mobile,iOS,False
1181,698,22,2025-02-28,36,0.3,Mobile,Web,False
1182,628,1,2025-03-16,113,0.96,Smart TV,iOS,False
1183,649,9,2025-04-20,107,0.78,Smart TV,Web,False
1184,473,3,2025-04-19,111,0.77,Mobile,TV App,False
1185,575,23,2025-02-27,79,0.72,Smart TV,iOS,False
1186,420,9,2025-04-24,78,0.57,Mobile,iOS,False
1187,555,25,2024-10-07,76,0.57,Mobile,Web,False
1188,111,13,2025-04-16,137,0.98,Mobile,Android,False
1189,172,1,2025-04-29,100,0.85,Laptop,Android,False
1190,858,15,2025-03-09,49,0.42,Desktop,iOS,False
1191,765,12,2024-10-17,56,0.55,Mobile,iOS,False
1192,979,14,2024-12-10,72,0.56,Mobile,Android,False
1193,705,13,2025-03-28,50,0.36,Desktop,TV App,False
1194,622,24,2025-03-02,77,0.74,Desktop,Web,False
1195,1019,4,2025-03-26,61,0.57,Mobile,TV App,True
1196,580,15,2025-03-09,99,0.84,Smart TV,Web,True
1197,1155,22,2025-02-21,109,0.91,Smart TV,Android,False
1198,1156,11,2025-04-24,62,0.49,Mobile,Web,True
1199,341,13,2025-04-23,75,0.54,Smart TV,Android,False
1200,540,3,2025-01-04,78,0.54,Laptop,Web,False
1201,831,19,2025-04-27,106,0.85,Mobile,Web,False
1202,591,11,2025-04-15,49,0.39,Laptop,iOS,False
1203,39,15,2025-03-24,98,0.83,Smart TV,Web,False
1204,142,14,2024-11-09,97,0.75,Tablet,iOS,False
1205,1068,10,2025-03-11,77,0.67,Mobile,iOS,False
1206,29,2,2024-08-30,117,0.89,Smart TV,iOS,False
1207,1119,2,2025-04-14,125,0.95,Desktop,Web,False
1208,1025,1,2025-04-19,116,0.99,Tablet,Web,False
1209,191,11,2025-03-26,106,0.84,Laptop,Web,False
1210,114,4,2025-04-10,74,0.69,Smart TV,Android,False
1211,824,18,2025-02-16,106,0.75,Smart TV,TV App,False
1212,109,22,2025-03-27,114,0.95,Tablet,Android,False
1213,871,7,2024-12-25,22,0.25,Smart TV,iOS,False
1214,1026,8,2025-03-16,40,0.46,Mobile,Web,False
1215,553,1,2025-01-23,118,1.0,Laptop,Android,False
1216,892,6,2025-03-03,64,0.68,Mobile,TV App,True
1217,437,7,2025-02-05,46,0.52,Laptop,iOS,False
1218,248,1,2025-03-18,114,0.97,Mobile,iOS,True
1219,904,4,2025-04-30,84,0.78,Smart TV,TV App,False
1220,1117,4,2025-04-04,85,0.79,Smart TV,TV App,False
1221,420,5,2025-03-18,64,0.53,Mobile,Android,False
1222,14,6,2025-03-19,52,0.55,Laptop,TV App,False
1223,1091,25,2024-10-06,135,1.0,Tablet,TV App,True
1224,468,1,2025-03-01,95,0.81,Tablet,Android,True
1225,225,12,2025-02-07,78,0.77,Smart TV,iOS,False
1226,46,11,2025-02-18,95,0.75,Laptop,Web,False
1227,747,10,2025-01-26,74,0.65,Laptop,TV App,False
1228,436,16,2025-01-06,62,0.64,Mobile,iOS,False
1229,782,22,2025-01-25,67,0.56,Mobile,iOS,False
1230,737,14,2025-03-15,79,0.61,Mobile,iOS,False
1231,270,19,2025-04-21,98,0.79,Smart TV,iOS,False
1232,583,19,2025-04-18,68,0.55,Laptop,Web,False
1233,1030,15,2025-03-16,102,0.86,Tablet,Web,False
1234,358,10,2024-08-12,62,0.54,Laptop,iOS,True
1235,494,9,2025-04-27,103,0.75,Smart TV,Web,False
1236,870,23,2025-04-09,88,0.8,Mobile,Web,True
1237,537,22,2025-03-20,97,0.81,Mobile,Web,False
1238,565,24,2024-12-21,84,0.8,Smart TV,iOS,False
1239,1054,19,2025-04-18,81,0.65,Smart TV,iOS,False
1240,855,3,2025-03-28,121,0.84,Tablet,Web,False
1241,706,4,2025-04-12,84,0.78,Desktop,Web,False
1242,675,5,2025-02-15,93,0.77,Laptop,Web,False
1243,297,2,2025-04-09,83,0.63,Smart TV,iOS,False
1244,90,14,2024-12-16,74,0.57,Mobile,iOS,False
1245,355,4,2025-03-31,54,0.5,Tablet,iOS,False
1246,987,21,2025-04-08,103,0.67,Tablet,Android,False
1247,1179,16,2025-02-01,75,0.77,Smart TV,Web,False
1248,348,19,2025-04-21,85,0.68,Laptop,Android,False
1249,582,25,2025-02-15,72,0.54,Laptop,Web,False
1250,1005,1,2025-04-17,97,0.83,Smart TV,Android,False
1251,696,15,2025-03-01,89,0.75,Mobile,iOS,False
1252,457,9,2025-04-23,138,1.0,Tablet,Web,False
1253,877,18,2024-10-22,119,0.84,Mobile,Web,False
1254,692,17,2025-04-16,50,0.59,Laptop,iOS,False
1255,259,9,2025-04-10,71,0.52,Smart TV,Web,False
1256,45,21,2025-04-19,110,0.71,Laptop,iOS,False
1257,830,22,2024-12-02,86,0.72,Laptop,Web,True
1258,1163,1,2025-03-07,97,0.83,Smart TV,iOS,True
1259,278,17,2025-03-15,62,0.73,Mobile,Web,False
1260,676,3,2025-02-15,134,0.93,Smart TV,Web,False
1261,923,14,2024-11-20,104,0.8,Smart TV,Android,True
1262,1183,15,2025-03-31,98,0.83,Smart TV,Web,False
1263,1172,12,2025-03-10,71,0.7,Mobile,iOS,False
1264,744,11,2025-04-02,127,1.0,Smart TV,Web,False
1265,632,21,2025-04-30,110,0.71,Laptop,Android,False
1266,975,13,2025-04-02,93,0.67,Mobile,Web,False
1267,957,19,2025-04-22,81,0.65,Mobile,Android,False
1268,997,22,2025-03-11,87,0.73,Mobile,Android,False
1269,804,4,2025-03-25,73,0.68,Tablet,iOS,False
1270,475,19,2025-04-29,96,0.77,Laptop,Android,False
1271,855,8,2025-03-12,45,0.52,Mobile,Android,True
1272,287,19,2025-04-20,117,0.94,Laptop,TV App,False
1273,1121,1,2025-02-02,107,0.91,Smart TV,iOS,False
1274,446,6,2025-04-02,24,0.26,Smart TV,Web,False
1275,245,24,2025-03-16,53,0.51,Laptop,Web,True
1276,32,24,2025-01-11,63,0.6,Mobile,iOS,False
1277,41,11,2025-02-24,64,0.51,Mobile,TV App,False
1278,260,13,2025-04-20,84,0.6,Smart TV,iOS,False
1279,916,18,2024-10-21,109,0.77,Mobile,Android,False
1280,49,7,2025-01-20,34,0.38,Smart TV,Web,True
1281,880,18,2024-11-20,95,0.67,Mobile,iOS,False
1282,1101,23,2025-04-02,92,0.84,Tablet,Web,False
1283,31,7,2025-02-02,62,0.7,Mobile,Web,False
1284,659,1,2025-03-14,107,0.91,Tablet,TV App,False
1285,546,9,2025-04-17,92,0.67,Smart TV,TV App,False
1286,1130,20,2024-09-14,68,0.74,Smart TV,Web,False
1287,267,17,2025-04-26,55,0.65,Mobile,Android,False
1288,576,22,2024-12-17,86,0.72,Smart TV,TV App,False
1289,339,16,2025-01-23,75,0.77,Laptop,iOS,False
1290,95,13,2025-03-31,85,0.61,Smart TV,TV App,False
1291,42,1,2025-03-10,93,0.79,Tablet,TV App,False
1292,852,25,2025-03-05,99,0.74,Smart TV,iOS,False
1293,301,24,2025-04-14,92,0.88,Laptop,Android,False
1294,441,15,2025-04-25,66,0.56,Smart TV,iOS,False
1295,538,13,2025-04-26,74,0.53,Mobile,iOS,False
1296,724,3,2024-12-31,110,0.76,Laptop,iOS,False
1297,53,13,2025-04-21,126,0.9,Mobile,Web,False
1298,878,22,2025-04-30,120,1.0,Laptop,Web,False
1299,649,1,2025-04-16,105,0.89,Laptop,iOS,False
1300,608,25,2025-03-13,44,0.33,Laptop,Web,False
1301,1010,9,2025-04-19,138,1.0,Tablet,Web,False
1302,1184,13,2025-04-03,105,0.75,Smart TV,Web,False
1303,143,8,2025-02-26,52,0.6,Smart TV,Web,False
1304,650,25,2024-07-07,95,0.71,Smart TV,Web,False
1305,267,10,2025-03-10,67,0.59,Laptop,TV App,False
1306,1047,3,2024-12-05,143,0.99,Mobile,iOS,False
1307,1119,1,2025-01-18,100,0.85,Smart TV,Android,False
1308,122,9,2025-04-13,96,0.7,Tablet,Web,False
1309,282,9,2025-04-13,51,0.37,Mobile,Android,True
1310,656,5,2025-02-01,102,0.84,Tablet,Web,False
1311,1075,1,2025-02-18,99,0.84,Smart TV,TV App,False
1312,242,13,2025-03-27,117,0.84,Smart TV,TV App,False
1313,1107,13,2025-04-10,114,0.82,Tablet,Web,False
1314,751,20,2024-09-14,42,0.46,Smart TV,TV App,False
1315,154,23,2025-03-13,85,0.78,Smart TV,TV App,True
1316,936,23,2025-03-15,81,0.74,Mobile,iOS,False
1317,369,10,2025-01-13,54,0.47,Mobile,Android,False
1318,167,6,2025-04-13,37,0.39,Tablet,Web,False
1319,579,25,2025-01-10,120,0.89,Tablet,iOS,False
1320,414,18,2024-12-24,92,0.65,Mobile,Web,False
1321,377,11,2025-02-15,83,0.66,Smart TV,Web,True
1322,611,19,2025-04-17,91,0.73,Mobile,Android,False
1323,1120,18,2025-02-15,90,0.64,Smart TV,Web,False
1324,1164,1,2025-01-18,99,0.84,Smart TV,TV App,False
1325,47,11,2025-04-06,85,0.67,Smart TV,Web,False
1326,885,19,2025-04-12,101,0.81,Smart TV,Android,False
1327,624,2,2024-11-01,112,0.85,Smart TV,Web,True
1328,577,15,2025-04-05,109,0.92,Mobile,TV App,False
1329,822,1,2025-03-18,103,0.88,Mobile,iOS,False
1330,643,2,2025-01-17,83,0.63,Smart TV,iOS,True
1331,636,19,2025-04-14,82,0.66,Laptop,Web,False
1332,421,10,2024-08-12,94,0.82,Smart TV,iOS,False
1333,811,9,2025-04-12,107,0.78,Smart TV,Web,False
1334,1127,9,2025-04-23,57,0.42,Laptop,Android,False
1335,235,1,2025-03-07,89,0.76,Mobile,Android,False
1336,540,19,2025-04-29,102,0.82,Mobile,Web,False
1337,391,15,2025-04-26,94,0.79,Mobile,iOS,False
1338,511,22,2025-01-01,79,0.66,Laptop,iOS,False
1339,1108,13,2025-03-23,98,0.7,Mobile,Android,False
1340,904,3,2025-03-30,140,0.97,Smart TV,iOS,False
1341,1067,19,2025-04-22,95,0.76,Smart TV,TV App,True
1342,1053,1,2025-03-23,86,0.73,Tablet,iOS,True
1343,147,11,2025-04-09,102,0.81,Mobile,iOS,False
1344,337,25,2024-07-22,67,0.5,Tablet,iOS,False
1345,1192,5,2025-04-04,86,0.71,Laptop,TV App,False
1346,869,1,2025-04-14,95,0.81,Laptop,Web,True
1347,848,17,2025-03-04,65,0.77,Smart TV,Android,False
1348,1009,18,2025-02-04,142,1.0,Smart TV,Android,False
1349,1081,24,2025-03-04,76,0.73,Tablet,Android,False
1350,456,19,2025-04-24,85,0.68,Mobile,Web,True
1351,510,23,2025-03-10,86,0.79,Smart TV,TV App,False
1352,935,7,2025-01-10,36,0.4,Mobile,Android,False
1353,1051,20,2024-10-18,65,0.71,Tablet,Android,False
1354,1068,19,2025-04-12,88,0.71,Smart TV,iOS,False
1355,1061,5,2025-01-12,64,0.53,Smart TV,Web,False
1356,645,9,2025-04-10,135,0.98,Laptop,Web,False
1357,438,1,2025-02-25,106,0.9,Mobile,Web,False
1358,197,14,2024-10-24,96,0.74,Smart TV,Web,False
1359,37,4,2025-02-26,70,0.65,Mobile,iOS,False
1360,712,14,2025-01-19,109,0.84,Smart TV,iOS,False
1361,521,19,2025-04-13,65,0.52,Laptop,iOS,False
1362,619,25,2024-10-29,112,0.83,Mobile,Android,False
1363,343,12,2024-11-22,65,0.64,Smart TV,iOS,False
1364,197,15,2025-03-26,98,0.83,Laptop,iOS,False
1365,866,21,2025-04-02,150,0.97,Desktop,Web,False
1366,31,16,2025-04-26,58,0.6,Mobile,Web,False
1367,268,1,2025-01-15,103,0.88,Mobile,TV App,False
1368,754,15,2025-04-01,97,0.82,Laptop,Android,False
1369,574,3,2025-01-12,118,0.82,Smart TV,TV App,False
1370,181,4,2025-02-27,68,0.63,Desktop,Android,False
1371,782,25,2024-10-12,128,0.95,Laptop,iOS,False
1372,196,14,2024-09-01,114,0.88,Laptop,Android,False
1373,241,21,2025-04-30,88,0.57,Laptop,TV App,True
1374,393,14,2024-07-21,80,0.62,Smart TV,Web,False
1375,347,2,2025-04-30,84,0.64,Mobile,iOS,False
1376,470,18,2024-10-18,99,0.7,Mobile,Android,False
1377,1153,5,2024-11-05,118,0.97,Desktop,Android,False
1378,443,14,2025-04-24,100,0.77,Mobile,Web,False
1379,639,12,2025-04-17,57,0.56,Tablet,Web,False
1380,873,25,2025-03-09,94,0.7,Mobile,Web,False
1381,268,4,2025-02-19,95,0.88,Mobile,Android,False
1382,1082,1,2025-03-28,102,0.87,Laptop,Web,False
1383,862,6,2025-04-27,44,0.47,Mobile,Web,False
1384,457,16,2025-04-15,62,0.64,Smart TV,Android,False
1385,271,11,2025-03-18,95,0.75,Mobile,Android,False
1386,1195,13,2025-04-07,114,0.82,Smart TV,iOS,True
1387,107,1,2025-01-16,81,0.69,Mobile,Android,False
1388,125,13,2025-04-30,57,0.41,Smart TV,Android,False
1389,409,8,2025-03-01,47,0.54,Laptop,Android,True
1390,911,19,2025-04-15,117,0.94,Smart TV,Web,False
1391,1174,11,2025-02-02,102,0.81,Smart TV,TV App,False
1392,432,13,2025-04-07,119,0.85,Mobile,iOS,True
1393,714,13,2025-03-29,140,1.0,Laptop,Android,False
1394,892,10,2025-02-11,105,0.92,Mobile,Web,False
1395,1168,3,2024-12-13,116,0.8,Desktop,Android,True
1396,616,9,2025-04-19,70,0.51,Mobile,Web,True
1397,466,18,2024-12-27,106,0.75,Mobile,Android,False
1398,641,19,2025-04-29,86,0.69,Laptop,Android,False
1399,988,8,2025-03-10,51,0.58,Mobile,Android,False
1400,746,4,2025-04-10,91,0.85,Smart TV,Android,False
1401,40,11,2025-04-19,99,0.78,Smart TV,Web,False
1402,714,11,2025-02-03,72,0.57,Smart TV,TV App,False
1403,681,18,2024-12-12,117,0.83,Smart TV,iOS,False
1404,437,14,2024-11-21,78,0.6,Mobile,iOS,False
1405,937,25,2025-03-13,102,0.76,Smart TV,Web,False
1406,795,1,2025-01-21,105,0.89,Mobile,Android,False
1407,253,24,2025-01-14,63,0.6,Smart TV,Android,False
1408,353,1,2025-03-05,108,0.92,Tablet,TV App,False
1409,1142,21,2025-04-12,79,0.51,Desktop,iOS,False
1410,1061,13,2025-04-10,112,0.8,Mobile,iOS,True
1411,588,22,2025-01-26,98,0.82,Mobile,Android,False
1412,507,23,2025-04-02,82,0.75,Smart TV,Web,False
1413,542,12,2025-02-10,67,0.66,Mobile,iOS,False
1414,515,8,2025-02-17,37,0.43,Laptop,Android,True
1415,245,8,2025-03-20,56,0.64,Smart TV,Android,False
1416,663,21,2025-04-12,144,0.93,Laptop,Android,False
1417,59,25,2024-10-28,101,0.75,Smart TV,TV App,False
1418,567,11,2025-02-14,85,0.67,Mobile,Web,False
1419,900,5,2024-09-08,122,1.0,Smart TV,Web,False
1420,930,11,2025-02-21,64,0.51,Mobile,TV App,True
1421,456,13,2025-04-05,99,0.71,Laptop,Android,True
1422,1192,15,2025-03-14,113,0.95,Mobile,Web,False
1423,547,22,2025-04-20,81,0.68,Smart TV,iOS,False
1424,1043,16,2025-01-24,75,0.77,Smart TV,Web,False
1425,565,18,2025-01-01,133,0.94,Smart TV,Android,False
1426,812,1,2025-01-16,118,1.0,Laptop,Web,True
1427,398,4,2025-02-14,86,0.8,Smart TV,Web,False
1428,703,1,2025-01-26,101,0.86,Laptop,TV App,False
1429,889,25,2024-11-23,129,0.96,Smart TV,Web,False
1430,138,3,2024-12-22,124,0.86,Smart TV,iOS,False
1431,603,12,2025-04-18,98,0.97,Mobile,Web,False
1432,523,17,2025-03-05,78,0.92,Laptop,Web,False
1433,327,10,2024-11-17,115,1.0,Mobile,iOS,False
1434,176,3,2025-01-11,94,0.65,Mobile,TV App,False
1435,720,1,2025-03-22,109,0.93,Laptop,iOS,False
1436,1077,25,2024-10-21,103,0.77,Smart TV,Android,True
1437,680,14,2025-03-09,110,0.85,Smart TV,Android,False
1438,182,9,2025-04-07,121,0.88,Laptop,iOS,False
1439,198,20,2024-08-27,40,0.44,Laptop,TV App,False
1440,334,13,2025-04-07,127,0.91,Mobile,iOS,False
1441,501,18,2025-02-16,136,0.96,Laptop,iOS,False
1442,362,13,2025-03-25,91,0.65,Desktop,iOS,False
1443,610,2,2025-04-10,102,0.78,Laptop,iOS,False
1444,871,2,2025-04-27,97,0.74,Mobile,iOS,False
1445,278,3,2024-12-28,111,0.77,Smart TV,iOS,False
1446,581,19,2025-04-29,86,0.69,Smart TV,TV App,False
1447,928,10,2024-09-26,88,0.77,Mobile,TV App,False
1448,158,25,2025-03-15,105,0.78,Laptop,Android,False
1449,767,19,2025-04-18,75,0.6,Mobile,Web,True
1450,324,16,2024-12-05,76,0.78,Smart TV,iOS,False
1451,179,6,2025-04-04,51,0.54,Smart TV,iOS,False
1452,554,11,2025-03-24,57,0.45,Mobile,Web,False
1453,559,19,2025-04-23,111,0.89,Smart TV,iOS,False
1454,673,23,2025-04-27,104,0.95,Smart TV,iOS,False
1455,297,18,2025-04-04,109,0.77,Smart TV,TV App,False
1456,580,14,2024-10-22,88,0.68,Smart TV,Web,False
1457,353,12,2025-02-27,81,0.8,Smart TV,Android,True
1458,721,6,2025-04-27,67,0.71,Laptop,Web,False
1459,579,10,2025-01-24,111,0.97,Desktop,Web,False
1460,39,23,2025-02-08,72,0.66,Smart TV,iOS,False
1461,627,11,2025-04-06,110,0.87,Mobile,Android,False
1462,39,10,2024-07-29,60,0.53,Tablet,Web,False
1463,975,2,2025-04-11,116,0.88,Smart TV,iOS,False
1464,764,4,2025-04-11,74,0.69,Mobile,iOS,False
1465,795,2,2024-10-28,100,0.76,Laptop,Android,False
1466,681,11,2025-04-04,96,0.76,Mobile,Android,False
1467,946,13,2025-04-21,140,1.0,Mobile,Web,False
1468,912,9,2025-04-11,86,0.63,Mobile,Android,False
1469,1173,4,2025-04-09,99,0.92,Mobile,TV App,False
1470,864,17,2025-02-20,73,0.87,Smart TV,iOS,True
1471,780,15,2025-04-21,91,0.77,Smart TV,Web,False
1472,1049,11,2025-02-26,127,1.0,Tablet,TV App,False
1473,699,12,2024-12-17,80,0.79,Smart TV,Android,True
1474,658,8,2025-02-25,51,0.59,Tablet,TV App,False
1475,378,19,2025-04-21,92,0.74,Laptop,iOS,False
1476,451,14,2024-11-16,96,0.74,Smart TV,Android,False
1477,402,21,2025-04-10,108,0.7,Mobile,iOS,False
1478,941,12,2025-02-15,79,0.78,Smart TV,Android,False
1479,927,13,2025-03-26,88,0.63,Smart TV,Web,False
1480,209,3,2025-01-03,117,0.81,Smart TV,iOS,False
1481,475,4,2025-03-11,73,0.68,Laptop,iOS,False
1482,274,21,2025-04-26,127,0.82,Smart TV,Android,False
1483,208,1,2025-02-11,108,0.92,Smart TV,Android,False
1484,772,4,2025-03-15,66,0.62,Mobile,iOS,False
1485,285,22,2024-11-10,86,0.72,Tablet,Web,False
1486,466,15,2025-03-29,86,0.73,Mobile,Android,False
1487,115,1,2025-03-25,107,0.91,Smart TV,TV App,False
1488,1015,23,2025-04-11,66,0.6,Mobile,TV App,False
1489,1164,25,2025-03-06,135,1.0,Tablet,Web,False
1490,36,23,2025-04-24,95,0.87,Mobile,Web,False
1491,884,1,2025-03-02,107,0.91,Smart TV,Web,False
1492,973,7,2025-01-30,53,0.59,Smart TV,iOS,False
1493,744,10,2024-08-29,100,0.87,Smart TV,Web,False
1494,536,13,2025-03-24,75,0.54,Mobile,Android,False
1495,767,18,2025-03-05,126,0.89,Laptop,Web,False
1496,371,10,2025-01-03,88,0.77,Smart TV,iOS,False
1497,495,19,2025-04-18,71,0.57,Mobile,TV App,False
1498,680,14,2025-01-14,130,1.0,Desktop,Web,False
1499,790,4,2025-04-26,69,0.64,Mobile,Android,False
1500,306,11,2025-04-17,125,0.99,Smart TV,Android,False
1501,135,4,2025-04-08,83,0.77,Smart TV,Web,False
1502,429,10,2024-10-25,85,0.74,Mobile,Web,False
1503,889,13,2025-04-13,96,0.69,Laptop,Web,False
1504,1189,22,2024-12-05,88,0.74,Smart TV,iOS,False
1505,356,13,2025-04-13,123,0.88,Smart TV,iOS,False
1506,1153,1,2025-04-05,92,0.78,Smart TV,iOS,False
1507,60,19,2025-04-15,95,0.76,Mobile,iOS,False
1508,881,13,2025-03-28,67,0.48,Smart TV,Android,False
1509,635,16,2025-01-08,67,0.69,Smart TV,iOS,True
1510,574,6,2025-03-24,35,0.37,Smart TV,TV App,False
1511,66,3,2025-01-29,137,0.95,Smart TV,Android,False
1512,415,25,2024-11-12,71,0.53,Desktop,Android,False
1513,636,9,2025-04-24,126,0.92,Laptop,Android,False
1514,919,16,2024-12-11,78,0.8,Mobile,Android,False
1515,355,16,2024-11-09,82,0.84,Smart TV,Web,False
1516,961,14,2025-04-26,130,1.0,Smart TV,Web,True
1517,662,22,2025-02-16,67,0.56,Mobile,Android,False
1518,1199,2,2025-03-15,87,0.66,Tablet,Web,False
1519,98,7,2025-01-31,23,0.26,Mobile,TV App,False
1520,802,6,2025-04-24,35,0.37,Mobile,Web,False
1521,6,9,2025-04-15,99,0.72,Tablet,TV App,False
1522,953,7,2025-01-19,71,0.79,Mobile,Web,False
1523,29,11,2025-02-28,107,0.85,Laptop,iOS,True
1524,426,11,2025-04-01,104,0.82,Laptop,Web,False
1525,842,18,2024-11-12,93,0.66,Laptop,Android,True
1526,121,25,2024-09-04,70,0.52,Mobile,Web,True
1527,910,11,2025-02-15,90,0.71,Smart TV,Android,True
1528,201,9,2025-04-06,66,0.48,Mobile,iOS,False
1529,333,20,2024-08-28,35,0.39,Mobile,TV App,False
1530,84,11,2025-02-12,91,0.72,Mobile,Web,False
1531,571,19,2025-04-15,81,0.65,Tablet,TV App,False
1532,986,18,2025-01-26,117,0.83,Smart TV,Web,False
1533,214,23,2025-03-31,110,1.0,Laptop,iOS,False
1534,985,4,2025-03-29,96,0.89,Smart TV,Android,False
1535,755,21,2025-04-29,100,0.65,Mobile,Android,True
1536,1040,19,2025-04-16,56,0.45,Tablet,Web,False
1537,97,13,2025-04-26,114,0.82,Smart TV,iOS,False
1538,539,6,2025-04-12,16,0.17,Smart TV,iOS,False
1539,418,22,2025-02-27,63,0.53,Tablet,TV App,False
1540,360,13,2025-04-14,78,0.56,Laptop,iOS,False
1541,494,4,2025-03-24,48,0.45,Tablet,iOS,False
1542,201,21,2025-03-27,88,0.57,Desktop,iOS,False
1543,822,5,2024-11-05,98,0.81,Tablet,Android,False
1544,121,6,2025-03-31,51,0.54,Laptop,iOS,True
1545,16,25,2025-02-27,85,0.63,Mobile,TV App,False
1546,192,10,2025-04-12,115,1.0,Smart TV,iOS,False
1547,648,5,2024-11-27,56,0.46,Desktop,Android,False
1548,419,21,2025-04-02,94,0.61,Mobile,iOS,False
1549,1128,4,2025-04-22,101,0.94,Mobile,iOS,False
1550,584,10,2025-04-28,65,0.57,Mobile,Web,False
1551,211,5,2024-12-09,95,0.78,Mobile,Web,False
1552,891,14,2025-03-02,98,0.76,Tablet,iOS,False
1553,924,19,2025-04-30,100,0.8,Mobile,TV App,False
1554,503,2,2024-11-16,109,0.83,Smart TV,TV App,False
1555,593,8,2025-02-22,29,0.34,Mobile,TV App,False
1556,118,1,2025-03-09,99,0.84,Laptop,iOS,False
1557,426,11,2025-03-18,82,0.65,Smart TV,Web,True
1558,1116,9,2025-04-21,95,0.69,Laptop,Web,True
1559,109,3,2025-01-06,111,0.77,Mobile,TV App,True
1560,1119,1,2025-03-06,73,0.62,Laptop,iOS,False
1561,608,22,2024-11-16,120,1.0,Mobile,iOS,False
1562,526,15,2025-04-21,83,0.7,Laptop,Android,True
1563,465,22,2025-04-17,69,0.58,Mobile,Android,True
1564,257,20,2024-08-27,39,0.43,Mobile,iOS,False
1565,529,4,2025-04-29,47,0.44,Mobile,Android,False
1566,42,23,2025-04-16,88,0.8,Mobile,Web,True
1567,474,3,2025-02-09,98,0.68,Mobile,Web,False
1568,233,1,2025-02-17,106,0.9,Smart TV,iOS,False
1569,1167,25,2025-04-14,94,0.7,Smart TV,Android,False
1570,650,10,2024-07-31,59,0.52,Tablet,Web,False
1571,201,20,2024-09-18,40,0.44,Mobile,iOS,False
1572,111,21,2025-04-11,148,0.96,Mobile,TV App,False
1573,761,16,2025-04-14,57,0.59,Smart TV,TV App,False
1574,1108,15,2025-04-02,98,0.83,Mobile,Web,False
1575,1079,4,2025-03-13,89,0.83,Smart TV,Android,False
1576,27,1,2025-04-23,95,0.81,Smart TV,Web,True
1577,892,19,2025-04-23,101,0.81,Mobile,iOS,False
1578,583,22,2024-12-04,81,0.68,Laptop,TV App,False
1579,494,5,2024-12-07,93,0.77,Laptop,Android,True
1580,893,4,2025-03-25,96,0.89,Tablet,Android,False
1581,354,17,2025-01-25,73,0.87,Desktop,iOS,False
1582,633,21,2025-04-19,86,0.56,Smart TV,iOS,False
1583,1020,24,2025-03-17,84,0.8,Desktop,Android,False
1584,1047,1,2025-04-29,103,0.88,Laptop,iOS,False
1585,19,18,2024-10-28,97,0.69,Mobile,iOS,False
1586,695,8,2025-02-21,44,0.51,Desktop,Android,False
1587,131,3,2024-12-18,114,0.79,Laptop,Web,False
1588,405,20,2024-10-18,67,0.73,Smart TV,Web,True
1589,580,11,2025-03-15,104,0.82,Smart TV,Web,False
1590,162,5,2025-01-16,76,0.63,Smart TV,Android,False
1591,1100,22,2025-03-12,92,0.77,Smart TV,iOS,False
1592,60,13,2025-04-25,123,0.88,Laptop,iOS,False
1593,666,6,2025-03-17,81,0.86,Mobile,Web,False
1594,1167,22,2025-01-27,69,0.58,Mobile,TV App,False
1595,1145,4,2025-04-28,92,0.86,Mobile,iOS,False
1596,467,6,2025-04-02,79,0.84,Mobile,iOS,False
1597,264,1,2025-02-03,118,1.0,Mobile,iOS,False
1598,466,23,2025-04-22,53,0.49,Laptop,Android,True
1599,494,21,2025-03-30,94,0.61,Laptop,iOS,False
1600,1146,25,2024-11-06,93,0.69,Smart TV,Web,False
1601,612,12,2024-11-30,78,0.77,Laptop,Web,False
1602,1007,19,2025-04-23,95,0.76,Smart TV,TV App,False
1603,393,5,2025-02-23,80,0.66,Mobile,Android,False
1604,810,11,2025-04-30,76,0.6,Desktop,Web,True
1605,470,15,2025-03-25,69,0.58,Smart TV,Android,False
1606,108,20,2024-10-06,21,0.23,Mobile,TV App,False
1607,1138,10,2024-10-25,71,0.62,Tablet,Android,False
1608,249,25,2025-02-24,110,0.82,Tablet,Android,False
1609,38,18,2024-12-31,124,0.88,Tablet,TV App,False
1610,1130,23,2025-02-20,83,0.76,Laptop,Web,False
1611,321,9,2025-04-21,114,0.83,Mobile,TV App,False
1612,1118,18,2024-10-23,120,0.85,Mobile,Web,False
1613,1195,4,2025-03-19,61,0.57,Smart TV,TV App,True
1614,1013,21,2025-04-07,155,1.0,Smart TV,Android,False
1615,447,2,2024-09-30,106,0.81,Smart TV,iOS,False
1616,267,11,2025-04-13,85,0.67,Smart TV,Android,False
1617,1061,3,2025-02-22,116,0.8,Tablet,iOS,True
1618,119,23,2025-03-25,99,0.9,Laptop,TV App,False
1619,123,1,2025-01-31,107,0.91,Smart TV,iOS,True
1620,1017,25,2025-01-08,121,0.9,Mobile,Web,False
1621,509,10,2024-11-30,109,0.95,Smart TV,Web,False
1622,357,1,2025-01-26,118,1.0,Smart TV,Android,True
1623,28,4,2025-03-16,93,0.87,Mobile,iOS,True
1624,109,12,2024-11-06,82,0.81,Laptop,TV App,False
1625,57,1,2025-04-26,100,0.85,Tablet,TV App,True
1626,527,9,2025-04-20,124,0.9,Laptop,iOS,False
1627,682,3,2025-04-06,111,0.77,Mobile,iOS,False
1628,678,3,2025-01-07,137,0.95,Tablet,Web,False
1629,408,21,2025-03-28,117,0.76,Smart TV,iOS,False
1630,997,18,2024-11-25,123,0.87,Smart TV,Web,True
1631,146,13,2025-03-23,51,0.37,Smart TV,Web,False
1632,865,13,2025-03-25,79,0.57,Laptop,iOS,False
1633,900,13,2025-04-22,124,0.89,Mobile,iOS,False
1634,888,13,2025-04-05,82,0.59,Smart TV,Web,False
1635,658,4,2025-03-13,70,0.65,Mobile,TV App,False
1636,963,9,2025-04-29,118,0.86,Smart TV,TV App,False
1637,93,22,2025-04-18,120,1.0,Mobile,iOS,False
1638,1195,2,2024-08-25,120,0.91,Mobile,Web,False
1639,157,21,2025-04-06,124,0.8,Smart TV,iOS,False
1640,801,10,2025-04-18,75,0.66,Smart TV,iOS,False
1641,173,11,2025-03-18,90,0.71,Smart TV,iOS,True
1642,687,13,2025-04-19,126,0.9,Laptop,Web,False
1643,346,21,2025-04-19,113,0.73,Smart TV,Android,False
1644,1188,11,2025-03-22,76,0.6,Smart TV,Web,True
1645,97,14,2024-06-17,104,0.8,Smart TV,iOS,False
1646,1004,13,2025-04-05,107,0.77,Laptop,Android,False
1647,74,24,2025-03-15,78,0.75,Laptop,Android,True
1648,1081,22,2024-12-23,78,0.65,Smart TV,Android,False
1649,253,15,2025-03-22,95,0.8,Laptop,Web,False
1650,1012,24,2025-01-06,78,0.75,Mobile,Android,False
1651,831,7,2025-01-21,48,0.54,Tablet,iOS,False
1652,751,4,2025-02-25,108,1.0,Smart TV,TV App,True
1653,226,2,2024-11-05,85,0.65,Laptop,iOS,False
1654,223,18,2025-03-01,116,0.82,Mobile,iOS,False
1655,327,9,2025-04-20,86,0.63,Tablet,iOS,False
1656,202,2,2025-04-28,85,0.65,Laptop,Android,False
1657,1067,1,2025-03-31,102,0.87,Laptop,Android,False
1658,1112,2,2025-01-05,120,0.91,Desktop,Web,True
1659,486,2,2024-08-24,99,0.75,Smart TV,Web,False
1660,327,19,2025-04-19,82,0.66,Smart TV,iOS,True
1661,448,21,2025-04-19,103,0.67,Smart TV,Web,False
1662,679,16,2024-11-20,81,0.83,Mobile,Web,False
1663,56,23,2025-04-01,104,0.95,Mobile,Web,False
1664,229,13,2025-04-18,84,0.6,Smart TV,Web,False
1665,1017,19,2025-04-21,100,0.8,Smart TV,iOS,False
1666,502,1,2025-01-29,112,0.95,Desktop,Android,True
1667,110,11,2025-02-25,83,0.66,Desktop,TV App,True
1668,805,15,2025-04-27,42,0.36,Laptop,Web,False
1669,1016,23,2025-04-03,89,0.81,Mobile,Web,False
1670,1028,9,2025-04-11,80,0.58,Desktop,iOS,True
1671,281,1,2025-01-28,118,1.0,Mobile,TV App,True
1672,1015,5,2024-12-31,90,0.74,Smart TV,iOS,False
1673,603,19,2025-04-29,71,0.57,Tablet,TV App,False
1674,288,19,2025-04-26,95,0.76,Smart TV,Web,False
1675,470,22,2025-03-11,72,0.6,Mobile,TV App,False
1676,1062,25,2025-03-24,128,0.95,Mobile,Android,False
1677,507,20,2024-09-11,24,0.27,Desktop,TV App,True
1678,834,5,2025-02-05,53,0.44,Mobile,Android,False
1679,72,2,2024-11-21,93,0.71,Mobile,iOS,False
1680,1149,1,2025-03-22,106,0.9,Smart TV,TV App,False
1681,101,19,2025-04-25,71,0.57,Smart TV,iOS,False
1682,45,5,2025-03-29,84,0.69,Smart TV,iOS,False
1683,1117,9,2025-04-26,66,0.48,Smart TV,iOS,False
1684,986,2,2025-04-02,95,0.72,Smart TV,iOS,False
1685,1177,17,2025-04-10,69,0.82,Laptop,TV App,False
1686,626,4,2025-04-15,81,0.75,Desktop,iOS,False
1687,106,13,2025-03-28,133,0.95,Smart TV,TV App,False
1688,282,1,2025-01-29,108,0.92,Smart TV,TV App,False
1689,725,18,2024-10-10,93,0.66,Mobile,Android,False
1690,373,4,2025-04-07,98,0.91,Tablet,Android,False
1691,28,9,2025-04-28,77,0.56,Mobile,Web,True
1692,970,12,2025-01-01,88,0.87,Desktop,iOS,False
1693,93,21,2025-04-02,75,0.49,Mobile,iOS,False
1694,373,16,2024-12-18,70,0.72,Smart TV,Web,False
1695,168,14,2024-07-20,79,0.61,Mobile,Web,False
1696,136,1,2025-03-19,87,0.74,Laptop,Android,False
1697,586,19,2025-04-18,125,1.0,Tablet,TV App,False
1698,1110,2,2024-12-30,93,0.71,Laptop,iOS,False
1699,741,13,2025-03-31,140,1.0,Smart TV,iOS,False
1700,155,2,2025-03-10,114,0.87,Desktop,TV App,False
1701,587,4,2025-02-23,58,0.54,Tablet,Android,False
1702,523,15,2025-04-08,91,0.77,Laptop,iOS,False
1703,626,14,2024-10-24,110,0.85,Mobile,Web,False
1704,1071,24,2025-04-23,81,0.78,Mobile,Web,False
1705,544,6,2025-03-22,26,0.28,Mobile,Android,False
1706,257,25,2024-12-03,125,0.93,Mobile,Android,False
1707,1174,9,2025-04-17,125,0.91,Mobile,iOS,False
1708,54,10,2025-03-16,115,1.0,Laptop,Web,False
1709,771,21,2025-04-26,134,0.87,Smart TV,Web,True
1710,678,1,2025-01-17,90,0.77,Smart TV,Android,False
1711,530,11,2025-02-05,74,0.59,Mobile,iOS,False
1712,596,18,2024-12-16,116,0.82,Smart TV,iOS,True
1713,220,3,2025-02-10,68,0.47,Smart TV,Web,False
1714,629,13,2025-03-31,92,0.66,Laptop,Android,False
1715,3,25,2024-11-03,93,0.69,Smart TV,iOS,False
1716,184,2,2024-11-07,101,0.77,Smart TV,TV App,False
1717,334,22,2025-04-07,100,0.84,Mobile,TV App,False
1718,1102,13,2025-04-06,117,0.84,Laptop,iOS,False
1719,1089,9,2025-04-30,106,0.77,Mobile,Web,False
1720,105,1,2025-04-23,115,0.98,Mobile,iOS,False
1721,1028,18,2025-01-13,93,0.66,Tablet,Web,False
1722,205,3,2025-02-07,84,0.58,Smart TV,Web,False
1723,303,1,2025-04-26,108,0.92,Tablet,Android,False
1724,457,13,2025-04-20,133,0.95,Tablet,Android,False
1725,859,21,2025-04-28,102,0.66,Mobile,iOS,True
1726,67,4,2025-04-07,78,0.73,Mobile,TV App,True
1727,472,2,2024-09-25,102,0.78,Mobile,Android,False
1728,1194,8,2025-02-11,44,0.51,Smart TV,Android,False
1729,657,6,2025-04-29,57,0.6,Smart TV,iOS,False
1730,366,10,2024-09-06,79,0.69,Smart TV,TV App,True
1731,1126,11,2025-03-30,92,0.73,Smart TV,Web,False
1732,1143,11,2025-04-09,124,0.98,Tablet,iOS,False
1733,1166,24,2025-02-13,102,0.98,Tablet,iOS,False
1734,354,13,2025-04-06,75,0.54,Laptop,iOS,False
1735,501,19,2025-04-21,110,0.88,Smart TV,iOS,False
1736,785,3,2025-04-05,145,1.0,Smart TV,Android,True
1737,1001,11,2025-03-12,86,0.68,Smart TV,Android,False
1738,823,1,2025-03-17,105,0.89,Laptop,TV App,False
1739,448,19,2025-04-29,91,0.73,Smart TV,TV App,False
1740,946,13,2025-03-21,123,0.88,Tablet,Android,False
1741,528,15,2025-03-22,99,0.84,Smart TV,iOS,False
1742,875,22,2025-03-14,103,0.86,Laptop,Web,False
1743,113,22,2024-11-27,76,0.64,Mobile,iOS,False
1744,740,21,2025-04-27,142,0.92,Smart TV,iOS,False
1745,142,11,2025-03-08,96,0.76,Mobile,Android,False
1746,1092,19,2025-04-18,83,0.67,Laptop,iOS,True
1747,200,24,2025-04-05,79,0.76,Smart TV,Android,True
1748,739,19,2025-04-26,97,0.78,Smart TV,Web,False
1749,702,11,2025-04-16,48,0.38,Laptop,iOS,False
1750,869,2,2024-08-12,104,0.79,Smart TV,Android,False
1751,10,19,2025-04-16,100,0.8,Smart TV,Android,False
1752,804,14,2024-09-20,100,0.77,Smart TV,Web,False
1753,516,5,2024-10-30,106,0.87,Laptop,Web,True
1754,875,15,2025-03-09,105,0.89,Mobile,Android,False
1755,87,22,2025-02-25,81,0.68,Mobile,iOS,False
1756,363,15,2025-03-21,97,0.82,Laptop,Android,False
1757,678,1,2025-01-24,116,0.99,Smart TV,TV App,True
1758,483,7,2025-01-02,42,0.47,Desktop,TV App,False
1759,293,3,2025-03-09,121,0.84,Smart TV,Android,False
1760,382,21,2025-04-18,89,0.58,Mobile,Android,False
1761,776,11,2025-04-07,104,0.82,Tablet,Web,False
1762,558,4,2025-04-11,65,0.61,Laptop,iOS,False
1763,680,23,2025-03-07,57,0.52,Smart TV,Web,False
1764,759,21,2025-04-07,137,0.89,Mobile,Web,False
1765,155,19,2025-04-15,117,0.94,Mobile,Android,False
1766,625,5,2025-01-22,74,0.61,Mobile,Android,False
1767,946,18,2024-11-04,83,0.59,Smart TV,Android,True
1768,205,11,2025-04-20,100,0.79,Laptop,Android,True
1769,285,19,2025-04-23,123,0.99,Smart TV,Web,False
1770,575,1,2025-02-23,97,0.83,Mobile,TV App,False
1771,995,15,2025-04-05,84,0.71,Desktop,TV App,False
1772,83,1,2025-04-26,106,0.9,Mobile,Web,False
1773,1128,1,2025-04-17,114,0.97,Mobile,TV App,False
1774,780,11,2025-02-13,80,0.63,Mobile,iOS,True
1775,634,4,2025-02-18,71,0.66,Mobile,iOS,True
1776,963,19,2025-04-14,95,0.76,Laptop,TV App,False
1777,87,25,2025-02-27,109,0.81,Mobile,iOS,False
1778,119,9,2025-04-30,132,0.96,Mobile,iOS,False
1779,85,17,2025-04-13,56,0.67,Mobile,TV App,False
1780,1097,7,2024-12-16,35,0.39,Laptop,Web,False
1781,1046,24,2024-12-21,33,0.32,Mobile,TV App,True
1782,565,21,2025-04-26,130,0.84,Smart TV,iOS,False
1783,239,11,2025-03-18,97,0.77,Mobile,TV App,False
1784,844,8,2025-03-05,67,0.77,Smart TV,iOS,False
1785,433,15,2025-04-16,64,0.54,Tablet,Android,False
1786,265,6,2025-03-31,16,0.17,Mobile,iOS,True
1787,46,4,2025-04-28,70,0.65,Smart TV,Web,False
1788,1189,13,2025-03-18,79,0.57,Smart TV,Web,False
1789,1142,24,2025-04-13,45,0.43,Smart TV,Android,False
1790,372,22,2025-04-05,102,0.85,Laptop,Android,False
1791,897,3,2025-01-28,98,0.68,Smart TV,Android,False
1792,500,23,2025-03-17,62,0.57,Smart TV,iOS,False
1793,41,18,2025-01-18,90,0.64,Laptop,Android,False
1794,1142,18,2025-04-12,76,0.54,Mobile,iOS,False
1795,568,3,2025-02-06,88,0.61,Mobile,Android,False
1796,844,11,2025-02-01,69,0.55,Laptop,iOS,True
1797,859,2,2024-09-30,112,0.85,Smart TV,Android,False
1798,865,9,2025-04-27,106,0.77,Mobile,Android,False
1799,584,19,2025-04-24,97,0.78,Mobile,iOS,True
1800,345,2,2025-02-11,100,0.76,Smart TV,Web,False
1801,1033,13,2025-04-18,121,0.87,Smart TV,Android,False
1802,648,3,2025-02-16,92,0.64,Smart TV,Android,False
1803,61,10,2024-09-08,78,0.68,Tablet,Android,False
1804,538,4,2025-04-22,81,0.75,Smart TV,Android,True
1805,1001,3,2025-03-26,104,0.72,Laptop,iOS,False
1806,211,21,2025-04-01,52,0.34,Mobile,iOS,False
1807,585,10,2025-03-26,83,0.73,Desktop,iOS,False
1808,577,1,2025-01-21,102,0.87,Laptop,Web,False
1809,484,23,2025-02-16,73,0.67,Smart TV,TV App,False
1810,250,20,2024-08-23,44,0.48,Smart TV,Web,False
1811,195,23,2025-02-23,51,0.47,Tablet,iOS,True
1812,129,16,2025-01-10,86,0.88,Smart TV,iOS,False
1813,872,2,2024-10-10,106,0.81,Mobile,Android,False
1814,470,7,2025-01-29,37,0.42,Smart TV,iOS,False
1815,57,5,2024-09-13,73,0.6,Smart TV,Web,False
1816,442,10,2024-12-03,97,0.85,Mobile,iOS,False
1817,167,9,2025-04-26,75,0.55,Smart TV,Web,False
1818,1167,11,2025-03-04,105,0.83,Tablet,Android,False
1819,995,22,2025-01-03,120,1.0,Smart TV,Web,False
1820,433,25,2024-08-15,59,0.44,Mobile,iOS,True
1821,571,18,2025-01-25,120,0.85,Tablet,Web,False
1822,290,1,2025-04-04,108,0.92,Mobile,TV App,True
1823,362,22,2025-01-28,96,0.8,Laptop,iOS,False
1824,945,15,2025-03-04,98,0.83,Laptop,iOS,True
1825,503,17,2025-03-30,53,0.63,Mobile,Android,True
1826,602,5,2024-10-26,97,0.8,Tablet,Android,False
1827,1072,9,2025-04-27,92,0.67,Mobile,iOS,False
1828,1041,10,2024-08-06,78,0.68,Smart TV,Web,False
1829,737,13,2025-03-27,124,0.89,Tablet,Web,False
1830,627,24,2025-04-29,54,0.52,Mobile,Web,False
1831,1005,12,2025-04-07,80,0.79,Mobile,Web,False
1832,349,21,2025-04-30,85,0.55,Mobile,Android,False
1833,1039,20,2024-10-19,50,0.55,Laptop,Android,False
1834,400,13,2025-04-05,92,0.66,Smart TV,Android,False
1835,705,8,2025-02-21,49,0.56,Smart TV,iOS,False
1836,426,15,2025-03-31,45,0.38,Smart TV,iOS,False
1837,799,8,2025-03-18,65,0.74,Mobile,Android,False
1838,325,11,2025-02-25,102,0.81,Mobile,TV App,False
1839,792,21,2025-03-28,82,0.53,Laptop,iOS,False
1840,531,18,2025-03-30,89,0.63,Mobile,iOS,False
1841,872,15,2025-03-04,113,0.95,Smart TV,iOS,False
1842,9,8,2025-02-17,48,0.55,Smart TV,Android,False
1843,839,5,2025-03-06,92,0.76,Smart TV,Web,False
1844,1077,22,2025-02-05,68,0.57,Smart TV,Web,False
1845,956,2,2025-03-10,84,0.64,Smart TV,Android,True
1846,778,13,2025-04-21,106,0.76,Smart TV,Web,False
1847,1178,13,2025-04-21,70,0.5,Smart TV,Web,False
1848,35,22,2025-04-23,67,0.56,Laptop,Android,False
1849,1136,25,2025-01-14,105,0.78,Smart TV,Android,False
1850,908,1,2025-04-29,105,0.89,Mobile,Web,False
1851,1004,15,2025-04-23,102,0.86,Mobile,Web,False
1852,683,1,2025-01-25,114,0.97,Laptop,Android,False
1853,266,5,2024-11-08,107,0.88,Mobile,Web,False
1854,744,13,2025-04-22,67,0.48,Mobile,Web,False
1855,112,11,2025-03-23,71,0.56,Tablet,iOS,False
1856,537,24,2025-02-28,101,0.97,Smart TV,iOS,False
1857,213,13,2025-04-05,140,1.0,Mobile,Web,False
1858,317,2,2024-10-15,100,0.76,Tablet,Android,True
1859,97,12,2025-01-17,74,0.73,Mobile,iOS,False
1860,901,25,2024-08-10,122,0.91,Smart TV,Web,False
1861,361,19,2025-04-29,112,0.9,Smart TV,Android,False
1862,1069,7,2024-12-27,47,0.53,Smart TV,iOS,False
1863,397,20,2024-08-20,86,0.94,Laptop,iOS,False
1864,37,17,2025-04-12,68,0.8,Tablet,Android,True
1865,886,24,2025-04-13,75,0.72,Smart TV,iOS,False
1866,357,24,2025-04-09,74,0.71,Laptop,Web,False
1867,508,19,2025-04-18,68,0.55,Smart TV,iOS,True
1868,1105,18,2025-03-29,95,0.67,Laptop,iOS,False
1869,1067,16,2025-01-19,83,0.85,Mobile,iOS,False
1870,695,4,2025-03-12,72,0.67,Smart TV,iOS,False
1871,1047,21,2025-04-11,125,0.81,Laptop,Web,False
1872,684,23,2025-02-20,70,0.64,Tablet,Web,False
1873,1010,3,2025-02-23,98,0.68,Mobile,iOS,False
1874,1088,2,2024-09-23,106,0.81,Mobile,iOS,False
1875,997,23,2025-04-28,82,0.75,Smart TV,Web,False
1876,106,21,2025-04-17,99,0.64,Smart TV,iOS,False
1877,395,1,2025-03-27,113,0.96,Mobile,iOS,False
1878,383,5,2025-01-24,96,0.79,Smart TV,iOS,False
1879,316,8,2025-02-26,68,0.78,Smart TV,iOS,False
1880,570,9,2025-04-10,122,0.89,Tablet,Web,True
1881,284,25,2024-10-27,98,0.73,Laptop,iOS,False
1882,1130,1,2025-04-03,88,0.75,Smart TV,iOS,False
1883,289,1,2025-03-08,95,0.81,Mobile,iOS,False
1884,1034,14,2025-03-24,87,0.67,Laptop,iOS,False
1885,365,5,2024-10-06,98,0.81,Smart TV,iOS,False
1886,208,23,2025-04-16,68,0.62,Smart TV,Android,False
1887,896,9,2025-04-11,132,0.96,Laptop,iOS,True
1888,3,25,2024-10-05,101,0.75,Smart TV,iOS,False
1889,910,8,2025-02-17,50,0.57,Mobile,Android,True
1890,712,10,2025-01-01,100,0.87,Laptop,Web,False
1891,1018,18,2024-10-14,116,0.82,Smart TV,Android,False
1892,137,21,2025-04-09,99,0.64,Tablet,iOS,False
1893,1148,8,2025-03-13,68,0.78,Laptop,TV App,False
1894,313,1,2025-04-11,114,0.97,Smart TV,TV App,False
1895,220,24,2024-12-20,95,0.91,Mobile,iOS,False
1896,50,22,2024-12-10,98,0.82,Mobile,iOS,False
1897,82,12,2025-01-29,73,0.72,Desktop,TV App,False
1898,327,19,2025-04-29,110,0.88,Mobile,TV App,False
1899,204,19,2025-04-24,93,0.75,Laptop,Android,False
1900,1108,24,2024-12-26,65,0.62,Smart TV,Android,False
1901,419,14,2025-04-18,65,0.5,Mobile,iOS,False
1902,994,10,2024-12-19,55,0.48,Desktop,Android,False
1903,335,10,2024-09-03,69,0.6,Laptop,Web,False
1904,903,15,2025-04-06,53,0.45,Smart TV,TV App,True
1905,441,4,2025-03-25,83,0.77,Mobile,iOS,False
1906,127,5,2025-01-15,86,0.71,Smart TV,iOS,True
1907,606,23,2025-03-12,69,0.63,Mobile,Web,False
1908,414,7,2025-01-01,50,0.56,Smart TV,Web,False
1909,879,3,2025-04-30,91,0.63,Smart TV,iOS,False
1910,990,15,2025-04-20,84,0.71,Smart TV,Android,False
1911,800,1,2025-02-11,90,0.77,Smart TV,Android,False
1912,466,4,2025-02-14,74,0.69,Laptop,TV App,False
1913,296,2,2024-10-22,105,0.8,Laptop,iOS,False
1914,257,13,2025-04-11,81,0.58,Tablet,Android,False
1915,484,1,2025-04-27,94,0.8,Tablet,Android,False
1916,1018,1,2025-03-23,94,0.8,Mobile,iOS,False
1917,683,16,2025-02-27,95,0.97,Tablet,Android,False
1918,602,11,2025-04-24,54,0.43,Laptop,Web,False
1919,1124,15,2025-03-21,92,0.78,Tablet,Web,False
1920,384,19,2025-04-26,101,0.81,Smart TV,Web,False
1921,339,3,2024-11-22,120,0.83,Smart TV,TV App,False
1922,958,1,2025-01-22,105,0.89,Laptop,TV App,False
1923,166,4,2025-02-18,57,0.53,Laptop,Android,False
1924,236,10,2024-07-31,62,0.54,Mobile,iOS,False
1925,1111,4,2025-02-28,86,0.8,Smart TV,iOS,False
1926,472,9,2025-04-16,82,0.6,Laptop,Android,False
1927,298,23,2025-04-10,89,0.81,Mobile,TV App,True
1928,917,4,2025-03-18,74,0.69,Smart TV,Android,False
1929,938,3,2025-03-07,142,0.98,Mobile,Web,False
1930,678,15,2025-03-05,97,0.82,Mobile,TV App,True
1931,44,10,2024-10-01,73,0.64,Smart TV,Web,False
1932,789,16,2024-12-29,74,0.76,Mobile,Android,False
1933,1024,1,2025-02-15,106,0.9,Smart TV,Web,False
1934,596,25,2024-09-27,93,0.69,Laptop,Web,False
1935,202,1,2025-04-25,93,0.79,Smart TV,Web,False
1936,405,20,2024-09-12,35,0.39,Smart TV,Android,False
1937,385,23,2025-04-02,90,0.82,Tablet,Android,False
1938,350,7,2024-12-20,20,0.23,Tablet,TV App,False
1939,303,5,2024-11-26,97,0.8,Smart TV,Web,False
1940,116,3,2025-01-24,78,0.54,Smart TV,Web,False
1941,900,18,2025-01-22,105,0.74,Tablet,Android,True
1942,209,21,2025-04-01,117,0.76,Mobile,TV App,True
1943,1076,15,2025-04-09,94,0.79,Smart TV,Web,False
1944,213,1,2025-03-23,90,0.77,Mobile,Web,False
1945,1063,19,2025-04-23,82,0.66,Mobile,Web,False
1946,4,22,2025-03-05,72,0.6,Laptop,Web,False
1947,281,1,2025-01-27,95,0.81,Desktop,Web,False
1948,76,9,2025-04-08,110,0.8,Smart TV,Web,False
1949,733,11,2025-04-22,99,0.78,Smart TV,Web,False
1950,452,18,2024-10-19,115,0.81,Mobile,TV App,False
1951,944,9,2025-04-27,138,1.0,Smart TV,Web,False
1952,755,21,2025-04-28,102,0.66,Laptop,iOS,True
1953,285,6,2025-04-22,29,0.31,Smart TV,TV App,False
1954,1132,1,2025-01-18,89,0.76,Tablet,Android,False
1955,596,17,2025-04-22,48,0.57,Smart TV,iOS,False
1956,837,13,2025-03-31,88,0.63,Mobile,iOS,False
1957,927,8,2025-03-02,43,0.49,Desktop,iOS,False
1958,80,21,2025-04-09,88,0.57,Mobile,iOS,True
1959,124,22,2025-02-10,114,0.95,Smart TV,TV App,False
1960,1042,21,2025-04-02,62,0.4,Smart TV,TV App,False
1961,414,11,2025-04-26,77,0.61,Smart TV,iOS,False
1962,108,21,2025-04-14,137,0.89,Smart TV,Web,False
1963,902,6,2025-04-06,76,0.8,Mobile,TV App,False
1964,436,3,2025-03-08,136,0.94,Laptop,Android,False
1965,1168,16,2025-04-16,62,0.64,Mobile,Web,True
1966,407,16,2025-03-19,97,0.99,Smart TV,Android,False
1967,821,13,2025-03-27,102,0.73,Mobile,Android,False
1968,283,25,2024-09-27,78,0.58,Mobile,iOS,False
1969,337,25,2024-08-22,101,0.75,Mobile,Web,False
1970,122,22,2025-01-16,112,0.94,Tablet,iOS,False
1971,524,15,2025-04-16,71,0.6,Tablet,Web,True
1972,987,24,2024-12-21,105,1.0,Mobile,TV App,False
1973,415,11,2025-04-26,81,0.64,Tablet,Android,False
1974,1109,13,2025-04-30,112,0.8,Smart TV,Android,False
1975,1107,16,2024-11-27,19,0.2,Laptop,TV App,True
1976,166,10,2024-09-13,54,0.47,Laptop,Android,False
1977,197,1,2025-01-28,110,0.94,Mobile,Web,False
1978,261,13,2025-04-28,84,0.6,Mobile,iOS,False
1979,86,14,2024-09-19,102,0.79,Mobile,iOS,True
1980,330,21,2025-03-25,85,0.55,Desktop,TV App,True
1981,45,23,2025-04-13,58,0.53,Desktop,iOS,False
1982,251,21,2025-03-28,94,0.61,Laptop,iOS,False
1983,1055,2,2024-12-29,101,0.77,Laptop,Web,False
1984,1128,18,2024-10-05,66,0.47,Mobile,iOS,False
1985,403,18,2025-02-23,88,0.62,Smart TV,Web,False
1986,518,4,2025-02-25,103,0.96,Smart TV,Web,False
1987,283,3,2025-04-20,137,0.95,Smart TV,Web,False
1988,981,9,2025-04-05,66,0.48,Laptop,Web,False
1989,78,10,2024-11-21,115,1.0,Laptop,Android,False
1990,648,15,2025-03-28,52,0.44,Mobile,Web,False
1991,153,18,2025-03-29,126,0.89,Smart TV,Web,False
1992,1123,1,2025-03-08,112,0.95,Laptop,Web,True
1993,600,13,2025-03-29,140,1.0,Mobile,iOS,False
1994,812,23,2025-03-02,67,0.61,Desktop,Android,True
1995,419,14,2025-02-11,96,0.74,Smart TV,iOS,False
1996,327,1,2025-01-25,118,1.0,Smart TV,Web,False
1997,644,24,2025-03-07,64,0.61,Laptop,Web,True
1998,1036,21,2025-04-25,108,0.7,Mobile,TV App,False
1999,37,21,2025-04-12,68,0.44,Smart TV,Web,False
2000,107,12,2024-12-14,80,0.79,Mobile,iOS,False
2001,523,9,2025-04-27,109,0.79,Laptop,Android,True
2002,99,16,2025-02-25,65,0.67,Smart TV,Android,False
2003,191,6,2025-04-02,70,0.74,Mobile,TV App,False
2004,209,25,2025-04-25,135,1.0,Smart TV,TV App,False
2005,1044,1,2025-02-01,116,0.99,Mobile,iOS,False
2006,144,18,2024-11-24,133,0.94,Tablet,Android,False
2007,650,23,2025-04-22,108,0.99,Tablet,TV App,False
2008,135,11,2025-02-07,120,0.95,Mobile,Web,False
2009,1033,8,2025-03-13,42,0.48,Smart TV,TV App,False
2010,926,11,2025-04-11,127,1.0,Smart TV,TV App,True
2011,1094,12,2025-02-01,86,0.85,Mobile,TV App,False
2012,419,2,2025-04-20,73,0.56,Smart TV,TV App,False
2013,352,1,2025-01-20,96,0.82,Mobile,iOS,False
2014,759,21,2025-04-26,74,0.48,Mobile,Web,False
2015,244,13,2025-04-16,106,0.76,Smart TV,Web,False
2016,1173,9,2025-04-17,138,1.0,Mobile,iOS,True
2017,892,5,2025-03-29,93,0.77,Desktop,TV App,False
2018,425,5,2025-04-25,108,0.89,Tablet,iOS,False
2019,959,13,2025-04-24,78,0.56,Laptop,Android,False
2020,716,22,2025-02-11,102,0.85,Mobile,Android,False
2021,225,21,2025-04-19,79,0.51,Mobile,Android,False
2022,1077,21,2025-04-19,155,1.0,Smart TV,Android,False
2023,1015,7,2025-01-28,41,0.46,Smart TV,iOS,False
2024,853,15,2025-04-24,66,0.56,Mobile,iOS,False
2025,855,15,2025-03-03,119,1.0,Smart TV,Android,True
2026,1182,21,2025-03-27,111,0.72,Laptop,iOS,False
2027,515,10,2024-11-11,97,0.85,Desktop,iOS,True
2028,117,9,2025-04-19,99,0.72,Smart TV,Android,True
2029,1093,13,2025-04-03,112,0.8,Mobile,Android,False
2030,527,16,2025-01-06,81,0.83,Laptop,Android,True
2031,824,13,2025-04-22,105,0.75,Laptop,TV App,False
2032,800,9,2025-04-30,113,0.82,Laptop,Android,False
2033,337,23,2025-02-20,68,0.62,Mobile,iOS,False
2034,469,7,2025-01-26,62,0.7,Laptop,TV App,False
2035,359,1,2025-04-16,107,0.91,Laptop,Web,False
2036,633,5,2024-09-27,82,0.68,Mobile,TV App,False
2037,799,18,2025-03-19,93,0.66,Mobile,Android,False
2038,1178,16,2025-02-06,58,0.6,Mobile,Android,False
2039,1084,23,2025-02-20,80,0.73,Laptop,iOS,False
2040,961,13,2025-04-07,72,0.52,Smart TV,Web,False
2041,1056,10,2024-12-14,112,0.98,Laptop,iOS,False
2042,1103,4,2025-03-13,78,0.73,Smart TV,Android,False
2043,149,1,2025-01-19,112,0.95,Mobile,Android,True
2044,666,1,2025-03-16,92,0.78,Mobile,iOS,False
2045,922,14,2025-01-14,70,0.54,Laptop,Android,False
2046,108,22,2024-11-03,88,0.74,Mobile,Web,False
2047,481,25,2025-04-21,110,0.82,Smart TV,Web,False
2048,28,3,2025-03-17,114,0.79,Smart TV,Android,False
2049,483,12,2025-02-13,58,0.57,Laptop,iOS,False
2050,241,16,2025-02-05,67,0.69,Laptop,Web,True
2051,333,24,2024-12-24,66,0.63,Mobile,iOS,False
2052,1123,7,2024-12-28,74,0.83,Smart TV,Web,False
2053,904,9,2025-04-24,95,0.69,Laptop,TV App,True
2054,438,15,2025-04-17,73,0.62,Smart TV,iOS,False
2055,993,21,2025-04-13,89,0.58,Mobile,Android,False
2056,719,1,2025-04-01,118,1.0,Mobile,Android,False
2057,883,9,2025-04-26,126,0.92,Laptop,iOS,False
2058,377,2,2025-01-07,84,0.64,Tablet,iOS,False
2059,664,15,2025-04-11,111,0.94,Mobile,iOS,False
2060,675,2,2024-12-03,101,0.77,Mobile,Web,False
2061,914,1,2025-01-17,89,0.76,Laptop,TV App,False
2062,916,25,2024-11-10,99,0.74,Laptop,Web,False
2063,135,1,2025-03-13,112,0.95,Mobile,Android,False
2064,237,13,2025-04-08,61,0.44,Smart TV,iOS,False
2065,290,22,2025-01-05,85,0.71,Laptop,Android,False
2066,924,23,2025-04-28,72,0.66,Mobile,Web,False
2067,786,3,2025-04-09,107,0.74,Tablet,Android,False
2068,360,3,2025-01-31,107,0.74,Mobile,Android,False
2069,677,16,2025-02-20,39,0.4,Mobile,Web,False
2070,448,10,2024-10-26,115,1.0,Smart TV,iOS,True
2071,950,4,2025-04-14,83,0.77,Smart TV,Web,False
2072,998,1,2025-01-22,118,1.0,Mobile,Web,False
2073,295,6,2025-03-29,53,0.56,Laptop,iOS,False
2074,546,7,2025-01-02,62,0.7,Mobile,Android,False
2075,899,6,2025-04-18,55,0.58,Mobile,Web,False
2076,483,19,2025-04-29,125,1.0,Smart TV,Android,False
2077,1166,21,2025-04-20,142,0.92,Smart TV,Android,False
2078,684,14,2024-09-18,113,0.87,Smart TV,Web,False
2079,1149,19,2025-04-30,76,0.61,Desktop,Android,False
2080,947,15,2025-03-09,108,0.91,Mobile,TV App,False
2081,990,24,2025-02-21,75,0.72,Smart TV,iOS,False
2082,407,1,2025-01-28,113,0.96,Laptop,Web,False
2083,327,1,2025-02-24,112,0.95,Laptop,Web,False
2084,654,15,2025-04-13,94,0.79,Laptop,Android,True
2085,808,21,2025-04-05,124,0.8,Smart TV,iOS,False
2086,389,2,2025-04-06,85,0.65,Mobile,iOS,False
2087,952,9,2025-04-18,95,0.69,Mobile,Android,False
2088,742,4,2025-03-27,33,0.31,Smart TV,Android,False
2089,310,19,2025-04-24,58,0.47,Desktop,TV App,False
2090,690,17,2025-02-21,55,0.65,Smart TV,iOS,False
2091,211,22,2025-04-10,57,0.48,Smart TV,Web,False
2092,578,8,2025-03-02,29,0.34,Smart TV,TV App,False
2093,573,5,2025-01-30,109,0.9,Mobile,TV App,False
2094,247,2,2024-11-01,76,0.58,Laptop,iOS,False
2095,623,16,2024-12-31,75,0.77,Laptop,TV App,False
2096,877,24,2025-02-19,91,0.87,Mobile,iOS,False
2097,77,12,2025-02-18,67,0.66,Smart TV,Web,False
2098,1195,3,2025-03-02,118,0.82,Laptop,Android,False
2099,219,12,2024-12-25,52,0.51,Tablet,TV App,True
2100,1174,3,2024-12-12,107,0.74,Mobile,Web,False
2101,88,12,2025-01-29,84,0.83,Tablet,TV App,False
2102,785,19,2025-04-18,92,0.74,Tablet,Android,False
2103,903,4,2025-03-23,82,0.76,Smart TV,Android,False
2104,1193,18,2025-03-13,79,0.56,Laptop,TV App,False
2105,357,11,2025-04-05,77,0.61,Smart TV,TV App,False
2106,629,17,2025-01-15,56,0.66,Mobile,TV App,True
2107,892,19,2025-04-14,105,0.84,Mobile,Android,False
2108,1196,4,2025-04-08,90,0.84,Mobile,TV App,False
2109,1106,19,2025-04-12,111,0.89,Mobile,Web,False
2110,1026,5,2024-12-28,114,0.94,Smart TV,iOS,False
2111,946,19,2025-04-17,62,0.5,Laptop,iOS,False
2112,153,4,2025-03-25,82,0.76,Smart TV,Web,False
2113,83,20,2024-09-26,61,0.67,Smart TV,TV App,False
2114,681,20,2024-08-31,62,0.68,Mobile,Android,False
2115,580,18,2024-12-03,80,0.57,Laptop,Web,False
2116,661,7,2025-01-08,23,0.26,Tablet,iOS,True
2117,265,21,2025-04-17,77,0.5,Mobile,TV App,True
2118,1021,22,2024-11-20,69,0.58,Mobile,TV App,False
2119,44,13,2025-03-19,133,0.95,Smart TV,iOS,False
2120,368,9,2025-04-14,89,0.65,Smart TV,iOS,False
2121,120,5,2025-01-14,85,0.7,Smart TV,TV App,False
2122,1015,16,2025-03-25,95,0.97,Smart TV,iOS,False
2123,920,9,2025-04-20,89,0.65,Smart TV,iOS,False
2124,404,18,2024-12-21,115,0.81,Smart TV,TV App,False
2125,700,22,2024-11-14,88,0.74,Mobile,iOS,False
2126,28,1,2025-01-23,108,0.92,Mobile,TV App,False
2127,765,8,2025-01-30,27,0.31,Tablet,Web,False
2128,929,13,2025-04-06,107,0.77,Tablet,Web,False
2129,246,1,2025-01-31,106,0.9,Laptop,TV App,False
2130,527,1,2025-01-26,102,0.87,Smart TV,Web,False
2131,564,23,2025-02-16,94,0.86,Smart TV,Web,False
2132,834,16,2024-12-15,72,0.74,Desktop,Web,False
2133,1,21,2025-03-29,106,0.69,Tablet,iOS,False
2134,432,25,2024-10-30,116,0.86,Laptop,Web,False
2135,372,10,2025-01-30,100,0.87,Desktop,Web,False
2136,623,18,2025-02-14,95,0.67,Smart TV,iOS,False
2137,794,14,2025-01-11,89,0.69,Smart TV,Android,False
2138,806,21,2025-04-14,79,0.51,Desktop,iOS,False
2139,80,19,2025-04-21,107,0.86,Smart TV,iOS,False
2140,1093,11,2025-03-02,91,0.72,Tablet,Android,False
2141,728,1,2025-04-09,103,0.88,Laptop,iOS,False
2142,848,21,2025-04-25,130,0.84,Smart TV,Android,False
2143,772,21,2025-04-26,71,0.46,Mobile,iOS,False
2144,315,8,2025-03-20,51,0.58,Smart TV,Android,False
2145,234,18,2025-02-15,96,0.68,Smart TV,Web,False
2146,542,24,2025-01-27,87,0.83,Smart TV,Web,False
2147,767,23,2025-02-18,86,0.79,Smart TV,TV App,False
2148,808,13,2025-04-08,82,0.59,Mobile,iOS,True
2149,326,6,2025-03-07,57,0.6,Tablet,iOS,False
2150,159,21,2025-04-27,102,0.66,Mobile,Android,False
2151,404,21,2025-04-19,86,0.56,Smart TV,Android,False
2152,989,24,2025-02-17,105,1.0,Laptop,Android,False
2153,677,15,2025-04-16,109,0.92,Desktop,iOS,False
2154,241,4,2025-04-05,90,0.84,Mobile,Android,False
2155,948,19,2025-04-24,80,0.64,Mobile,Android,False
2156,478,21,2025-04-17,128,0.83,Tablet,iOS,False
2157,1093,2,2024-09-17,73,0.56,Smart TV,Web,True
2158,810,4,2025-03-24,75,0.7,Mobile,Web,False
2159,783,11,2025-02-16,96,0.76,Tablet,iOS,False
2160,298,9,2025-04-23,131,0.95,Laptop,iOS,False
2161,1053,22,2025-02-18,108,0.9,Mobile,Web,False
2162,917,21,2025-04-09,131,0.85,Smart TV,Android,False
2163,112,1,2025-03-01,114,0.97,Smart TV,Android,False
2164,810,16,2025-04-22,70,0.72,Smart TV,Android,False
2165,397,1,2025-03-17,118,1.0,Smart TV,TV App,False
2166,150,14,2025-03-09,126,0.97,Mobile,iOS,False
2167,1132,21,2025-04-27,108,0.7,Laptop,Android,False
2168,580,1,2025-03-14,94,0.8,Mobile,iOS,True
2169,480,11,2025-03-31,127,1.0,Smart TV,Android,True
2170,136,15,2025-04-03,74,0.63,Smart TV,Web,False
2171,465,7,2025-01-19,71,0.79,Smart TV,iOS,False
2172,421,15,2025-03-16,73,0.62,Laptop,iOS,False
2173,805,21,2025-04-20,108,0.7,Laptop,Android,False
2174,1055,25,2024-07-23,89,0.66,Laptop,Web,False
2175,1007,13,2025-04-26,116,0.83,Laptop,Web,False
2176,796,4,2025-03-07,59,0.55,Laptop,iOS,True
2177,874,1,2025-03-22,100,0.85,Smart TV,Android,False
2178,792,5,2025-02-06,71,0.59,Smart TV,iOS,False
2179,288,11,2025-02-16,104,0.82,Mobile,Web,False
2180,333,16,2024-11-16,78,0.8,Smart TV,iOS,False
2181,788,9,2025-04-15,126,0.92,Smart TV,iOS,True
2182,920,13,2025-04-02,102,0.73,Smart TV,TV App,False
2183,33,3,2024-11-24,91,0.63,Smart TV,Android,False
2184,258,7,2025-01-23,56,0.63,Smart TV,Android,False
2185,157,15,2025-03-21,85,0.72,Mobile,Web,False
2186,493,23,2025-03-31,68,0.62,Mobile,Android,False
2187,444,12,2025-02-26,81,0.8,Smart TV,Android,False
2188,648,15,2025-03-30,92,0.78,Smart TV,Android,False
2189,895,9,2025-04-07,63,0.46,Smart TV,Web,False
2190,914,16,2024-11-21,66,0.68,Smart TV,TV App,False
2191,977,15,2025-03-13,86,0.73,Smart TV,TV App,False
2192,79,18,2024-12-08,113,0.8,Smart TV,Web,True
2193,576,3,2025-03-26,116,0.8,Smart TV,Android,False
2194,258,9,2025-04-26,100,0.73,Desktop,Web,False
2195,457,4,2025-04-18,68,0.63,Laptop,Web,False
2196,672,9,2025-04-20,84,0.61,Smart TV,iOS,True
2197,983,13,2025-04-04,140,1.0,Mobile,iOS,True
2198,693,9,2025-04-24,111,0.81,Laptop,iOS,False
2199,1169,14,2025-03-16,70,0.54,Smart TV,iOS,False
2200,891,6,2025-03-01,33,0.35,Mobile,Web,False
2201,299,1,2025-01-17,118,1.0,Smart TV,Android,False
2202,517,17,2025-02-23,80,0.95,Mobile,iOS,False
2203,425,21,2025-04-07,155,1.0,Mobile,Android,False
2204,676,23,2025-03-13,94,0.86,Mobile,TV App,False
2205,397,3,2025-04-11,71,0.49,Mobile,iOS,False
2206,842,22,2025-02-15,94,0.79,Laptop,iOS,False
2207,945,22,2024-11-28,81,0.68,Smart TV,Android,False
2208,283,4,2025-04-18,81,0.75,Smart TV,Android,False
2209,489,22,2024-11-07,52,0.44,Smart TV,iOS,False
2210,725,23,2025-03-12,92,0.84,Laptop,Web,True
2211,523,5,2024-12-25,81,0.67,Mobile,TV App,False
2212,1088,3,2025-04-07,113,0.78,Tablet,iOS,False
2213,541,13,2025-04-18,86,0.62,Smart TV,iOS,False
2214,642,16,2025-01-21,49,0.51,Smart TV,Android,False
2215,202,5,2025-01-12,69,0.57,Mobile,iOS,False
2216,24,15,2025-04-17,84,0.71,Laptop,iOS,False
2217,1023,22,2025-02-11,96,0.8,Laptop,TV App,False
2218,1024,13,2025-03-29,85,0.61,Desktop,Web,False
2219,921,15,2025-03-01,101,0.85,Smart TV,iOS,False
2220,613,11,2025-04-18,90,0.71,Mobile,iOS,False
2221,591,1,2025-03-27,94,0.8,Tablet,Web,False
2222,829,2,2025-04-08,102,0.78,Laptop,TV App,False
2223,602,18,2024-11-20,112,0.79,Mobile,TV App,False
2224,49,18,2025-04-18,120,0.85,Mobile,iOS,False
2225,940,15,2025-03-02,117,0.99,Laptop,Web,False
2226,972,1,2025-01-16,116,0.99,Desktop,iOS,True
2227,704,24,2025-03-08,102,0.98,Tablet,Android,False
2228,894,12,2025-01-08,79,0.78,Smart TV,Android,False
2229,507,19,2025-04-30,78,0.63,Tablet,Web,False
2230,362,19,2025-04-29,71,0.57,Mobile,Web,False
2231,661,15,2025-04-17,96,0.81,Smart TV,Web,False
2232,139,7,2025-01-24,67,0.75,Smart TV,Android,False
2233,1200,3,2024-12-29,117,0.81,Laptop,iOS,False
2234,525,13,2025-04-10,91,0.65,Smart TV,iOS,False
2235,105,1,2025-04-16,103,0.88,Smart TV,Android,False
2236,1053,1,2025-04-12,88,0.75,Laptop,iOS,False
2237,1054,6,2025-04-16,51,0.54,Tablet,Android,False
2238,1003,8,2025-02-09,35,0.4,Tablet,Web,False
2239,711,21,2025-04-12,133,0.86,Laptop,iOS,False
2240,1015,9,2025-04-14,115,0.84,Mobile,iOS,False
2241,246,21,2025-04-15,89,0.58,Mobile,iOS,False
2242,220,24,2025-02-08,88,0.84,Mobile,Android,False
2243,832,3,2025-02-25,87,0.6,Desktop,Web,False
2244,992,1,2025-01-15,118,1.0,Laptop,Web,False
2245,407,3,2025-02-03,68,0.47,Laptop,TV App,False
2246,481,24,2025-03-03,90,0.86,Mobile,Web,False
2247,687,21,2025-03-27,80,0.52,Mobile,Android,False
2248,612,3,2025-02-04,89,0.62,Smart TV,Web,False
2249,973,22,2025-03-05,86,0.72,Mobile,iOS,True
2250,472,18,2025-03-13,95,0.67,Mobile,Android,False
2251,371,18,2025-03-19,105,0.74,Mobile,Web,False
2252,425,23,2025-03-21,88,0.8,Laptop,Web,False
2253,487,23,2025-04-26,52,0.48,Smart TV,iOS,False
2254,1153,3,2024-12-06,102,0.71,Mobile,Web,False
2255,574,14,2025-02-28,74,0.57,Tablet,Android,False
2256,375,17,2025-03-21,73,0.87,Desktop,iOS,True
2257,309,5,2025-04-13,90,0.74,Smart TV,TV App,False
2258,1084,16,2025-04-29,80,0.82,Mobile,Android,False
2259,755,5,2025-01-02,89,0.73,Smart TV,iOS,True
2260,132,12,2025-01-12,84,0.83,Desktop,Android,False
2261,790,4,2025-04-19,74,0.69,Laptop,Android,False
2262,680,4,2025-02-25,69,0.64,Laptop,Web,True
2263,1192,1,2025-01-31,99,0.84,Tablet,Web,False
2264,223,18,2025-02-06,107,0.76,Mobile,Android,False
2265,123,16,2024-11-24,61,0.63,Smart TV,Web,False
2266,1093,9,2025-04-11,85,0.62,Mobile,Web,False
2267,603,23,2025-03-10,86,0.79,Smart TV,Android,False
2268,466,5,2025-04-02,91,0.75,Mobile,iOS,False
2269,442,25,2024-08-21,112,0.83,Smart TV,Web,False
2270,586,18,2025-02-20,142,1.0,Smart TV,Android,False
2271,627,5,2024-12-25,111,0.91,Smart TV,iOS,False
2272,22,16,2025-03-08,71,0.73,Tablet,Web,False
2273,85,23,2025-02-21,80,0.73,Smart TV,iOS,False
2274,572,19,2025-04-22,86,0.69,Laptop,TV App,False
2275,9,3,2024-12-14,110,0.76,Smart TV,Android,False
2276,945,20,2024-09-21,56,0.61,Laptop,iOS,True
2277,714,11,2025-03-01,97,0.77,Smart TV,Android,False
2278,250,1,2025-02-18,96,0.82,Smart TV,Android,False
2279,882,4,2025-02-14,65,0.61,Smart TV,TV App,False
2280,723,1,2025-04-01,118,1.0,Smart TV,Android,True
2281,1061,15,2025-04-30,53,0.45,Desktop,TV App,False
2282,1031,9,2025-04-20,74,0.54,Mobile,Web,False
2283,503,5,2024-12-08,74,0.61,Mobile,TV App,False
2284,476,19,2025-04-20,125,1.0,Tablet,Web,False
2285,1173,9,2025-04-16,110,0.8,Tablet,Web,False
2286,745,2,2025-03-09,96,0.73,Laptop,Web,False
2287,484,1,2025-03-06,118,1.0,Smart TV,Android,False
2288,598,25,2024-11-26,120,0.89,Smart TV,iOS,False
2289,90,1,2025-02-10,95,0.81,Laptop,iOS,False
2290,551,4,2025-04-28,73,0.68,Mobile,iOS,False
2291,905,13,2025-04-21,123,0.88,Mobile,iOS,True
2292,1178,18,2025-04-24,122,0.86,Smart TV,TV App,False
2293,322,9,2025-04-29,89,0.65,Mobile,Android,False
2294,428,3,2025-01-25,108,0.75,Laptop,TV App,False
2295,811,1,2025-03-10,101,0.86,Mobile,Android,False
2296,489,4,2025-04-09,93,0.87,Mobile,iOS,False
2297,193,25,2024-12-12,87,0.65,Mobile,Web,False
2298,102,19,2025-04-30,87,0.7,Mobile,Web,True
2299,949,9,2025-04-22,128,0.93,Mobile,iOS,False
2300,1044,1,2025-03-25,118,1.0,Smart TV,Android,False
2301,60,19,2025-04-26,77,0.62,Mobile,TV App,False
2302,16,16,2024-11-14,63,0.65,Smart TV,Web,True
2303,925,21,2025-03-27,122,0.79,Smart TV,Android,False
2304,1118,11,2025-04-06,88,0.7,Mobile,TV App,False
2305,1146,19,2025-04-14,96,0.77,Smart TV,Android,False
2306,681,11,2025-03-28,66,0.52,Tablet,TV App,False
2307,438,15,2025-03-14,98,0.83,Tablet,Web,False
2308,1137,24,2025-02-11,73,0.7,Tablet,iOS,False
2309,738,12,2024-10-21,80,0.79,Desktop,Android,False
2310,557,16,2024-12-07,82,0.84,Smart TV,Web,False
2311,325,1,2025-03-12,90,0.77,Smart TV,Android,False
2312,6,1,2025-02-23,96,0.82,Smart TV,Android,False
2313,201,18,2025-04-04,78,0.55,Smart TV,iOS,False
2314,514,7,2025-01-05,36,0.41,Tablet,iOS,False
2315,604,19,2025-04-16,101,0.81,Mobile,Web,False
2316,635,4,2025-04-27,81,0.75,Mobile,iOS,False
2317,796,14,2024-11-15,106,0.82,Laptop,iOS,False
2318,339,15,2025-04-15,119,1.0,Mobile,iOS,False
2319,1041,13,2025-04-22,98,0.7,Mobile,iOS,False
2320,337,23,2025-02-25,102,0.93,Smart TV,iOS,True
2321,344,4,2025-03-16,86,0.8,Laptop,Android,False
2322,1072,2,2025-02-27,113,0.86,Mobile,Web,False
2323,368,7,2025-02-02,73,0.82,Mobile,iOS,False
2324,529,5,2025-04-20,89,0.73,Laptop,Web,False
2325,138,5,2024-11-28,107,0.88,Tablet,Android,True
2326,731,4,2025-03-28,89,0.83,Smart TV,Web,False
2327,885,6,2025-03-13,38,0.4,Laptop,Web,False
2328,172,25,2024-07-22,124,0.92,Smart TV,Android,False
2329,790,18,2025-01-08,126,0.89,Smart TV,TV App,False
2330,76,21,2025-04-23,124,0.8,Laptop,iOS,False
2331,558,1,2025-04-20,108,0.92,Smart TV,TV App,False
2332,897,22,2024-11-29,78,0.65,Mobile,iOS,False
2333,115,16,2025-02-09,85,0.87,Tablet,Android,False
2334,798,15,2025-03-09,70,0.59,Smart TV,iOS,True
2335,924,3,2025-04-09,105,0.73,Tablet,Web,True
2336,639,11,2025-03-10,93,0.74,Tablet,iOS,False
2337,84,23,2025-03-25,79,0.72,Smart TV,iOS,False
2338,674,19,2025-04-20,98,0.79,Smart TV,Android,True
2339,498,6,2025-03-28,36,0.38,Smart TV,TV App,False
2340,710,13,2025-04-02,127,0.91,Smart TV,TV App,False
2341,121,11,2025-03-29,127,1.0,Laptop,Web,False
2342,262,21,2025-04-26,151,0.98,Desktop,TV App,False
2343,834,23,2025-03-12,59,0.54,Tablet,iOS,False
2344,847,24,2025-01-04,51,0.49,Smart TV,Web,False
2345,822,1,2025-02-27,113,0.96,Mobile,Android,False
2346,1170,1,2025-03-06,116,0.99,Smart TV,TV App,False
2347,700,12,2025-04-08,99,0.98,Smart TV,Android,False
2348,1084,21,2025-04-01,108,0.7,Laptop,iOS,False
2349,532,6,2025-04-13,51,0.54,Laptop,iOS,False
2350,38,17,2025-03-31,85,1.0,Mobile,Android,False
2351,689,19,2025-04-16,96,0.77,Mobile,iOS,False
2352,202,3,2025-03-30,78,0.54,Mobile,iOS,True
2353,785,2,2024-08-22,104,0.79,Smart TV,iOS,False
2354,357,7,2025-02-08,54,0.6,Smart TV,iOS,False
2355,38,2,2025-01-17,110,0.84,Smart TV,TV App,False
2356,981,19,2025-04-29,72,0.58,Laptop,Android,True
2357,869,4,2025-04-27,89,0.83,Smart TV,TV App,False
2358,1110,1,2025-04-11,118,1.0,Smart TV,TV App,True
2359,620,18,2024-12-19,103,0.73,Smart TV,Android,True
2360,817,1,2025-02-12,108,0.92,Mobile,iOS,False
2361,818,4,2025-04-14,58,0.54,Smart TV,iOS,False
2362,729,19,2025-04-27,111,0.89,Laptop,Web,False
2363,1063,13,2025-04-15,140,1.0,Laptop,TV App,False
2364,269,19,2025-04-23,57,0.46,Smart TV,Web,False
2365,879,25,2025-03-02,114,0.85,Tablet,Web,False
2366,1161,18,2024-11-28,109,0.77,Smart TV,TV App,False
2367,908,9,2025-04-24,89,0.65,Mobile,TV App,False
2368,710,14,2024-07-12,98,0.76,Mobile,TV App,False
2369,507,6,2025-04-12,65,0.69,Desktop,Android,False
2370,1127,25,2024-09-27,87,0.65,Smart TV,Web,False
2371,989,13,2025-04-10,140,1.0,Smart TV,Web,False
2372,103,19,2025-04-13,83,0.67,Smart TV,TV App,False
2373,106,5,2024-12-27,100,0.82,Mobile,Android,False
2374,471,20,2024-08-20,74,0.81,Smart TV,iOS,False
2375,16,9,2025-04-07,70,0.51,Smart TV,Android,False
2376,740,9,2025-04-25,114,0.83,Smart TV,Web,True
2377,748,21,2025-03-25,102,0.66,Smart TV,Web,False
2378,1120,4,2025-03-22,73,0.68,Mobile,Web,False
2379,598,1,2025-01-29,102,0.87,Mobile,Web,False
2380,444,2,2025-01-22,126,0.96,Smart TV,Web,False
2381,5,2,2025-03-14,125,0.95,Laptop,TV App,False
2382,1028,16,2025-02-26,91,0.93,Smart TV,TV App,False
2383,25,23,2025-04-30,63,0.58,Tablet,iOS,False
2384,962,19,2025-04-19,70,0.56,Mobile,Web,False
2385,133,9,2025-04-15,109,0.79,Laptop,Android,True
2386,1155,16,2024-12-16,67,0.69,Smart TV,Web,False
2387,599,23,2025-02-09,75,0.69,Laptop,iOS,False
2388,127,22,2025-04-27,84,0.7,Smart TV,Web,False
2389,851,25,2025-01-18,68,0.51,Laptop,Android,True
2390,1042,19,2025-04-22,81,0.65,Smart TV,iOS,False
2391,965,14,2025-03-06,97,0.75,Smart TV,TV App,False
2392,562,9,2025-04-30,91,0.66,Tablet,Android,True
2393,656,7,2025-01-08,36,0.41,Mobile,Android,False
2394,930,25,2024-10-04,90,0.67,Tablet,iOS,False
2395,695,4,2025-02-17,57,0.53,Mobile,Web,True
2396,359,11,2025-04-04,93,0.74,Smart TV,iOS,False
2397,146,13,2025-04-25,74,0.53,Smart TV,iOS,False
2398,739,5,2024-09-13,122,1.0,Mobile,Web,False
2399,877,17,2025-03-23,70,0.83,Mobile,TV App,True
2400,419,8,2025-03-09,42,0.48,Mobile,Android,False
2401,191,6,2025-03-17,58,0.62,Smart TV,Android,True
2402,809,24,2025-04-19,42,0.4,Tablet,TV App,False
2403,143,19,2025-04-14,118,0.95,Mobile,TV App,False
2404,164,2,2025-03-01,67,0.51,Smart TV,Android,False
2405,74,23,2025-04-04,66,0.6,Mobile,Web,False
2406,756,15,2025-03-28,44,0.37,Mobile,iOS,False
2407,1116,22,2024-11-09,118,0.99,Mobile,Android,True
2408,833,16,2025-04-26,95,0.97,Tablet,Android,False
2409,627,6,2025-04-08,72,0.76,Smart TV,Web,False
2410,1136,18,2024-11-11,130,0.92,Laptop,Web,False
2411,793,15,2025-03-02,107,0.9,Laptop,TV App,False
2412,705,9,2025-04-29,103,0.75,Tablet,Web,False
2413,122,4,2025-02-24,98,0.91,Smart TV,Android,False
2414,144,21,2025-04-06,100,0.65,Smart TV,iOS,True
2415,323,1,2025-01-18,109,0.93,Smart TV,iOS,False
2416,694,18,2025-01-19,78,0.55,Smart TV,Web,True
2417,273,14,2024-06-25,100,0.77,Smart TV,Android,False
2418,577,21,2025-04-02,122,0.79,Mobile,TV App,True
2419,653,19,2025-04-16,101,0.81,Laptop,TV App,False
2420,505,23,2025-02-15,101,0.92,Laptop,TV App,False
2421,886,13,2025-04-19,106,0.76,Smart TV,Android,False
2422,14,1,2025-01-16,101,0.86,Laptop,iOS,False
2423,727,1,2025-03-13,97,0.83,Laptop,TV App,False
2424,635,11,2025-04-02,92,0.73,Smart TV,iOS,False
2425,392,8,2025-02-18,38,0.44,Tablet,iOS,False
2426,641,21,2025-03-30,131,0.85,Smart TV,iOS,True
2427,105,2,2025-04-26,51,0.39,Smart TV,iOS,False
2428,628,13,2025-04-05,126,0.9,Mobile,iOS,False
2429,155,19,2025-04-30,83,0.67,Smart TV,Android,False
2430,645,13,2025-04-18,37,0.27,Smart TV,Web,False
2431,816,9,2025-04-30,117,0.85,Mobile,TV App,False
2432,738,9,2025-04-15,99,0.72,Smart TV,Android,True
2433,454,18,2024-10-16,97,0.69,Tablet,iOS,True
2434,742,15,2025-04-15,73,0.62,Laptop,Android,False
2435,665,15,2025-03-15,67,0.57,Tablet,Web,False
2436,24,21,2025-04-16,151,0.98,Mobile,iOS,False
2437,178,23,2025-03-08,74,0.68,Laptop,Android,False
2438,1138,4,2025-03-13,83,0.77,Mobile,Android,False
2439,37,1,2025-02-07,66,0.56,Mobile,Web,False
2440,833,9,2025-04-20,85,0.62,Smart TV,Web,False
2441,1109,4,2025-03-16,66,0.62,Mobile,Web,False
2442,31,3,2025-03-24,131,0.91,Laptop,Web,False
2443,992,25,2025-02-27,87,0.65,Mobile,Web,False
2444,908,20,2024-08-23,27,0.3,Smart TV,iOS,False
2445,764,10,2024-10-29,87,0.76,Smart TV,Android,False
2446,299,19,2025-04-22,90,0.72,Mobile,Web,False
2447,780,22,2025-02-04,90,0.75,Smart TV,Web,False
2448,626,4,2025-03-28,54,0.5,Mobile,TV App,False
2449,928,18,2025-03-15,120,0.85,Mobile,Android,False
2450,216,6,2025-04-27,70,0.74,Mobile,TV App,False
2451,176,13,2025-03-29,95,0.68,Desktop,TV App,True
2452,880,21,2025-04-18,88,0.57,Smart TV,Web,False
2453,1078,12,2024-11-27,72,0.71,Mobile,Web,False
2454,756,6,2025-03-04,15,0.16,Mobile,Web,False
2455,412,5,2025-04-03,84,0.69,Mobile,Web,False
2456,876,23,2025-04-25,58,0.53,Smart TV,iOS,False
2457,351,11,2025-04-27,104,0.82,Mobile,Android,False
2458,656,16,2025-02-06,69,0.71,Smart TV,iOS,False
2459,725,17,2025-03-18,77,0.91,Smart TV,Android,False
2460,17,1,2025-02-28,118,1.0,Smart TV,Android,False
2461,246,1,2025-01-28,118,1.0,Tablet,TV App,False
2462,987,24,2025-01-16,96,0.92,Mobile,Web,False
2463,3,12,2025-04-02,58,0.57,Tablet,TV App,False
2464,527,20,2024-09-07,84,0.92,Tablet,Android,False
2465,745,3,2025-01-31,68,0.47,Tablet,iOS,False
2466,1104,1,2025-02-08,108,0.92,Mobile,Android,True
2467,174,23,2025-04-23,101,0.92,Desktop,iOS,False
2468,146,11,2025-02-13,113,0.89,Smart TV,Web,False
2469,440,12,2024-10-15,65,0.64,Desktop,Web,False
2470,304,22,2025-04-17,120,1.0,Mobile,Android,True
2471,272,13,2025-04-18,102,0.73,Mobile,iOS,False
2472,590,19,2025-04-21,75,0.6,Smart TV,TV App,True
2473,886,15,2025-04-09,94,0.79,Smart TV,Web,False
2474,162,4,2025-03-22,81,0.75,Smart TV,Web,False
2475,591,13,2025-03-28,99,0.71,Smart TV,Web,False
2476,1042,19,2025-04-20,75,0.6,Mobile,Web,False
2477,302,1,2025-01-18,110,0.94,Mobile,Android,False
2478,1006,9,2025-04-28,91,0.66,Laptop,Android,False
2479,1048,22,2025-03-18,88,0.74,Smart TV,TV App,False
2480,90,17,2025-04-23,67,0.79,Laptop,Web,False
2481,991,10,2024-09-24,93,0.81,Smart TV,iOS,False
2482,325,10,2024-08-10,64,0.56,Desktop,Web,False
2483,219,11,2025-03-08,68,0.54,Mobile,Android,False
2484,901,22,2024-12-29,94,0.79,Tablet,iOS,False
2485,260,10,2024-08-14,85,0.74,Mobile,Web,False
2486,159,25,2024-08-22,93,0.69,Mobile,Android,False
2487,209,24,2025-02-01,47,0.45,Mobile,Web,False
2488,727,22,2025-02-20,93,0.78,Mobile,Android,True
2489,669,5,2024-09-06,122,1.0,Smart TV,Web,False
2490,148,1,2025-03-21,105,0.89,Laptop,TV App,False
2491,702,13,2025-03-30,124,0.89,Mobile,Web,False
2492,567,7,2025-01-20,39,0.44,Smart TV,Android,False
2493,563,3,2025-03-31,114,0.79,Mobile,iOS,False
2494,788,18,2024-10-03,82,0.58,Smart TV,Android,False
2495,556,22,2025-03-30,68,0.57,Mobile,iOS,False
2496,148,14,2025-02-13,87,0.67,Mobile,Web,False
2497,1013,11,2025-03-15,60,0.48,Smart TV,TV App,False
2498,890,16,2025-01-21,68,0.7,Mobile,iOS,False
2499,182,11,2025-02-01,95,0.75,Mobile,TV App,True
2500,243,24,2025-02-24,67,0.64,Smart TV,Web,True
2501,984,19,2025-04-17,95,0.76,Mobile,Web,False
2502,12,21,2025-04-03,110,0.71,Smart TV,iOS,False
2503,28,23,2025-02-26,108,0.99,Smart TV,TV App,False
2504,426,9,2025-04-18,124,0.9,Smart TV,Android,False
2505,567,20,2024-09-08,40,0.44,Tablet,TV App,False
2506,965,22,2025-01-16,67,0.56,Laptop,Android,False
2507,231,1,2025-02-06,88,0.75,Smart TV,iOS,False
2508,900,21,2025-04-23,99,0.64,Laptop,iOS,False
2509,38,1,2025-04-24,118,1.0,Laptop,Web,True
2510,453,19,2025-04-25,88,0.71,Tablet,Android,False
2511,617,9,2025-04-07,59,0.43,Laptop,iOS,False
2512,103,22,2025-02-12,84,0.7,Laptop,TV App,False
2513,470,23,2025-04-12,64,0.59,Mobile,Android,False
2514,459,22,2024-11-21,102,0.85,Mobile,Web,False
2515,971,22,2024-11-08,73,0.61,Mobile,Android,False
2516,817,19,2025-04-20,111,0.89,Laptop,Android,False
2517,403,14,2024-12-04,81,0.63,Smart TV,Android,True
2518,819,25,2024-08-12,91,0.68,Mobile,iOS,False
2519,604,9,2025-04-09,117,0.85,Tablet,TV App,False
2520,624,23,2025-04-16,75,0.69,Tablet,Android,True
2521,1107,4,2025-04-03,75,0.7,Tablet,Android,False
2522,256,19,2025-04-29,125,1.0,Desktop,iOS,False
2523,927,10,2024-08-06,73,0.64,Laptop,Web,False
2524,874,1,2025-02-11,108,0.92,Tablet,Android,True
2525,611,15,2025-04-17,83,0.7,Mobile,TV App,False
2526,679,14,2024-09-17,130,1.0,Smart TV,Android,False
2527,634,4,2025-03-13,100,0.93,Desktop,Android,False
2528,1173,1,2025-03-30,109,0.93,Tablet,TV App,False
2529,783,15,2025-02-28,84,0.71,Laptop,Web,False
2530,1192,25,2024-07-22,94,0.7,Smart TV,Web,False
2531,615,15,2025-04-12,95,0.8,Smart TV,Web,True
2532,62,25,2025-02-24,105,0.78,Smart TV,iOS,False
2533,586,19,2025-04-29,111,0.89,Mobile,TV App,False
2534,424,21,2025-04-16,99,0.64,Tablet,TV App,False
2535,1006,20,2024-10-03,39,0.43,Smart TV,Web,False
2536,435,3,2025-01-21,105,0.73,Smart TV,Android,False
2537,133,14,2024-07-26,101,0.78,Mobile,Android,True
2538,338,21,2025-04-10,108,0.7,Smart TV,iOS,False
2539,449,19,2025-04-18,76,0.61,Tablet,iOS,False
2540,766,22,2025-03-31,81,0.68,Tablet,Android,False
2541,126,21,2025-04-19,72,0.47,Desktop,Android,False
2542,888,19,2025-04-18,115,0.92,Smart TV,Android,False
2543,1151,11,2025-02-21,64,0.51,Desktop,TV App,False
2544,922,11,2025-03-06,74,0.59,Mobile,TV App,True
2545,156,3,2025-02-09,108,0.75,Laptop,Web,False
2546,209,13,2025-04-14,96,0.69,Tablet,TV App,False
2547,1009,5,2024-09-24,81,0.67,Mobile,iOS,False
2548,1196,11,2025-04-06,120,0.95,Mobile,Android,False
2549,469,14,2024-06-27,98,0.76,Mobile,TV App,False
2550,1032,7,2025-01-23,48,0.54,Smart TV,Android,False
2551,911,12,2025-02-07,81,0.8,Laptop,iOS,True
2552,355,21,2025-04-01,60,0.39,Mobile,Android,True
2553,392,22,2024-11-20,78,0.65,Desktop,Android,True
2554,716,5,2024-11-15,71,0.59,Mobile,TV App,False
2555,877,22,2025-04-19,56,0.47,Laptop,Android,False
2556,259,11,2025-02-06,53,0.42,Smart TV,iOS,False
2557,1085,18,2025-02-19,105,0.74,Tablet,iOS,False
2558,398,22,2024-12-14,58,0.49,Smart TV,Web,False
2559,1198,23,2025-04-03,82,0.75,Mobile,iOS,True
2560,80,9,2025-04-16,111,0.81,Mobile,Android,False
2561,1066,19,2025-04-14,85,0.68,Mobile,Web,False
2562,101,13,2025-03-27,116,0.83,Mobile,iOS,False
2563,1122,13,2025-03-28,61,0.44,Mobile,iOS,False
2564,533,14,2024-11-20,84,0.65,Mobile,Web,False
2565,671,3,2025-04-24,105,0.73,Tablet,Android,False
2566,1104,5,2024-10-07,71,0.59,Smart TV,Android,False
2567,674,21,2025-04-11,147,0.95,Smart TV,iOS,True
2568,61,11,2025-04-27,90,0.71,Mobile,TV App,False
2569,804,8,2025-03-04,44,0.5,Smart TV,TV App,False
2570,497,11,2025-02-03,86,0.68,Mobile,Android,False
2571,710,9,2025-04-13,132,0.96,Laptop,TV App,False
2572,265,21,2025-04-25,148,0.96,Mobile,iOS,False
2573,405,2,2025-01-23,113,0.86,Smart TV,iOS,False
2574,1044,21,2025-04-07,60,0.39,Smart TV,iOS,False
2575,1050,10,2024-12-21,78,0.68,Laptop,Web,False
2576,481,18,2025-01-29,124,0.88,Laptop,TV App,False
2577,688,5,2025-04-24,107,0.88,Tablet,Android,False
2578,937,6,2025-04-29,49,0.52,Desktop,Web,False
2579,615,13,2025-04-19,95,0.68,Mobile,TV App,False
2580,249,14,2024-08-02,130,1.0,Tablet,Web,False
2581,1159,24,2024-12-22,73,0.7,Smart TV,Android,False
2582,855,22,2025-04-24,97,0.81,Laptop,Web,False
2583,797,1,2025-01-18,116,0.99,Laptop,Web,False
2584,586,3,2025-02-16,78,0.54,Laptop,TV App,False
2585,450,19,2025-04-12,125,1.0,Mobile,Android,False
2586,264,16,2025-04-11,96,0.98,Smart TV,TV App,False
2587,527,1,2025-01-28,102,0.87,Smart TV,TV App,False
2588,1153,15,2025-04-27,101,0.85,Laptop,TV App,False
2589,42,25,2024-07-08,129,0.96,Smart TV,iOS,False
2590,1151,15,2025-04-05,83,0.7,Mobile,TV App,False
2591,418,7,2024-12-16,67,0.75,Laptop,Web,False
2592,839,4,2025-03-17,70,0.65,Smart TV,Android,False
2593,56,11,2025-02-08,73,0.58,Smart TV,Web,True
2594,68,11,2025-03-10,68,0.54,Mobile,Web,True
2595,9,19,2025-04-23,96,0.77,Desktop,iOS,False
2596,62,2,2024-08-19,75,0.57,Laptop,TV App,True
2597,1090,2,2025-04-02,96,0.73,Mobile,iOS,False
2598,291,14,2025-02-10,67,0.52,Smart TV,Android,False
2599,846,23,2025-04-23,86,0.79,Smart TV,Web,True
2600,544,1,2025-01-17,108,0.92,Smart TV,Android,False
2601,684,23,2025-04-17,75,0.69,Smart TV,TV App,False
2602,893,10,2024-12-02,63,0.55,Smart TV,Web,True
2603,967,5,2025-03-06,78,0.64,Mobile,TV App,False
2604,1175,25,2025-03-05,129,0.96,Tablet,Android,False
2605,1157,1,2025-01-16,114,0.97,Laptop,Web,False
2606,891,1,2025-03-25,103,0.88,Smart TV,Android,False
2607,750,24,2025-01-18,77,0.74,Laptop,Android,False
2608,1045,17,2025-04-04,68,0.8,Tablet,TV App,False
2609,1171,9,2025-04-12,120,0.87,Smart TV,TV App,False
2610,1004,1,2025-03-19,99,0.84,Smart TV,Android,False
2611,432,1,2025-01-31,96,0.82,Mobile,TV App,True
2612,1064,22,2024-11-24,40,0.34,Tablet,iOS,False
2613,16,6,2025-04-10,72,0.76,Smart TV,TV App,False
2614,1175,6,2025-03-10,45,0.48,Smart TV,Android,False
2615,836,11,2025-02-12,90,0.71,Smart TV,Android,False
2616,26,25,2025-02-21,94,0.7,Laptop,iOS,False
2617,585,8,2025-03-05,70,0.8,Mobile,Android,False
2618,938,14,2024-08-31,85,0.66,Mobile,TV App,False
2619,861,5,2025-02-01,85,0.7,Mobile,Web,False
2620,703,5,2025-02-24,80,0.66,Smart TV,iOS,True
2621,993,10,2025-02-05,86,0.75,Smart TV,Web,False
2622,927,20,2024-09-13,43,0.47,Mobile,Android,False
2623,547,1,2025-04-01,106,0.9,Laptop,Android,False
2624,1082,7,2025-01-14,17,0.19,Smart TV,iOS,False
2625,121,1,2025-03-01,83,0.71,Mobile,iOS,False
2626,412,17,2025-01-16,56,0.67,Tablet,iOS,False
2627,897,8,2025-03-22,38,0.44,Mobile,Android,False
2628,238,3,2024-12-20,75,0.52,Tablet,iOS,False
2629,847,23,2025-04-28,91,0.83,Mobile,Android,False
2630,797,11,2025-02-16,97,0.77,Smart TV,iOS,False
2631,129,24,2025-02-20,73,0.7,Tablet,Web,False
2632,604,15,2025-04-02,61,0.52,Mobile,Android,True
2633,480,5,2025-01-31,68,0.56,Mobile,Android,False
2634,135,3,2025-01-30,89,0.62,Mobile,iOS,False
2635,558,17,2025-03-14,64,0.76,Smart TV,Android,True
2636,795,13,2025-04-29,113,0.81,Smart TV,TV App,False
2637,249,1,2025-03-03,86,0.73,Laptop,Web,False
2638,1151,21,2025-04-13,119,0.77,Desktop,iOS,False
2639,139,3,2025-01-29,121,0.84,Laptop,Android,False
2640,467,19,2025-04-28,97,0.78,Tablet,TV App,False
2641,852,9,2025-04-07,107,0.78,Smart TV,Android,False
2642,138,13,2025-04-20,88,0.63,Mobile,TV App,True
2643,774,7,2024-12-29,38,0.43,Mobile,Web,False
2644,841,2,2024-10-07,73,0.56,Smart TV,TV App,False
2645,616,19,2025-04-23,113,0.91,Mobile,Web,False
2646,649,23,2025-03-27,90,0.82,Laptop,Web,False
2647,1075,18,2025-03-31,106,0.75,Mobile,Web,False
2648,875,21,2025-04-30,117,0.76,Mobile,Web,False
2649,864,1,2025-01-24,93,0.79,Laptop,iOS,False
2650,1139,1,2025-01-31,118,1.0,Desktop,Web,True
2651,597,3,2025-04-03,72,0.5,Tablet,iOS,False
2652,632,25,2024-07-27,99,0.74,Smart TV,Web,False
2653,318,11,2025-03-03,105,0.83,Laptop,iOS,False
2654,1128,1,2025-03-18,100,0.85,Mobile,Web,False
2655,484,21,2025-04-12,133,0.86,Desktop,Web,False
2656,1051,10,2024-10-18,79,0.69,Mobile,TV App,False
2657,608,14,2025-04-05,67,0.52,Smart TV,Web,False
2658,835,10,2024-09-14,87,0.76,Mobile,iOS,False
2659,844,19,2025-04-23,66,0.53,Mobile,Android,False
2660,255,18,2025-04-20,106,0.75,Smart TV,Web,False
2661,301,13,2025-03-25,105,0.75,Tablet,Android,False
2662,1092,10,2024-11-27,65,0.57,Mobile,Web,False
2663,775,13,2025-04-11,113,0.81,Laptop,Web,False
2664,828,15,2025-03-30,79,0.67,Smart TV,iOS,True
2665,481,3,2024-12-06,82,0.57,Laptop,Android,False
2666,630,14,2024-11-25,79,0.61,Laptop,iOS,False
2667,888,19,2025-04-15,83,0.67,Smart TV,Android,False
2668,155,15,2025-04-17,82,0.69,Smart TV,Android,False
2669,694,22,2025-02-23,78,0.65,Mobile,Android,False
2670,1200,23,2025-02-11,100,0.91,Mobile,iOS,True
2671,796,13,2025-03-18,88,0.63,Mobile,Android,False
2672,416,19,2025-04-19,87,0.7,Mobile,Web,False
2673,335,10,2025-01-31,93,0.81,Smart TV,iOS,False
2674,1086,23,2025-04-09,85,0.78,Mobile,TV App,True
2675,240,3,2025-01-13,126,0.87,Smart TV,Android,False
2676,528,13,2025-04-27,140,1.0,Laptop,iOS,False
2677,900,15,2025-03-07,73,0.62,Tablet,Web,False
2678,337,3,2025-02-27,136,0.94,Laptop,Web,False
2679,894,1,2025-01-22,108,0.92,Smart TV,iOS,True
2680,316,9,2025-04-20,77,0.56,Laptop,iOS,False
2681,53,14,2024-11-12,92,0.71,Laptop,Web,False
2682,728,15,2025-04-29,103,0.87,Mobile,Web,False
2683,722,16,2025-02-14,70,0.72,Mobile,Web,False
2684,874,18,2025-03-04,113,0.8,Mobile,Android,False
2685,873,15,2025-03-21,84,0.71,Laptop,Android,False
2686,84,4,2025-04-10,66,0.62,Laptop,TV App,False
2687,190,15,2025-03-01,90,0.76,Desktop,TV App,False
2688,1095,19,2025-04-19,76,0.61,Smart TV,iOS,False
2689,964,8,2025-03-04,82,0.94,Smart TV,iOS,False
2690,1039,1,2025-03-09,113,0.96,Tablet,Web,False
2691,68,19,2025-04-12,96,0.77,Mobile,Web,False
2692,657,1,2025-04-18,114,0.97,Desktop,iOS,False
2693,972,23,2025-03-04,81,0.74,Smart TV,Android,False
2694,648,22,2025-01-01,70,0.59,Smart TV,Web,False
2695,335,11,2025-02-26,62,0.49,Mobile,iOS,False
2696,206,1,2025-02-13,118,1.0,Smart TV,Web,False
2697,886,9,2025-04-12,33,0.24,Mobile,Web,False
2698,1082,14,2024-08-21,102,0.79,Smart TV,iOS,False
2699,170,12,2025-03-08,71,0.7,Mobile,Web,False
2700,970,12,2025-02-05,89,0.88,Mobile,Android,False
2701,929,4,2025-04-06,90,0.84,Mobile,TV App,False
2702,426,2,2025-02-11,117,0.89,Tablet,Android,False
2703,812,3,2025-02-17,116,0.8,Mobile,Android,False
2704,1011,23,2025-04-16,79,0.72,Laptop,Web,False
2705,805,21,2025-04-18,86,0.56,Desktop,Android,False
2706,67,3,2025-02-06,127,0.88,Mobile,iOS,False
2707,734,15,2025-03-10,63,0.53,Laptop,Android,False
2708,284,4,2025-04-05,75,0.7,Smart TV,Android,False
2709,739,4,2025-03-06,59,0.55,Smart TV,Android,False
2710,1002,22,2025-04-09,61,0.51,Smart TV,iOS,False
2711,310,17,2025-02-24,68,0.8,Desktop,iOS,False
2712,1051,21,2025-04-26,153,0.99,Laptop,Web,False
2713,281,14,2024-06-05,93,0.72,Smart TV,Android,False
2714,1022,22,2025-04-30,62,0.52,Mobile,TV App,True
2715,686,8,2025-03-03,50,0.57,Tablet,iOS,False
2716,877,9,2025-04-23,97,0.71,Mobile,Android,False
2717,510,3,2025-03-11,145,1.0,Tablet,iOS,True
2718,513,25,2024-07-21,108,0.8,Smart TV,Web,False
2719,79,10,2024-12-15,64,0.56,Laptop,Web,False
2720,839,18,2024-12-04,110,0.78,Smart TV,TV App,False
2721,499,2,2024-10-18,99,0.75,Smart TV,Android,True
2722,132,21,2025-03-25,134,0.87,Mobile,Android,False
2723,236,1,2025-04-28,108,0.92,Mobile,Web,False
2724,1140,25,2025-04-12,97,0.72,Laptop,Web,False
2725,1000,13,2025-03-21,100,0.72,Smart TV,TV App,True
2726,104,13,2025-03-21,140,1.0,Mobile,Web,False
2727,997,9,2025-04-30,81,0.59,Laptop,Web,False
2728,72,21,2025-04-22,151,0.98,Mobile,Web,False
2729,353,18,2025-03-13,82,0.58,Tablet,iOS,False
2730,685,14,2025-03-04,107,0.83,Smart TV,Web,False
2731,400,18,2025-02-17,96,0.68,Desktop,Web,False
2732,203,15,2025-03-18,97,0.82,Smart TV,iOS,True
2733,381,11,2025-04-12,99,0.78,Tablet,iOS,False
2734,890,4,2025-04-14,46,0.43,Smart TV,Web,False
2735,1023,11,2025-03-14,92,0.73,Smart TV,iOS,True
2736,719,19,2025-04-21,86,0.69,Smart TV,Web,False
2737,670,5,2025-02-07,100,0.82,Desktop,TV App,False
2738,863,22,2025-03-31,74,0.62,Mobile,Web,True
2739,1187,20,2024-09-17,65,0.71,Mobile,Web,False
2740,1193,1,2025-01-22,100,0.85,Smart TV,iOS,False
2741,781,22,2025-03-14,54,0.45,Laptop,iOS,False
2742,1000,10,2024-09-28,90,0.79,Smart TV,TV App,False
2743,25,9,2025-04-20,63,0.46,Smart TV,iOS,False
2744,143,8,2025-01-28,38,0.44,Mobile,Web,False
2745,118,18,2024-12-05,129,0.91,Laptop,TV App,True
2746,1001,2,2024-08-13,114,0.87,Laptop,TV App,False
2747,1080,19,2025-04-24,108,0.87,Tablet,Android,False
2748,1098,9,2025-04-10,113,0.82,Smart TV,Android,False
2749,653,21,2025-03-30,75,0.49,Tablet,iOS,False
2750,409,22,2025-03-07,100,0.84,Mobile,Android,False
2751,598,2,2024-10-15,112,0.85,Smart TV,iOS,False
2752,298,4,2025-03-16,75,0.7,Laptop,iOS,False
2753,603,6,2025-03-07,38,0.41,Laptop,Web,False
2754,268,22,2025-01-02,86,0.72,Smart TV,Android,False
2755,406,11,2025-04-14,113,0.89,Smart TV,iOS,True
2756,1039,7,2025-01-09,61,0.68,Mobile,Web,True
2757,304,11,2025-03-05,105,0.83,Mobile,iOS,False
2758,892,5,2025-03-23,112,0.92,Laptop,iOS,False
2759,49,15,2025-04-13,83,0.7,Smart TV,Android,False
2760,747,22,2025-04-21,114,0.95,Smart TV,TV App,False
2761,934,12,2025-01-30,69,0.68,Tablet,Web,False
2762,834,12,2025-01-10,72,0.71,Mobile,Android,False
2763,1095,1,2025-02-16,87,0.74,Laptop,iOS,False
2764,410,1,2025-01-24,112,0.95,Tablet,Android,False
2765,1100,19,2025-04-20,98,0.79,Smart TV,Android,False
2766,800,4,2025-03-16,70,0.65,Mobile,Web,False
2767,752,4,2025-04-15,55,0.51,Smart TV,Web,False
2768,1171,9,2025-04-19,93,0.68,Mobile,iOS,True
2769,1130,1,2025-04-25,89,0.76,Smart TV,TV App,False
2770,860,8,2025-02-22,27,0.31,Tablet,Android,False
2771,488,5,2024-09-06,120,0.99,Smart TV,Android,False
2772,120,19,2025-04-28,106,0.85,Laptop,iOS,False
2773,357,2,2025-01-08,102,0.78,Laptop,Android,False
2774,606,11,2025-04-09,111,0.88,Laptop,TV App,False
2775,109,23,2025-03-28,82,0.75,Mobile,iOS,False
2776,820,13,2025-04-20,114,0.82,Laptop,Android,False
2777,560,2,2025-03-05,104,0.79,Mobile,Web,False
2778,284,21,2025-04-20,111,0.72,Mobile,Web,False
2779,645,10,2024-10-13,43,0.38,Smart TV,Web,False
2780,816,9,2025-04-27,110,0.8,Smart TV,Web,True
2781,1082,19,2025-04-17,81,0.65,Smart TV,iOS,False
2782,137,24,2025-03-14,46,0.44,Laptop,iOS,False
2783,681,4,2025-03-23,73,0.68,Smart TV,iOS,False
2784,61,24,2025-01-27,56,0.54,Smart TV,iOS,True
2785,623,1,2025-01-15,110,0.94,Smart TV,Web,False
2786,1020,21,2025-03-29,125,0.81,Desktop,iOS,False
2787,268,13,2025-04-06,124,0.89,Smart TV,Android,False
2788,26,10,2025-03-10,88,0.77,Mobile,iOS,False
2789,895,11,2025-03-24,58,0.46,Smart TV,iOS,False
2790,114,5,2025-01-31,81,0.67,Smart TV,Android,False
2791,253,13,2025-04-13,117,0.84,Laptop,Android,False
2792,467,1,2025-03-06,106,0.9,Laptop,Android,False
2793,1037,2,2025-03-16,129,0.98,Tablet,Android,False
2794,753,2,2025-04-27,88,0.67,Smart TV,Web,True
2795,19,24,2025-03-01,105,1.0,Tablet,iOS,False
2796,926,18,2024-11-01,116,0.82,Smart TV,Web,False
2797,903,24,2025-02-24,98,0.94,Mobile,TV App,False
2798,1006,7,2025-01-20,54,0.6,Mobile,TV App,False
2799,487,19,2025-04-22,97,0.78,Mobile,iOS,False
2800,926,15,2025-03-28,66,0.56,Smart TV,Web,False
2801,999,15,2025-04-27,95,0.8,Laptop,iOS,False
2802,54,1,2025-01-29,100,0.85,Desktop,Web,False
2803,23,12,2025-04-11,55,0.54,Smart TV,Web,False
2804,1167,11,2025-04-22,87,0.69,Mobile,Android,False
2805,526,2,2025-01-11,105,0.8,Smart TV,Android,False
2806,315,12,2024-12-07,79,0.78,Smart TV,Web,False
2807,1044,15,2025-04-03,107,0.9,Laptop,iOS,False
2808,126,11,2025-04-17,74,0.59,Smart TV,iOS,False
2809,55,22,2025-04-07,118,0.99,Smart TV,iOS,True
2810,73,22,2025-01-21,58,0.49,Laptop,iOS,False
2811,120,2,2024-10-19,95,0.72,Smart TV,Web,False
2812,536,13,2025-04-30,140,1.0,Smart TV,Web,False
2813,816,9,2025-04-18,125,0.91,Desktop,TV App,False
2814,516,19,2025-04-27,76,0.61,Laptop,TV App,False
2815,1191,14,2024-11-07,71,0.55,Tablet,Web,False
2816,154,9,2025-04-26,91,0.66,Mobile,Web,False
2817,372,15,2025-03-30,89,0.75,Mobile,Web,False
2818,686,1,2025-01-18,99,0.84,Mobile,Android,False
2819,580,13,2025-04-17,124,0.89,Tablet,Android,False
2820,458,7,2025-02-07,39,0.44,Tablet,Web,False
2821,1073,16,2024-11-07,79,0.81,Desktop,Web,False
2822,1167,9,2025-04-20,124,0.9,Mobile,iOS,False
2823,641,9,2025-04-13,66,0.48,Smart TV,iOS,False
2824,1104,23,2025-04-21,89,0.81,Laptop,Android,False
2825,1133,1,2025-03-15,103,0.88,Laptop,iOS,False
2826,818,9,2025-04-30,95,0.69,Mobile,TV App,False
2827,985,5,2025-04-08,62,0.51,Smart TV,TV App,False
2828,780,13,2025-04-18,65,0.47,Desktop,iOS,False
2829,529,1,2025-04-20,101,0.86,Smart TV,Web,False
2830,12,1,2025-01-27,94,0.8,Smart TV,iOS,False
2831,416,19,2025-04-21,120,0.96,Mobile,Android,False
2832,227,5,2025-01-31,84,0.69,Smart TV,Web,True
2833,1168,22,2024-11-25,81,0.68,Desktop,Web,False
2834,739,9,2025-04-28,92,0.67,Smart TV,iOS,False
2835,56,11,2025-03-19,60,0.48,Laptop,Android,False
2836,845,9,2025-04-18,89,0.65,Desktop,Web,False
2837,980,2,2025-04-09,100,0.76,Smart TV,TV App,False
2838,417,19,2025-04-24,83,0.67,Smart TV,iOS,False
2839,277,7,2025-01-20,61,0.68,Laptop,TV App,False
2840,227,3,2025-02-24,102,0.71,Mobile,Android,False
2841,1066,1,2025-04-13,118,1.0,Laptop,Android,True
2842,958,5,2024-09-12,104,0.86,Smart TV,Android,False
2843,415,3,2024-11-21,121,0.84,Smart TV,TV App,False
2844,131,13,2025-04-03,63,0.45,Smart TV,Android,True
2845,62,5,2025-04-02,109,0.9,Mobile,iOS,False
2846,580,18,2024-12-19,92,0.65,Smart TV,Android,False
2847,701,6,2025-04-24,48,0.51,Mobile,iOS,False
2848,635,8,2025-02-20,52,0.6,Tablet,iOS,True
2849,136,1,2025-01-16,83,0.71,Smart TV,iOS,False
2850,338,21,2025-03-28,113,0.73,Tablet,Android,False
2851,204,10,2024-12-01,83,0.73,Smart TV,iOS,False
2852,86,1,2025-01-16,93,0.79,Smart TV,iOS,False
2853,55,1,2025-02-24,110,0.94,Mobile,Android,False
2854,1179,15,2025-04-29,95,0.8,Tablet,Web,False
2855,608,6,2025-04-09,48,0.51,Laptop,iOS,True
2856,257,3,2025-03-07,73,0.51,Mobile,Android,False
2857,585,9,2025-04-11,85,0.62,Laptop,Web,True
2858,221,11,2025-04-16,52,0.41,Tablet,Android,False
2859,727,19,2025-04-28,75,0.6,Mobile,Web,True
2860,452,3,2025-03-13,98,0.68,Laptop,iOS,False
2861,691,16,2024-12-21,95,0.97,Mobile,Android,False
2862,784,10,2024-10-05,96,0.84,Mobile,iOS,False
2863,316,19,2025-04-15,113,0.91,Smart TV,iOS,False
2864,206,9,2025-04-24,118,0.86,Smart TV,TV App,False
2865,1115,20,2024-08-31,63,0.69,Laptop,Web,False
2866,768,1,2025-02-24,110,0.94,Tablet,iOS,False
2867,910,1,2025-01-16,93,0.79,Smart TV,Web,True
2868,914,1,2025-01-21,90,0.77,Smart TV,iOS,False
2869,204,13,2025-04-09,96,0.69,Tablet,Android,False
2870,712,22,2024-12-19,81,0.68,Smart TV,Web,True
2871,956,15,2025-03-18,65,0.55,Smart TV,Web,False
2872,1188,13,2025-03-27,140,1.0,Laptop,Android,False
2873,354,21,2025-04-25,63,0.41,Laptop,Web,False
2874,483,21,2025-04-10,71,0.46,Smart TV,Web,False
2875,976,2,2025-02-12,110,0.84,Laptop,Android,True
2876,513,3,2025-02-27,92,0.64,Smart TV,iOS,False
2877,770,13,2025-04-10,134,0.96,Desktop,Android,False
2878,1110,8,2025-03-20,18,0.21,Smart TV,Android,True
2879,247,13,2025-04-22,121,0.87,Smart TV,Web,False
2880,157,13,2025-04-07,100,0.72,Smart TV,iOS,False
2881,311,14,2024-08-14,109,0.84,Tablet,Web,False
2882,642,13,2025-04-30,81,0.58,Desktop,TV App,False
2883,588,1,2025-02-16,114,0.97,Desktop,iOS,False
2884,1018,5,2025-01-09,106,0.87,Smart TV,iOS,False
2885,1013,2,2024-11-21,120,0.91,Tablet,Android,False
2886,57,11,2025-03-18,101,0.8,Smart TV,TV App,False
2887,815,2,2024-12-25,89,0.68,Mobile,Web,False
2888,1094,8,2025-03-01,15,0.18,Mobile,Android,False
2889,592,4,2025-04-27,75,0.7,Mobile,Android,True
2890,550,15,2025-03-20,89,0.75,Laptop,iOS,True
2891,710,9,2025-04-25,111,0.81,Tablet,iOS,False
2892,704,10,2025-01-18,82,0.72,Smart TV,Web,False
2893,596,18,2024-11-07,107,0.76,Smart TV,Android,False
2894,244,9,2025-04-18,106,0.77,Smart TV,Android,False
2895,650,14,2024-07-06,130,1.0,Tablet,Web,False
2896,1070,1,2025-01-17,101,0.86,Smart TV,Android,False
2897,731,1,2025-04-13,102,0.87,Tablet,Android,False
2898,188,1,2025-01-17,118,1.0,Smart TV,Web,False
2899,473,24,2025-01-12,81,0.78,Smart TV,Android,False
2900,1012,11,2025-04-17,54,0.43,Laptop,Web,False
2901,1130,4,2025-02-18,60,0.56,Smart TV,iOS,False
2902,1165,13,2025-03-18,77,0.55,Smart TV,Android,True
2903,973,11,2025-02-15,50,0.4,Mobile,Android,True
2904,194,18,2024-12-26,106,0.75,Mobile,Web,False
2905,3,1,2025-01-21,100,0.85,Smart TV,Android,False
2906,891,13,2025-04-06,99,0.71,Smart TV,iOS,False
2907,272,8,2025-03-13,62,0.71,Tablet,iOS,False
2908,733,3,2024-11-26,92,0.64,Smart TV,Android,True
2909,767,19,2025-04-15,118,0.95,Smart TV,Web,True
2910,171,12,2025-03-20,96,0.95,Laptop,iOS,False
2911,694,22,2025-02-27,105,0.88,Desktop,iOS,True
2912,127,6,2025-03-25,37,0.39,Laptop,Web,False
2913,862,15,2025-03-30,83,0.7,Mobile,Android,False
2914,23,11,2025-04-03,116,0.92,Tablet,Android,False
2915,1051,4,2025-02-27,85,0.79,Smart TV,Android,False
2916,472,18,2025-02-28,134,0.95,Laptop,TV App,False
2917,657,13,2025-04-17,106,0.76,Mobile,iOS,False
2918,478,22,2024-12-24,108,0.9,Smart TV,TV App,False
2919,508,7,2024-12-31,36,0.4,Smart TV,Web,False
2920,10,9,2025-04-18,89,0.65,Mobile,iOS,False
2921,1003,2,2024-10-14,92,0.7,Mobile,Android,False
2922,139,1,2025-04-20,90,0.77,Mobile,Android,False
2923,171,13,2025-03-21,126,0.9,Mobile,TV App,False
2924,1127,9,2025-04-25,99,0.72,Laptop,Web,False
2925,771,10,2024-12-01,54,0.47,Mobile,iOS,False
2926,1108,21,2025-04-23,142,0.92,Tablet,Web,False
2927,667,23,2025-03-04,75,0.69,Mobile,TV App,True
2928,305,9,2025-04-18,121,0.88,Mobile,Web,False
2929,98,5,2025-03-23,103,0.85,Smart TV,Web,False
2930,1056,9,2025-04-28,102,0.74,Mobile,Web,False
2931,455,23,2025-03-31,46,0.42,Smart TV,iOS,False
2932,220,15,2025-04-13,84,0.71,Mobile,iOS,False
2933,946,23,2025-02-26,72,0.66,Tablet,iOS,False
2934,366,15,2025-04-16,107,0.9,Laptop,Android,True
2935,291,23,2025-04-04,84,0.77,Laptop,Web,False
2936,395,9,2025-04-17,63,0.46,Tablet,Web,False
2937,514,11,2025-04-04,118,0.93,Tablet,Web,False
2938,993,23,2025-02-27,93,0.85,Mobile,Android,False
2939,1052,19,2025-04-15,125,1.0,Smart TV,Web,False
2940,706,19,2025-04-21,73,0.59,Mobile,Web,False
2941,326,19,2025-04-16,98,0.79,Laptop,iOS,False
2942,1020,6,2025-03-04,41,0.44,Mobile,Web,False
2943,301,22,2025-04-26,55,0.46,Smart TV,iOS,False
2944,914,7,2025-01-11,69,0.77,Desktop,iOS,False
2945,541,14,2024-10-13,100,0.77,Desktop,Android,True
2946,437,22,2024-11-22,82,0.69,Mobile,iOS,True
2947,141,18,2024-10-24,100,0.71,Tablet,Android,False
2948,883,9,2025-04-27,110,0.8,Desktop,iOS,False
2949,186,5,2025-02-05,84,0.69,Mobile,Web,False
2950,793,11,2025-02-07,111,0.88,Smart TV,TV App,False
2951,718,2,2024-08-14,110,0.84,Laptop,iOS,False
2952,43,2,2024-08-19,110,0.84,Mobile,iOS,False
2953,713,8,2025-03-12,34,0.39,Desktop,Android,True
2954,506,8,2025-03-08,69,0.79,Smart TV,Web,False
2955,374,1,2025-02-05,89,0.76,Tablet,Android,False
2956,736,22,2025-01-20,98,0.82,Mobile,Android,True
2957,93,4,2025-03-31,108,1.0,Mobile,Web,False
2958,1028,1,2025-03-07,116,0.99,Smart TV,iOS,False
2959,282,1,2025-02-21,92,0.78,Smart TV,Web,False
2960,539,4,2025-04-05,98,0.91,Smart TV,Web,False
2961,317,19,2025-04-17,100,0.8,Laptop,Web,True
2962,1044,17,2025-04-29,32,0.38,Mobile,Web,False
2963,658,8,2025-03-07,44,0.51,Smart TV,Web,False
2964,273,21,2025-04-16,108,0.7,Laptop,iOS,True
2965,1196,9,2025-04-15,138,1.0,Mobile,Web,False
2966,907,3,2024-12-11,66,0.46,Smart TV,Web,False
2967,539,25,2024-09-13,117,0.87,Mobile,iOS,False
2968,733,22,2025-03-20,91,0.76,Laptop,TV App,False
2969,93,12,2025-01-13,65,0.64,Laptop,iOS,True
2970,662,9,2025-04-14,92,0.67,Laptop,Web,False
2971,1062,4,2025-02-17,108,1.0,Smart TV,TV App,False
2972,358,13,2025-03-27,93,0.67,Smart TV,iOS,False
2973,792,23,2025-03-01,89,0.81,Mobile,Web,False
2974,416,14,2024-08-29,111,0.86,Laptop,Web,False
2975,466,19,2025-04-19,91,0.73,Smart TV,iOS,False
2976,900,24,2025-03-22,54,0.52,Smart TV,Web,False
2977,943,1,2025-04-26,97,0.83,Smart TV,Web,False
2978,711,12,2025-03-20,77,0.76,Mobile,Web,False
2979,98,13,2025-04-19,102,0.73,Smart TV,Android,False
2980,800,24,2025-03-17,80,0.77,Mobile,Web,False
2981,856,22,2025-04-02,97,0.81,Mobile,iOS,False
2982,688,12,2025-01-23,67,0.66,Mobile,Android,False
2983,923,4,2025-02-20,88,0.82,Smart TV,Web,True
2984,401,12,2025-03-29,96,0.95,Mobile,iOS,False
2985,339,6,2025-03-05,47,0.5,Mobile,TV App,False
2986,798,22,2025-04-15,103,0.86,Tablet,Android,True
2987,635,17,2025-03-16,68,0.8,Smart TV,TV App,False
2988,263,21,2025-04-06,122,0.79,Mobile,Android,False
2989,97,25,2024-10-11,117,0.87,Mobile,iOS,False
2990,139,5,2025-04-23,118,0.97,Mobile,iOS,False
2991,547,17,2025-04-24,51,0.61,Mobile,iOS,False
2992,482,15,2025-03-13,103,0.87,Laptop,TV App,False
2993,1128,13,2025-03-28,126,0.9,Mobile,Android,False
2994,1180,15,2025-04-24,59,0.5,Smart TV,Android,False
2995,973,17,2025-03-02,74,0.88,Smart TV,Web,True
2996,859,13,2025-03-26,70,0.5,Laptop,Android,True
2997,264,4,2025-02-28,69,0.64,Laptop,Web,False
2998,198,11,2025-02-05,100,0.79,Smart TV,Web,False
2999,135,19,2025-04-27,66,0.53,Laptop,Android,False
3000,206,1,2025-03-18,86,0.73,Smart TV,iOS,False
3001,516,6,2025-03-31,54,0.57,Mobile,Web,False
3002,656,18,2025-03-10,95,0.67,Smart TV,TV App,True
3003,650,13,2025-04-28,140,1.0,Smart TV,iOS,False
3004,341,16,2025-01-14,65,0.67,Mobile,Web,False
3005,1060,3,2025-03-08,85,0.59,Smart TV,iOS,False
3006,242,22,2024-12-25,102,0.85,Mobile,Web,False
3007,103,1,2025-01-23,96,0.82,Tablet,iOS,False
3008,592,1,2025-04-06,113,0.96,Mobile,Android,False
3009,298,2,2025-02-24,101,0.77,Smart TV,iOS,False
3010,585,21,2025-04-26,144,0.93,Laptop,Android,False
3011,769,15,2025-03-26,74,0.63,Smart TV,Web,False
3012,1133,9,2025-04-19,74,0.54,Laptop,iOS,False
3013,229,11,2025-02-26,99,0.78,Laptop,iOS,False
3014,1096,10,2024-11-26,95,0.83,Smart TV,iOS,False
3015,388,11,2025-01-30,90,0.71,Smart TV,Web,True
3016,916,13,2025-04-26,72,0.52,Mobile,iOS,True
3017,733,1,2025-01-20,112,0.95,Mobile,iOS,True
3018,195,5,2025-04-13,91,0.75,Smart TV,iOS,False
3019,877,5,2025-01-09,90,0.74,Mobile,Android,True
3020,677,13,2025-03-25,93,0.67,Tablet,Android,False
3021,40,21,2025-03-29,108,0.7,Smart TV,iOS,False
3022,945,21,2025-04-15,114,0.74,Laptop,Web,True
3023,1013,15,2025-04-27,99,0.84,Desktop,Android,False
3024,684,2,2025-04-24,101,0.77,Mobile,Web,False
3025,899,11,2025-03-13,59,0.47,Desktop,Android,False
3026,288,11,2025-04-25,80,0.63,Laptop,iOS,True
3027,1120,1,2025-04-03,105,0.89,Smart TV,Android,True
3028,32,11,2025-02-13,96,0.76,Smart TV,Web,False
3029,1063,18,2025-02-06,115,0.81,Smart TV,Web,False
3030,246,11,2025-04-29,114,0.9,Smart TV,iOS,False
3031,865,1,2025-01-25,108,0.92,Smart TV,iOS,False
3032,1023,19,2025-04-28,56,0.45,Mobile,Android,False
3033,263,2,2025-03-14,108,0.82,Tablet,Web,False
3034,584,23,2025-03-23,86,0.79,Smart TV,Web,True
3035,1067,5,2025-02-20,76,0.63,Smart TV,TV App,False
3036,165,14,2024-12-18,74,0.57,Laptop,iOS,False
3037,370,25,2025-01-30,75,0.56,Tablet,TV App,False
3038,418,16,2025-03-26,70,0.72,Tablet,Web,False
3039,933,16,2025-02-23,69,0.71,Smart TV,Web,False
3040,662,11,2025-03-17,109,0.86,Mobile,Web,False
3041,985,16,2025-03-26,61,0.63,Tablet,iOS,False
3042,221,15,2025-03-21,77,0.65,Tablet,iOS,False
3043,688,9,2025-04-21,117,0.85,Laptop,TV App,False
3044,1074,9,2025-04-24,93,0.68,Laptop,Web,False
3045,356,10,2025-01-23,85,0.74,Smart TV,iOS,True
3046,996,23,2025-02-12,47,0.43,Mobile,iOS,False
3047,455,2,2025-03-31,104,0.79,Mobile,TV App,False
3048,292,16,2025-03-02,91,0.93,Mobile,Web,False
3049,782,16,2024-11-16,78,0.8,Laptop,iOS,False
3050,233,19,2025-04-23,122,0.98,Mobile,iOS,False
3051,1002,1,2025-04-29,113,0.96,Smart TV,Web,False
3052,322,21,2025-03-29,113,0.73,Mobile,Android,False
3053,387,5,2025-03-05,79,0.65,Smart TV,iOS,False
3054,667,19,2025-04-29,92,0.74,Mobile,Android,False
3055,977,1,2025-02-07,90,0.77,Smart TV,Web,False
3056,1129,1,2025-02-25,107,0.91,Smart TV,Web,False
3057,235,18,2024-10-05,99,0.7,Laptop,iOS,False
3058,496,22,2025-01-08,100,0.84,Tablet,iOS,False
3059,1049,22,2025-01-29,92,0.77,Smart TV,iOS,False
3060,58,1,2025-02-16,115,0.98,Mobile,Web,False
3061,1108,15,2025-03-31,89,0.75,Smart TV,Android,False
3062,287,1,2025-04-26,118,1.0,Smart TV,iOS,True
3063,513,14,2025-04-16,94,0.73,Tablet,iOS,False
3064,926,9,2025-04-05,115,0.84,Laptop,TV App,False
3065,883,18,2025-01-13,105,0.74,Tablet,iOS,False
3066,239,13,2025-03-28,102,0.73,Smart TV,iOS,False
3067,745,19,2025-04-18,125,1.0,Mobile,Web,False
3068,785,9,2025-04-06,138,1.0,Laptop,Web,True
3069,267,19,2025-04-27,81,0.65,Laptop,Android,True
3070,807,10,2025-01-31,82,0.72,Smart TV,TV App,False
3071,211,9,2025-04-11,111,0.81,Mobile,Android,False
3072,1056,5,2024-09-13,89,0.73,Mobile,TV App,False
3073,298,2,2025-02-25,91,0.69,Mobile,iOS,False
3074,752,19,2025-04-13,125,1.0,Laptop,iOS,True
3075,771,22,2025-01-05,120,1.0,Laptop,Android,False
3076,702,22,2025-01-27,75,0.63,Mobile,Web,False
3077,697,7,2024-12-11,35,0.39,Laptop,TV App,True
3078,273,2,2024-11-25,132,1.0,Mobile,TV App,False
3079,909,6,2025-04-25,65,0.69,Laptop,iOS,True
3080,909,9,2025-04-30,120,0.87,Smart TV,Web,False
3081,1136,21,2025-04-22,117,0.76,Laptop,Web,False
3082,356,10,2025-04-19,88,0.77,Mobile,Web,False
3083,387,6,2025-03-14,37,0.39,Laptop,Android,False
3084,649,21,2025-04-03,155,1.0,Mobile,Android,False
3085,73,17,2025-02-19,62,0.74,Laptop,iOS,True
3086,1085,13,2025-03-31,60,0.43,Laptop,Web,True
3087,1010,23,2025-04-04,77,0.7,Smart TV,Android,True
3088,832,22,2025-03-23,104,0.87,Laptop,Web,False
3089,203,22,2024-11-04,97,0.81,Smart TV,iOS,True
3090,241,19,2025-04-14,82,0.66,Mobile,Web,False
3091,1076,3,2025-01-17,117,0.81,Laptop,Web,False
3092,43,12,2024-12-11,69,0.68,Smart TV,iOS,False
3093,1196,2,2024-09-15,77,0.59,Smart TV,iOS,False
3094,68,5,2025-01-01,91,0.75,Laptop,Web,False
3095,942,1,2025-01-25,118,1.0,Mobile,TV App,True
3096,100,1,2025-02-16,112,0.95,Laptop,iOS,True
3097,1191,18,2025-04-11,142,1.0,Desktop,iOS,False
3098,215,23,2025-04-25,89,0.81,Smart TV,TV App,False
3099,537,9,2025-04-18,109,0.79,Mobile,iOS,False
3100,1012,24,2025-01-26,102,0.98,Mobile,iOS,False
3101,212,19,2025-04-28,105,0.84,Desktop,Web,True
3102,749,9,2025-04-11,106,0.77,Smart TV,iOS,False
3103,435,5,2025-01-05,78,0.64,Mobile,iOS,False
3104,851,13,2025-04-20,58,0.42,Laptop,Web,False
3105,1184,1,2025-03-19,103,0.88,Mobile,TV App,False
3106,674,1,2025-01-23,105,0.89,Laptop,Web,False
3107,114,12,2025-01-20,61,0.6,Smart TV,TV App,False
3108,26,25,2024-10-27,116,0.86,Smart TV,iOS,False
3109,582,24,2025-04-08,89,0.85,Smart TV,iOS,False
3110,147,18,2025-04-08,126,0.89,Smart TV,Android,False
3111,658,23,2025-04-13,63,0.58,Mobile,iOS,False
3112,658,23,2025-02-25,80,0.73,Mobile,TV App,False
3113,364,2,2025-04-27,101,0.77,Desktop,Android,True
3114,933,3,2025-02-04,92,0.64,Tablet,Android,False
3115,1189,4,2025-03-02,76,0.71,Mobile,Android,False
3116,637,17,2025-03-12,69,0.82,Mobile,Android,False
3117,681,24,2025-04-10,84,0.8,Smart TV,iOS,False
3118,1155,12,2025-03-05,93,0.92,Smart TV,Android,False
3119,689,15,2025-04-27,52,0.44,Desktop,iOS,False
3120,26,13,2025-04-01,78,0.56,Mobile,Android,False
3121,1068,25,2025-04-29,109,0.81,Smart TV,iOS,True
3122,4,11,2025-03-28,102,0.81,Mobile,iOS,False
3123,87,11,2025-04-27,113,0.89,Mobile,iOS,False
3124,1192,3,2025-02-15,88,0.61,Smart TV,iOS,False
3125,820,14,2024-06-09,79,0.61,Smart TV,Android,False
3126,1120,18,2024-10-27,89,0.63,Laptop,TV App,False
3127,870,1,2025-03-16,110,0.94,Smart TV,Web,False
3128,785,22,2024-12-07,57,0.48,Laptop,Android,False
3129,996,21,2025-04-20,124,0.8,Laptop,Android,False
3130,627,9,2025-04-26,91,0.66,Smart TV,iOS,False
3131,694,5,2025-02-03,96,0.79,Mobile,iOS,False
3132,936,13,2025-03-23,121,0.87,Laptop,iOS,True
3133,335,24,2025-03-24,59,0.57,Laptop,Android,False
3134,95,20,2024-08-30,59,0.65,Laptop,iOS,False
3135,673,4,2025-04-06,91,0.85,Smart TV,iOS,False
3136,92,18,2024-12-06,82,0.58,Tablet,iOS,True
3137,1057,22,2025-01-18,51,0.43,Mobile,Android,True
3138,1064,4,2025-03-07,82,0.76,Mobile,iOS,False
3139,1014,12,2024-11-17,102,1.0,Mobile,Web,False
3140,847,6,2025-04-24,59,0.63,Tablet,Web,False
3141,959,16,2025-03-20,76,0.78,Mobile,Web,False
3142,617,7,2025-01-03,50,0.56,Mobile,Web,True
3143,233,2,2025-01-15,132,1.0,Laptop,TV App,False
3144,518,18,2024-11-27,124,0.88,Laptop,iOS,False
3145,626,21,2025-04-11,108,0.7,Smart TV,iOS,False
3146,166,21,2025-04-21,74,0.48,Mobile,Web,True
3147,307,12,2025-01-10,74,0.73,Mobile,TV App,False
3148,172,16,2025-02-18,78,0.8,Smart TV,iOS,False
3149,406,15,2025-03-16,64,0.54,Laptop,iOS,False
3150,1097,5,2025-01-09,101,0.83,Mobile,TV App,False
3151,958,21,2025-04-22,120,0.78,Smart TV,Web,True
3152,889,1,2025-01-18,105,0.89,Desktop,Android,False
3153,222,1,2025-03-22,101,0.86,Smart TV,Android,True
3154,1042,21,2025-04-15,105,0.68,Mobile,TV App,False
3155,135,1,2025-03-23,88,0.75,Smart TV,Android,False
3156,1155,11,2025-04-26,85,0.67,Mobile,Web,False
3157,555,6,2025-04-15,74,0.78,Desktop,Web,True
3158,211,11,2025-04-23,77,0.61,Mobile,Web,False
3159,399,1,2025-01-26,115,0.98,Laptop,iOS,False
3160,740,22,2025-01-17,82,0.69,Laptop,iOS,False
3161,197,8,2025-02-15,23,0.27,Laptop,iOS,False
3162,369,10,2024-08-27,82,0.72,Mobile,TV App,True
3163,511,1,2025-01-19,116,0.99,Tablet,Web,False
3164,898,8,2025-01-30,54,0.62,Smart TV,Web,False
3165,287,2,2025-02-18,104,0.79,Laptop,Web,False
3166,14,4,2025-03-08,69,0.64,Mobile,iOS,False
3167,138,21,2025-04-15,147,0.95,Smart TV,Android,False
3168,1030,5,2025-04-29,87,0.72,Smart TV,iOS,True
3169,471,1,2025-02-26,113,0.96,Smart TV,iOS,False
3170,601,1,2025-01-16,101,0.86,Smart TV,Web,False
3171,837,16,2025-02-11,71,0.73,Tablet,TV App,False
3172,1122,19,2025-04-28,86,0.69,Laptop,iOS,False
3173,1104,19,2025-04-15,88,0.71,Smart TV,Web,False
3174,494,19,2025-04-12,82,0.66,Smart TV,Android,False
3175,48,21,2025-04-08,100,0.65,Mobile,Web,False
3176,836,3,2025-02-19,85,0.59,Smart TV,Android,False
3177,666,24,2025-03-12,71,0.68,Mobile,Android,False
3178,1057,6,2025-04-16,34,0.36,Mobile,iOS,False
3179,108,14,2025-03-19,78,0.6,Smart TV,iOS,False
3180,31,1,2025-04-13,80,0.68,Laptop,iOS,False
3181,522,15,2025-04-15,83,0.7,Smart TV,Web,True
3182,582,10,2024-09-19,106,0.93,Smart TV,iOS,False
3183,414,7,2024-12-28,45,0.5,Mobile,iOS,False
3184,240,22,2024-12-13,98,0.82,Tablet,iOS,False
3185,1037,21,2025-04-15,80,0.52,Smart TV,Web,False
3186,1055,8,2025-03-13,36,0.41,Smart TV,Web,True
3187,442,3,2025-04-28,58,0.4,Mobile,iOS,False
3188,584,2,2024-08-30,112,0.85,Smart TV,Android,False
3189,360,8,2025-03-28,56,0.64,Mobile,Android,True
3190,705,5,2025-02-23,91,0.75,Smart TV,Web,False
3191,294,25,2025-04-22,120,0.89,Smart TV,Web,False
3192,737,1,2025-04-07,93,0.79,Smart TV,iOS,False
3193,137,11,2025-03-01,127,1.0,Mobile,Web,False
3194,176,15,2025-04-08,89,0.75,Smart TV,TV App,False
3195,475,3,2025-01-28,87,0.6,Desktop,Web,True
3196,1027,19,2025-04-14,96,0.77,Smart TV,Android,False
3197,1109,1,2025-01-17,118,1.0,Mobile,iOS,False
3198,1040,13,2025-04-22,75,0.54,Laptop,Web,False
3199,1197,7,2024-12-10,46,0.52,Smart TV,Web,False
3200,211,9,2025-04-21,97,0.71,Mobile,TV App,False
3201,789,18,2024-12-07,139,0.98,Laptop,iOS,False
3202,704,18,2025-04-12,103,0.73,Smart TV,Android,False
3203,626,19,2025-04-12,96,0.77,Tablet,Android,False
3204,488,8,2025-03-12,34,0.39,Laptop,Web,False
3205,339,2,2025-03-22,83,0.63,Tablet,Web,False
3206,339,5,2025-03-28,107,0.88,Smart TV,Android,False
3207,303,23,2025-03-07,100,0.91,Mobile,iOS,True
3208,114,1,2025-02-27,96,0.82,Mobile,Android,False
3209,21,19,2025-04-14,125,1.0,Mobile,TV App,False
3210,1083,25,2024-09-17,117,0.87,Tablet,Web,False
3211,1152,3,2024-12-14,100,0.69,Tablet,Web,False
3212,1110,25,2024-12-02,106,0.79,Mobile,iOS,False
3213,660,13,2025-04-29,60,0.43,Mobile,iOS,False
3214,187,14,2025-03-01,124,0.96,Laptop,TV App,False
3215,903,10,2024-12-27,75,0.66,Smart TV,Web,False
3216,262,1,2025-03-02,118,1.0,Smart TV,Web,False
3217,369,6,2025-03-16,29,0.31,Smart TV,iOS,False
3218,1112,21,2025-04-02,94,0.61,Laptop,TV App,False
3219,1151,18,2024-12-20,76,0.54,Tablet,Web,True
3220,239,13,2025-03-18,114,0.82,Tablet,Web,False
3221,562,18,2024-12-01,105,0.74,Mobile,Android,False
3222,728,21,2025-04-01,106,0.69,Mobile,Android,False
3223,637,6,2025-03-03,54,0.57,Smart TV,iOS,False
3224,849,3,2024-12-16,91,0.63,Mobile,iOS,False
3225,60,6,2025-03-30,50,0.53,Smart TV,iOS,False
3226,836,1,2025-03-28,96,0.82,Smart TV,Web,False
3227,241,24,2025-02-19,87,0.83,Smart TV,Web,False
3228,1003,1,2025-02-07,90,0.77,Tablet,Android,False
3229,534,23,2025-03-30,86,0.79,Smart TV,Web,False
3230,752,23,2025-03-21,95,0.87,Smart TV,Web,False
3231,184,7,2024-12-31,40,0.45,Smart TV,Web,False
3232,144,24,2025-02-28,63,0.6,Smart TV,Web,False
3233,532,15,2025-03-29,89,0.75,Smart TV,Web,False
3234,574,7,2024-12-31,57,0.64,Laptop,Android,False
3235,633,6,2025-03-30,64,0.68,Laptop,Web,False
3236,626,6,2025-03-09,63,0.67,Smart TV,Web,False
3237,671,6,2025-04-20,45,0.48,Tablet,TV App,True
3238,401,13,2025-04-07,123,0.88,Smart TV,TV App,False
3239,475,23,2025-02-28,68,0.62,Laptop,Android,False
3240,992,18,2025-01-28,79,0.56,Mobile,Android,True
3241,1126,15,2025-03-08,110,0.93,Laptop,iOS,False
3242,946,8,2025-02-22,64,0.73,Smart TV,TV App,False
3243,6,13,2025-04-30,102,0.73,Mobile,iOS,False
3244,244,3,2025-03-03,145,1.0,Laptop,Web,False
3245,634,16,2025-04-10,69,0.71,Tablet,Web,False
3246,912,4,2025-03-21,76,0.71,Smart TV,Web,True
3247,129,1,2025-02-14,118,1.0,Smart TV,Web,False
3248,181,25,2025-04-22,95,0.71,Smart TV,iOS,False
3249,292,4,2025-03-21,85,0.79,Laptop,iOS,True
3250,350,1,2025-04-16,93,0.79,Smart TV,Android,False
3251,111,18,2024-11-05,97,0.69,Mobile,iOS,False
3252,1169,16,2025-04-27,40,0.41,Smart TV,Web,True
3253,1005,23,2025-03-10,60,0.55,Mobile,Web,False
3254,513,10,2024-12-07,100,0.87,Tablet,Android,False
3255,529,4,2025-03-07,86,0.8,Smart TV,iOS,False
3256,1151,7,2025-01-27,63,0.71,Mobile,Android,False
3257,447,7,2025-01-27,65,0.73,Smart TV,iOS,True
3258,442,13,2025-04-13,91,0.65,Laptop,iOS,False
3259,743,16,2025-04-14,53,0.55,Smart TV,Android,False
3260,750,5,2025-02-15,98,0.81,Smart TV,Android,False
3261,734,9,2025-04-10,125,0.91,Mobile,iOS,False
3262,978,25,2024-07-30,114,0.85,Tablet,TV App,True
3263,525,23,2025-02-22,89,0.81,Smart TV,Web,False
3264,649,8,2025-02-19,53,0.61,Smart TV,Android,False
3265,1200,18,2025-02-10,89,0.63,Laptop,Web,True
3266,444,6,2025-03-30,53,0.56,Mobile,Web,False
3267,342,20,2024-10-14,41,0.45,Smart TV,TV App,False
3268,327,3,2025-02-27,104,0.72,Mobile,Web,False
3269,977,10,2025-01-27,83,0.73,Smart TV,Web,False
3270,234,16,2025-02-24,51,0.53,Smart TV,Web,True
3271,622,4,2025-02-23,104,0.97,Laptop,Web,False
3272,996,19,2025-04-15,91,0.73,Mobile,Web,True
3273,14,2,2025-01-15,68,0.52,Smart TV,TV App,False
3274,1028,19,2025-04-20,60,0.48,Mobile,Android,False
3275,899,9,2025-04-08,138,1.0,Smart TV,Android,True
3276,597,5,2025-04-17,122,1.0,Smart TV,Web,False
3277,667,14,2025-01-03,114,0.88,Laptop,Web,False
3278,64,4,2025-03-19,97,0.9,Smart TV,iOS,True
3279,592,19,2025-04-27,92,0.74,Laptop,Web,False
3280,609,22,2025-04-25,103,0.86,Smart TV,iOS,False
3281,627,1,2025-02-12,115,0.98,Mobile,iOS,False
3282,1094,13,2025-03-31,88,0.63,Mobile,Web,False
3283,1077,19,2025-04-13,88,0.71,Smart TV,iOS,False
3284,292,13,2025-03-29,86,0.62,Smart TV,Web,False
3285,361,11,2025-01-30,90,0.71,Smart TV,Android,False
3286,710,3,2024-12-04,116,0.8,Mobile,Android,False
3287,644,12,2025-04-10,68,0.67,Smart TV,iOS,False
3288,897,1,2025-03-28,118,1.0,Smart TV,iOS,False
3289,372,22,2025-02-25,120,1.0,Mobile,Web,True
3290,1184,2,2024-08-17,105,0.8,Mobile,TV App,False
3291,917,17,2025-04-01,61,0.72,Mobile,Android,False
3292,544,22,2025-03-28,90,0.75,Smart TV,iOS,False
3293,941,3,2025-04-30,97,0.67,Smart TV,Web,False
3294,153,10,2024-08-13,103,0.9,Desktop,Web,False
3295,787,13,2025-04-04,70,0.5,Smart TV,iOS,False
3296,667,11,2025-01-31,83,0.66,Mobile,TV App,True
3297,894,11,2025-04-18,72,0.57,Smart TV,Android,False
3298,676,21,2025-04-25,89,0.58,Smart TV,Web,False
3299,101,3,2025-01-10,110,0.76,Desktop,Android,True
3300,251,3,2025-04-16,94,0.65,Desktop,Web,False
3301,1092,7,2024-12-21,55,0.62,Tablet,Android,False
3302,938,25,2025-01-17,114,0.85,Laptop,Android,False
3303,510,1,2025-02-20,118,1.0,Mobile,iOS,False
3304,665,19,2025-04-19,85,0.68,Laptop,Web,False
3305,1200,5,2024-10-24,89,0.73,Mobile,Web,False
3306,146,14,2025-04-07,74,0.57,Tablet,TV App,False
3307,699,25,2024-10-07,118,0.88,Laptop,Web,False
3308,529,9,2025-04-10,133,0.97,Laptop,Web,False
3309,920,2,2025-04-19,128,0.97,Smart TV,Web,False
3310,997,23,2025-03-31,58,0.53,Smart TV,iOS,False
3311,539,16,2025-04-29,69,0.71,Mobile,Android,False
3312,969,25,2025-04-10,122,0.91,Mobile,Android,False
3313,279,7,2024-12-30,63,0.71,Smart TV,TV App,False
3314,866,3,2025-02-21,108,0.75,Tablet,TV App,False
3315,688,11,2025-04-09,78,0.62,Mobile,Web,False
3316,7,25,2025-01-05,86,0.64,Mobile,Android,False
3317,222,15,2025-04-26,84,0.71,Laptop,iOS,False
3318,513,21,2025-03-26,130,0.84,Mobile,iOS,False
3319,148,3,2024-12-28,87,0.6,Smart TV,iOS,False
3320,852,19,2025-04-29,76,0.61,Mobile,TV App,False
3321,465,21,2025-04-01,122,0.79,Smart TV,Web,False
3322,1098,2,2025-03-09,96,0.73,Laptop,TV App,False
3323,701,13,2025-03-27,103,0.74,Smart TV,TV App,False
3324,255,23,2025-04-11,106,0.97,Mobile,Android,False
3325,994,20,2024-10-13,44,0.48,Mobile,iOS,False
3326,650,6,2025-04-30,38,0.4,Tablet,TV App,False
3327,839,11,2025-04-14,73,0.58,Mobile,Web,False
3328,1112,14,2024-08-11,107,0.83,Tablet,iOS,False
3329,331,21,2025-03-30,155,1.0,Laptop,Web,False
3330,813,12,2025-04-01,81,0.8,Laptop,iOS,False
3331,230,10,2025-02-12,80,0.7,Smart TV,Web,False
3332,193,13,2025-04-30,121,0.87,Mobile,iOS,False
3333,182,19,2025-04-28,125,1.0,Mobile,iOS,False
3334,354,10,2024-11-02,92,0.8,Mobile,TV App,False
3335,331,8,2025-03-20,65,0.74,Laptop,iOS,False
3336,1101,19,2025-04-20,125,1.0,Smart TV,iOS,False
3337,716,12,2024-11-28,70,0.69,Smart TV,Android,False
3338,63,21,2025-04-12,153,0.99,Mobile,iOS,False
3339,801,5,2024-12-17,104,0.86,Mobile,Web,False
3340,872,8,2025-02-24,68,0.78,Mobile,Web,False
3341,650,19,2025-04-28,95,0.76,Mobile,Web,True
3342,460,23,2025-04-08,105,0.96,Mobile,Web,False
3343,1060,13,2025-04-11,99,0.71,Smart TV,Web,False
3344,244,3,2025-02-17,105,0.73,Laptop,Web,False
3345,420,7,2025-01-03,18,0.21,Smart TV,Android,False
3346,638,22,2025-04-28,93,0.78,Smart TV,iOS,False
3347,754,5,2024-10-03,73,0.6,Laptop,Web,False
3348,617,15,2025-03-18,115,0.97,Smart TV,Web,False
3349,594,11,2025-04-07,96,0.76,Mobile,Web,False
3350,639,19,2025-04-24,111,0.89,Laptop,TV App,False
3351,1053,24,2025-04-20,48,0.46,Laptop,TV App,False
3352,211,3,2025-03-03,117,0.81,Tablet,iOS,False
3353,169,7,2024-12-23,37,0.42,Mobile,Android,False
3354,869,3,2025-01-11,102,0.71,Laptop,Web,True
3355,983,9,2025-04-24,96,0.7,Smart TV,Web,True
3356,300,1,2025-01-31,110,0.94,Smart TV,Android,False
3357,437,21,2025-04-07,142,0.92,Mobile,iOS,False
3358,1060,21,2025-04-06,96,0.62,Smart TV,iOS,False
3359,1088,19,2025-04-28,95,0.76,Laptop,Web,False
3360,331,3,2025-03-17,118,0.82,Smart TV,iOS,False
3361,909,25,2025-03-08,105,0.78,Laptop,Web,False
3362,645,22,2024-11-16,99,0.83,Mobile,TV App,False
3363,1120,15,2025-04-03,73,0.62,Mobile,Web,True
3364,622,11,2025-04-04,96,0.76,Laptop,iOS,False
3365,303,8,2025-02-14,37,0.43,Tablet,TV App,False
3366,641,1,2025-02-15,84,0.72,Laptop,iOS,False
3367,806,21,2025-04-05,114,0.74,Laptop,iOS,False
3368,1119,14,2024-12-10,106,0.82,Laptop,Web,False
3369,1181,11,2025-02-02,106,0.84,Smart TV,iOS,False
3370,122,9,2025-04-16,132,0.96,Mobile,iOS,False
3371,222,18,2024-11-11,85,0.6,Smart TV,Android,False
3372,476,5,2024-12-04,95,0.78,Tablet,iOS,False
3373,1008,2,2024-10-03,66,0.5,Mobile,Web,False
3374,1055,22,2025-01-29,103,0.86,Mobile,iOS,False
3375,416,3,2025-04-23,82,0.57,Desktop,Web,False
3376,608,1,2025-01-20,114,0.97,Smart TV,Web,False
3377,741,13,2025-03-20,113,0.81,Mobile,TV App,False
3378,38,13,2025-04-03,75,0.54,Tablet,Web,False
3379,455,4,2025-04-16,65,0.61,Mobile,Android,False
3380,1004,21,2025-04-25,155,1.0,Mobile,Android,False
3381,200,18,2024-10-12,107,0.76,Smart TV,iOS,False
3382,1065,4,2025-03-18,58,0.54,Mobile,Android,True
3383,1012,25,2024-07-10,75,0.56,Smart TV,Android,False
3384,646,14,2024-12-10,100,0.77,Smart TV,Web,False
3385,818,11,2025-03-01,104,0.82,Laptop,iOS,True
3386,67,15,2025-03-25,98,0.83,Smart TV,TV App,False
3387,397,20,2024-08-29,55,0.6,Tablet,Android,False
3388,638,20,2024-08-22,57,0.62,Mobile,Android,False
3389,800,10,2024-11-01,110,0.96,Mobile,Android,False
3390,232,19,2025-04-12,85,0.68,Mobile,Web,True
3391,828,9,2025-04-29,97,0.71,Tablet,TV App,False
3392,1011,9,2025-04-27,111,0.81,Laptop,Android,False
3393,90,3,2024-11-21,104,0.72,Smart TV,Android,False
3394,607,25,2024-10-31,89,0.66,Smart TV,Web,False
3395,637,22,2024-11-07,100,0.84,Smart TV,iOS,False
3396,582,15,2025-04-28,86,0.73,Smart TV,TV App,False
3397,165,5,2025-02-08,80,0.66,Smart TV,Android,True
3398,257,2,2025-03-05,91,0.69,Smart TV,Web,True
3399,289,1,2025-02-23,102,0.87,Laptop,iOS,False
3400,505,18,2024-12-15,100,0.71,Desktop,Android,False
3401,399,1,2025-03-29,116,0.99,Laptop,Android,False
3402,903,3,2024-12-17,136,0.94,Smart TV,iOS,False
3403,725,5,2025-04-09,70,0.58,Smart TV,Web,False
3404,277,9,2025-04-22,111,0.81,Mobile,iOS,False
3405,945,9,2025-04-13,93,0.68,Desktop,iOS,True
3406,1047,23,2025-04-21,72,0.66,Smart TV,Android,False
3407,674,18,2025-01-23,90,0.64,Mobile,iOS,False
3408,597,4,2025-04-14,78,0.73,Tablet,Web,False
3409,591,12,2025-04-05,77,0.76,Laptop,Web,False
3410,930,18,2025-01-16,68,0.48,Tablet,TV App,False
3411,118,11,2025-02-27,118,0.93,Mobile,Web,False
3412,193,21,2025-04-24,127,0.82,Desktop,Android,False
3413,8,15,2025-03-06,103,0.87,Smart TV,iOS,False
3414,660,21,2025-04-24,88,0.57,Mobile,iOS,False
3415,161,1,2025-01-22,99,0.84,Mobile,TV App,False
3416,484,3,2025-01-03,108,0.75,Smart TV,iOS,False
3417,845,5,2025-03-21,104,0.86,Mobile,iOS,False
3418,1015,25,2024-08-16,120,0.89,Smart TV,iOS,False
3419,451,19,2025-04-24,105,0.84,Mobile,Web,True
3420,183,15,2025-04-18,119,1.0,Mobile,Web,False
3421,270,1,2025-02-16,115,0.98,Smart TV,Android,False
3422,419,23,2025-04-21,90,0.82,Smart TV,iOS,False
3423,138,15,2025-03-02,104,0.88,Mobile,Android,True
3424,240,17,2025-02-02,67,0.79,Smart TV,Android,False
3425,987,19,2025-04-17,102,0.82,Mobile,Android,False
3426,562,18,2025-01-05,116,0.82,Tablet,TV App,False
3427,547,2,2025-02-08,88,0.67,Mobile,Web,False
3428,559,6,2025-03-12,52,0.55,Laptop,Web,False
3429,338,15,2025-03-25,80,0.68,Smart TV,iOS,False
3430,1197,8,2025-03-06,43,0.49,Mobile,iOS,False
3431,826,3,2025-03-30,111,0.77,Laptop,Web,False
3432,530,1,2025-01-20,90,0.77,Tablet,Web,False
3433,908,21,2025-03-25,89,0.58,Desktop,Web,True
3434,832,19,2025-04-27,102,0.82,Tablet,Android,False
3435,246,9,2025-04-19,103,0.75,Tablet,Android,False
3436,222,5,2024-12-29,91,0.75,Smart TV,Web,False
3437,403,1,2025-03-22,118,1.0,Smart TV,Web,False
3438,1013,13,2025-04-07,100,0.72,Mobile,iOS,False
3439,911,24,2025-04-20,50,0.48,Smart TV,Android,False
3440,513,9,2025-04-23,77,0.56,Smart TV,Web,False
3441,1121,21,2025-04-26,86,0.56,Smart TV,Web,False
3442,972,19,2025-04-18,67,0.54,Mobile,TV App,False
3443,676,11,2025-03-03,81,0.64,Mobile,iOS,False
3444,139,17,2025-03-25,85,1.0,Mobile,Android,False
3445,897,9,2025-04-28,110,0.8,Smart TV,Android,False
3446,46,3,2025-03-10,113,0.78,Mobile,Web,False
3447,1157,10,2025-04-19,89,0.78,Tablet,TV App,True
3448,262,2,2025-02-28,132,1.0,Smart TV,Web,False
3449,977,20,2024-10-08,69,0.75,Smart TV,Web,False
3450,109,13,2025-03-24,110,0.79,Smart TV,Web,False
3451,91,14,2024-08-02,78,0.6,Smart TV,TV App,False
3452,210,9,2025-04-10,93,0.68,Laptop,Web,False
3453,599,13,2025-04-12,96,0.69,Mobile,Android,False
3454,452,11,2025-02-21,105,0.83,Laptop,iOS,False
3455,938,19,2025-04-28,125,1.0,Mobile,Android,False
3456,348,2,2024-09-16,44,0.34,Smart TV,iOS,False
3457,51,11,2025-03-17,125,0.99,Laptop,iOS,True
3458,1107,1,2025-01-16,80,0.68,Tablet,iOS,False
3459,66,2,2024-10-17,97,0.74,Laptop,Android,False
3460,702,9,2025-04-06,120,0.87,Desktop,Android,True
3461,695,22,2025-01-21,114,0.95,Mobile,TV App,False
3462,805,5,2025-01-05,117,0.96,Laptop,Android,True
3463,635,17,2025-02-10,62,0.74,Mobile,iOS,False
3464,956,11,2025-04-20,93,0.74,Mobile,Web,False
3465,946,19,2025-04-12,82,0.66,Laptop,Web,False
3466,752,23,2025-04-17,101,0.92,Smart TV,iOS,False
3467,136,18,2025-04-01,99,0.7,Smart TV,Android,False
3468,355,13,2025-04-14,99,0.71,Laptop,TV App,False
3469,734,13,2025-03-24,119,0.85,Mobile,Web,False
3470,254,23,2025-04-05,48,0.44,Mobile,Web,False
3471,1168,19,2025-04-12,90,0.72,Smart TV,Web,False
3472,492,15,2025-04-19,102,0.86,Laptop,iOS,False
3473,1107,16,2024-11-30,79,0.81,Smart TV,Web,False
3474,423,9,2025-04-08,74,0.54,Smart TV,iOS,True
3475,1012,13,2025-04-23,123,0.88,Smart TV,Android,False
3476,515,18,2024-10-26,116,0.82,Smart TV,Android,False
3477,540,21,2025-04-08,86,0.56,Mobile,TV App,False
3478,1093,5,2024-10-03,87,0.72,Laptop,iOS,False
3479,869,9,2025-04-28,91,0.66,Mobile,iOS,False
3480,272,24,2025-02-25,86,0.82,Mobile,Android,False
3481,467,7,2025-01-23,59,0.66,Laptop,TV App,False
3482,647,3,2024-12-31,117,0.81,Mobile,Web,False
3483,1198,6,2025-03-20,67,0.71,Smart TV,Android,False
3484,688,19,2025-04-29,81,0.65,Mobile,iOS,False
3485,175,11,2025-04-30,85,0.67,Laptop,Android,False
3486,623,9,2025-04-19,132,0.96,Mobile,Android,False
3487,1168,1,2025-01-31,109,0.93,Mobile,Android,False
3488,851,7,2024-12-22,51,0.57,Mobile,Web,False
3489,440,7,2024-12-21,62,0.69,Smart TV,Web,False
3490,100,1,2025-02-25,95,0.81,Mobile,Web,False
3491,812,17,2025-02-10,62,0.73,Laptop,Web,False
3492,456,5,2025-04-06,107,0.88,Mobile,iOS,False
3493,163,15,2025-03-11,98,0.83,Laptop,Android,False
3494,381,1,2025-01-25,102,0.87,Smart TV,Web,False
3495,988,5,2025-03-18,102,0.84,Mobile,iOS,False
3496,656,15,2025-03-10,85,0.72,Tablet,iOS,False
3497,419,23,2025-03-21,104,0.95,Laptop,Web,True
3498,495,23,2025-03-17,88,0.8,Mobile,Web,True
3499,370,3,2025-02-10,120,0.83,Mobile,Android,False
3500,698,11,2025-03-16,120,0.95,Mobile,iOS,True
3501,980,7,2025-01-20,40,0.45,Smart TV,iOS,False
3502,954,16,2024-12-05,72,0.74,Mobile,Web,False
3503,1175,1,2025-02-27,109,0.93,Laptop,TV App,True
3504,446,23,2025-04-23,53,0.49,Laptop,TV App,True
3505,324,7,2024-12-20,44,0.49,Tablet,Web,False
3506,929,21,2025-04-21,155,1.0,Mobile,Android,True
3507,29,13,2025-04-06,82,0.59,Laptop,Android,False
3508,280,13,2025-04-15,82,0.59,Tablet,TV App,False
3509,995,4,2025-02-23,69,0.64,Smart TV,Android,False
3510,515,1,2025-02-01,80,0.68,Smart TV,iOS,False
3511,566,9,2025-04-09,103,0.75,Tablet,Web,False
3512,464,7,2025-01-30,52,0.58,Mobile,iOS,False
3513,708,8,2025-02-04,37,0.43,Mobile,iOS,False
3514,527,10,2024-08-13,111,0.97,Mobile,Web,False
3515,681,23,2025-02-11,79,0.72,Mobile,Web,False
3516,754,15,2025-04-29,76,0.64,Smart TV,iOS,False
3517,886,18,2024-10-22,85,0.6,Smart TV,Web,False
3518,333,12,2024-11-02,85,0.84,Laptop,Android,False
3519,87,11,2025-02-04,115,0.91,Mobile,TV App,False
3520,630,19,2025-04-12,88,0.71,Smart TV,iOS,False
3521,79,20,2024-08-27,4,0.05,Laptop,Web,False
3522,1016,18,2024-11-03,83,0.59,Mobile,iOS,False
3523,1014,4,2025-04-25,96,0.89,Tablet,Web,False
3524,938,20,2024-08-24,56,0.61,Smart TV,TV App,False
3525,930,13,2025-04-30,99,0.71,Tablet,Web,False
3526,270,5,2025-04-14,104,0.86,Laptop,Android,False
3527,672,12,2024-12-18,102,1.0,Mobile,Android,False
3528,349,4,2025-04-09,108,1.0,Smart TV,Android,True
3529,23,11,2025-02-07,123,0.97,Mobile,Android,True
3530,991,22,2025-01-09,104,0.87,Smart TV,Web,True
3531,773,21,2025-03-25,155,1.0,Laptop,Android,False
3532,1037,21,2025-03-25,99,0.64,Laptop,Web,True
3533,151,5,2025-01-07,40,0.33,Mobile,Android,False
3534,637,12,2024-11-05,80,0.79,Laptop,iOS,False
3535,1083,1,2025-02-14,96,0.82,Smart TV,TV App,False
3536,1123,4,2025-04-27,86,0.8,Mobile,Android,False
3537,547,3,2025-02-15,72,0.5,Smart TV,iOS,False
3538,1115,22,2025-01-16,112,0.94,Mobile,iOS,False
3539,174,23,2025-03-10,81,0.74,Tablet,Android,True
3540,869,23,2025-04-09,95,0.87,Smart TV,Web,False
3541,980,12,2025-03-17,76,0.75,Laptop,Android,False
3542,472,21,2025-04-11,113,0.73,Smart TV,Android,False
3543,20,20,2024-10-08,37,0.41,Smart TV,Web,False
3544,613,22,2025-03-28,88,0.74,Smart TV,iOS,False
3545,1091,24,2025-03-20,63,0.6,Laptop,iOS,True
3546,1127,13,2025-03-26,119,0.85,Smart TV,Android,False
3547,812,21,2025-03-25,125,0.81,Mobile,iOS,False
3548,1109,7,2025-01-05,58,0.65,Laptop,TV App,False
3549,15,19,2025-04-23,95,0.76,Mobile,TV App,False
3550,41,20,2024-08-26,52,0.57,Smart TV,Web,False
3551,48,23,2025-02-08,52,0.48,Smart TV,Android,False
3552,1007,13,2025-04-01,106,0.76,Mobile,iOS,False
3553,769,22,2024-12-13,120,1.0,Mobile,Web,True
3554,1185,22,2025-01-31,73,0.61,Laptop,iOS,False
3555,6,21,2025-04-09,124,0.8,Mobile,iOS,False
3556,205,22,2025-02-23,75,0.63,Smart TV,iOS,False
3557,1015,11,2025-02-03,102,0.81,Laptop,iOS,False
3558,685,25,2024-08-11,85,0.63,Smart TV,Android,True
3559,1129,16,2024-11-09,55,0.57,Smart TV,iOS,False
3560,698,1,2025-04-24,96,0.82,Smart TV,Android,False
3561,588,19,2025-04-21,100,0.8,Mobile,Android,False
3562,852,1,2025-03-15,118,1.0,Smart TV,Android,True
3563,1011,2,2024-11-10,84,0.64,Mobile,Web,True
3564,443,9,2025-04-17,91,0.66,Laptop,Web,False
3565,3,13,2025-04-21,117,0.84,Mobile,Web,False
3566,298,7,2025-01-20,37,0.42,Mobile,Android,False
3567,755,1,2025-01-28,99,0.84,Laptop,TV App,False
3568,597,19,2025-04-23,125,1.0,Smart TV,iOS,True
3569,128,21,2025-03-31,88,0.57,Mobile,Android,False
3570,552,13,2025-04-01,126,0.9,Laptop,TV App,True
3571,709,23,2025-03-02,72,0.66,Laptop,iOS,False
3572,735,9,2025-04-10,85,0.62,Laptop,TV App,False
3573,2,19,2025-04-26,72,0.58,Laptop,TV App,True
3574,304,24,2024-12-28,92,0.88,Mobile,Android,False
3575,961,10,2024-09-18,93,0.81,Laptop,iOS,False
3576,268,5,2024-10-04,89,0.73,Mobile,iOS,False
3577,498,10,2024-08-18,104,0.91,Smart TV,Web,False
3578,358,13,2025-04-22,96,0.69,Mobile,Android,False
3579,148,19,2025-04-29,102,0.82,Tablet,Web,False
3580,530,19,2025-04-29,111,0.89,Mobile,Web,False
3581,224,1,2025-01-17,112,0.95,Smart TV,iOS,False
3582,949,11,2025-04-20,73,0.58,Smart TV,iOS,False
3583,156,24,2025-03-02,84,0.8,Smart TV,TV App,False
3584,825,19,2025-04-28,61,0.49,Smart TV,TV App,True
3585,371,3,2025-01-11,104,0.72,Desktop,Android,False
3586,568,1,2025-01-30,103,0.88,Smart TV,Web,True
3587,596,10,2024-09-05,101,0.88,Tablet,Web,False
3588,715,10,2025-03-11,87,0.76,Smart TV,iOS,False
3589,1083,8,2025-02-24,57,0.65,Laptop,Android,True
3590,1157,3,2025-03-31,87,0.6,Laptop,iOS,False
3591,1013,8,2025-02-28,15,0.18,Mobile,Web,False
3592,826,9,2025-04-28,84,0.61,Mobile,Web,False
3593,539,13,2025-04-11,123,0.88,Smart TV,Android,False
3594,250,1,2025-02-11,89,0.76,Laptop,Web,False
3595,63,9,2025-04-11,124,0.9,Mobile,TV App,False
3596,343,24,2025-02-19,88,0.84,Smart TV,iOS,False
3597,773,3,2025-04-01,124,0.86,Desktop,iOS,False
3598,187,25,2024-08-17,58,0.43,Smart TV,iOS,False
3599,752,22,2025-02-14,90,0.75,Smart TV,Android,True
3600,101,1,2025-01-22,112,0.95,Laptop,TV App,False
3601,156,19,2025-04-19,98,0.79,Smart TV,TV App,False
3602,132,18,2025-03-24,126,0.89,Smart TV,Web,False
3603,613,11,2025-02-27,127,1.0,Laptop,Web,True
3604,301,15,2025-03-15,89,0.75,Smart TV,iOS,False
3605,510,19,2025-04-17,100,0.8,Laptop,Web,False
3606,897,4,2025-02-17,108,1.0,Tablet,Web,False
3607,1026,20,2024-09-03,62,0.68,Mobile,Web,False
3608,139,13,2025-04-04,112,0.8,Laptop,Web,False
3609,27,1,2025-03-21,95,0.81,Mobile,Android,False
3610,1081,9,2025-04-20,138,1.0,Smart TV,Android,False
3611,1004,1,2025-01-27,86,0.73,Tablet,iOS,False
3612,130,24,2025-04-12,87,0.83,Laptop,Android,False
3613,406,19,2025-04-27,113,0.91,Mobile,TV App,False
3614,200,13,2025-04-30,82,0.59,Smart TV,Android,True
3615,266,14,2025-04-13,91,0.7,Smart TV,Web,False
3616,544,17,2025-03-13,63,0.75,Smart TV,Web,False
3617,595,19,2025-04-27,83,0.67,Laptop,iOS,False
3618,564,22,2025-03-05,73,0.61,Smart TV,Web,False
3619,227,24,2025-01-16,60,0.58,Desktop,Android,False
3620,884,4,2025-03-06,78,0.73,Laptop,iOS,False
3621,443,6,2025-04-08,24,0.26,Smart TV,Android,False
3622,216,21,2025-04-28,93,0.6,Mobile,iOS,False
3623,761,15,2025-03-28,94,0.79,Laptop,iOS,False
3624,628,23,2025-02-27,75,0.69,Laptop,iOS,False
3625,909,21,2025-04-10,105,0.68,Mobile,iOS,False
3626,413,11,2025-02-01,72,0.57,Mobile,TV App,False
3627,363,12,2024-12-10,87,0.86,Mobile,iOS,False
3628,529,5,2024-10-08,115,0.95,Laptop,Web,True
3629,89,11,2025-02-01,102,0.81,Desktop,Android,True
3630,766,16,2025-01-04,74,0.76,Tablet,Android,False
3631,704,4,2025-03-03,84,0.78,Tablet,Android,False
3632,895,7,2025-01-15,37,0.42,Smart TV,Web,False
3633,815,1,2025-01-25,83,0.71,Laptop,Android,False
3634,510,10,2024-12-14,71,0.62,Laptop,Web,False
3635,857,12,2025-03-21,60,0.59,Laptop,iOS,False
3636,301,4,2025-04-06,96,0.89,Laptop,Web,False
3637,1134,1,2025-04-24,95,0.81,Smart TV,iOS,False
3638,847,12,2025-02-04,70,0.69,Mobile,Web,True
3639,1011,15,2025-03-03,61,0.52,Smart TV,iOS,False
3640,857,10,2025-03-26,57,0.5,Smart TV,Android,False
3641,1077,19,2025-04-16,106,0.85,Smart TV,Web,True
3642,289,3,2024-12-22,104,0.72,Smart TV,Web,False
3643,873,5,2025-02-15,80,0.66,Laptop,Web,False
3644,620,22,2025-03-22,72,0.6,Smart TV,Android,False
3645,1169,1,2025-01-17,106,0.9,Smart TV,Web,False
3646,1152,1,2025-02-08,116,0.99,Desktop,Android,False
3647,949,1,2025-01-30,83,0.71,Laptop,Web,False
3648,151,15,2025-03-24,113,0.95,Smart TV,Web,False
3649,1110,2,2025-03-14,100,0.76,Mobile,Android,False
3650,439,20,2024-09-14,41,0.45,Mobile,iOS,False
3651,367,22,2025-03-03,90,0.75,Mobile,iOS,False
3652,48,16,2025-01-31,98,1.0,Tablet,iOS,False
3653,954,6,2025-03-02,54,0.57,Smart TV,Web,False
3654,975,6,2025-04-30,51,0.54,Mobile,Web,False
3655,1056,8,2025-02-11,61,0.7,Laptop,Web,False
3656,664,6,2025-04-28,91,0.96,Smart TV,TV App,False
3657,644,22,2025-02-08,105,0.88,Mobile,Web,False
3658,140,8,2025-03-12,60,0.69,Laptop,TV App,False
3659,178,23,2025-03-30,106,0.97,Smart TV,Android,False
3660,393,3,2025-04-24,88,0.61,Laptop,Android,False
3661,1173,1,2025-02-18,115,0.98,Smart TV,TV App,False
3662,70,24,2025-01-22,89,0.85,Smart TV,Web,False
3663,1102,10,2024-10-11,97,0.85,Tablet,Web,False
3664,477,18,2024-10-19,66,0.47,Smart TV,iOS,False
3665,660,13,2025-03-31,102,0.73,Tablet,Android,False
3666,577,14,2025-03-11,117,0.9,Laptop,Android,False
3667,947,18,2024-12-23,71,0.5,Smart TV,Web,False
3668,762,14,2025-04-27,66,0.51,Laptop,TV App,True
3669,346,4,2025-04-28,64,0.6,Smart TV,iOS,False
3670,1144,1,2025-03-18,102,0.87,Laptop,Web,False
3671,609,19,2025-04-19,115,0.92,Smart TV,iOS,False
3672,227,6,2025-04-16,57,0.61,Desktop,Android,False
3673,658,9,2025-04-06,107,0.78,Laptop,iOS,False
3674,523,9,2025-04-28,111,0.81,Mobile,iOS,False
3675,934,25,2025-04-08,106,0.79,Mobile,Web,False
3676,1033,4,2025-03-09,78,0.73,Smart TV,Web,False
3677,947,21,2025-04-03,122,0.79,Laptop,Web,True
3678,45,1,2025-04-20,88,0.75,Mobile,iOS,False
3679,531,11,2025-03-17,76,0.6,Desktop,Android,False
3680,453,6,2025-04-29,67,0.71,Mobile,iOS,False
3681,579,13,2025-04-05,103,0.74,Smart TV,TV App,False
3682,177,3,2025-03-26,140,0.97,Laptop,Web,False
3683,888,20,2024-09-17,30,0.33,Mobile,Android,False
3684,669,23,2025-04-18,57,0.52,Tablet,Android,False
3685,592,15,2025-04-08,114,0.96,Smart TV,TV App,False
3686,1119,21,2025-04-09,63,0.41,Laptop,Web,False
3687,844,11,2025-02-17,90,0.71,Smart TV,Web,False
3688,839,21,2025-04-21,134,0.87,Laptop,iOS,False
3689,548,13,2025-04-01,102,0.73,Smart TV,iOS,False
3690,829,2,2024-09-28,132,1.0,Smart TV,iOS,False
3691,416,9,2025-04-06,91,0.66,Mobile,TV App,False
3692,864,1,2025-01-16,92,0.78,Tablet,iOS,False
3693,877,3,2025-01-03,87,0.6,Mobile,TV App,False
3694,732,11,2025-02-10,115,0.91,Tablet,iOS,False
3695,357,17,2025-03-20,68,0.81,Smart TV,iOS,False
3696,939,15,2025-04-18,119,1.0,Mobile,Android,True
3697,189,22,2025-04-14,120,1.0,Mobile,iOS,False
3698,675,19,2025-04-13,71,0.57,Laptop,Web,False
3699,491,8,2025-03-04,51,0.58,Smart TV,Android,True
3700,49,14,2024-11-14,97,0.75,Laptop,Android,False
3701,449,13,2025-03-22,110,0.79,Desktop,Web,True
3702,210,21,2025-04-10,114,0.74,Tablet,iOS,False
3703,1196,20,2024-09-24,23,0.26,Laptop,iOS,False
3704,762,9,2025-04-30,113,0.82,Mobile,iOS,True
3705,1196,1,2025-03-30,94,0.8,Tablet,Web,False
3706,108,4,2025-04-13,87,0.81,Laptop,Web,False
3707,598,19,2025-04-14,65,0.52,Mobile,iOS,False
3708,932,7,2024-12-25,21,0.24,Tablet,iOS,True
3709,284,18,2025-03-23,117,0.83,Mobile,iOS,False
3710,313,13,2025-04-06,100,0.72,Laptop,Android,False
3711,803,19,2025-04-12,107,0.86,Mobile,Web,True
3712,160,25,2024-11-02,72,0.54,Tablet,TV App,False
3713,886,7,2024-12-18,71,0.79,Laptop,iOS,False
3714,271,22,2025-03-10,81,0.68,Smart TV,TV App,False
3715,391,12,2025-01-05,92,0.91,Tablet,Web,False
3716,200,6,2025-03-12,64,0.68,Tablet,iOS,False
3717,56,25,2024-11-07,116,0.86,Smart TV,Android,False
3718,889,24,2024-12-28,45,0.43,Mobile,iOS,False
3719,816,5,2024-11-24,109,0.9,Smart TV,TV App,False
3720,1032,2,2025-01-12,104,0.79,Smart TV,Web,False
3721,933,23,2025-04-07,71,0.65,Smart TV,iOS,False
3722,241,19,2025-04-17,87,0.7,Laptop,iOS,False
3723,238,1,2025-01-27,94,0.8,Mobile,Web,False
3724,21,2,2025-01-11,89,0.68,Tablet,Android,False
3725,329,18,2025-01-23,112,0.79,Laptop,Web,True
3726,136,20,2024-09-05,62,0.68,Mobile,iOS,False
3727,302,18,2025-02-28,107,0.76,Mobile,TV App,False
3728,606,8,2025-02-08,50,0.57,Desktop,iOS,False
3729,173,13,2025-04-06,99,0.71,Mobile,Android,True
3730,1161,1,2025-02-11,95,0.81,Smart TV,Android,True
3731,985,24,2025-03-09,63,0.6,Smart TV,Android,False
3732,72,15,2025-03-29,76,0.64,Mobile,iOS,False
3733,981,1,2025-03-05,102,0.87,Mobile,Web,False
3734,458,22,2024-11-08,96,0.8,Smart TV,iOS,True
3735,1161,5,2024-11-04,95,0.78,Desktop,Web,False
3736,1072,11,2025-03-21,93,0.74,Laptop,Web,False
3737,28,10,2024-07-22,105,0.92,Mobile,Web,False
3738,1108,9,2025-04-15,110,0.8,Smart TV,iOS,False
3739,126,1,2025-02-11,110,0.94,Mobile,TV App,False
3740,1088,13,2025-04-21,109,0.78,Smart TV,Android,False
3741,244,11,2025-04-14,87,0.69,Desktop,iOS,False
3742,793,12,2025-04-20,66,0.65,Smart TV,TV App,False
3743,571,1,2025-01-19,118,1.0,Tablet,TV App,False
3744,66,18,2025-01-22,96,0.68,Tablet,iOS,True
3745,101,21,2025-04-26,136,0.88,Smart TV,Android,False
3746,335,24,2025-02-02,80,0.77,Desktop,Web,True
3747,114,21,2025-04-18,102,0.66,Smart TV,iOS,False
3748,864,1,2025-01-16,102,0.87,Laptop,iOS,True
3749,163,21,2025-04-22,136,0.88,Laptop,TV App,False
3750,806,10,2024-08-22,46,0.4,Smart TV,TV App,False
3751,428,9,2025-04-15,117,0.85,Mobile,TV App,False
3752,840,24,2025-02-19,65,0.62,Laptop,Android,True
3753,557,1,2025-04-28,82,0.7,Mobile,iOS,False
3754,735,1,2025-03-30,103,0.88,Smart TV,Web,False
3755,658,1,2025-01-25,89,0.76,Mobile,Web,False
3756,1011,15,2025-03-17,60,0.51,Laptop,iOS,False
3757,997,4,2025-02-15,81,0.75,Laptop,TV App,False
3758,1170,11,2025-03-22,105,0.83,Smart TV,Android,True
3759,922,23,2025-03-13,78,0.71,Tablet,iOS,False
3760,796,5,2024-12-13,91,0.75,Mobile,TV App,False
3761,1030,13,2025-04-06,91,0.65,Smart TV,Web,False
3762,766,5,2024-09-14,113,0.93,Tablet,iOS,False
3763,655,1,2025-03-29,95,0.81,Smart TV,TV App,False
3764,97,18,2025-03-31,112,0.79,Smart TV,Web,False
3765,875,20,2024-08-25,62,0.68,Laptop,Android,False
3766,418,2,2024-12-09,120,0.91,Smart TV,iOS,False
3767,97,11,2025-02-09,82,0.65,Mobile,iOS,False
3768,513,14,2024-07-26,79,0.61,Smart TV,iOS,False
3769,1159,1,2025-04-09,118,1.0,Mobile,Android,False
3770,1102,4,2025-03-12,108,1.0,Tablet,Android,False
3771,501,9,2025-04-15,82,0.6,Desktop,iOS,False
3772,882,24,2025-04-09,79,0.76,Tablet,Web,False
3773,695,6,2025-03-07,31,0.33,Mobile,Web,False
3774,304,15,2025-04-23,98,0.83,Mobile,Web,True
3775,279,19,2025-04-21,70,0.56,Laptop,Android,False
3776,108,23,2025-03-04,71,0.65,Mobile,Web,False
3777,1002,18,2024-10-07,59,0.42,Laptop,iOS,False
3778,918,1,2025-04-21,86,0.73,Laptop,Web,False
3779,107,1,2025-03-29,92,0.78,Smart TV,Android,False
3780,402,15,2025-03-09,98,0.83,Desktop,Web,False
3781,38,25,2024-07-31,124,0.92,Tablet,iOS,False
3782,146,18,2025-02-12,106,0.75,Mobile,Web,False
3783,674,18,2024-10-11,92,0.65,Mobile,TV App,False
3784,201,16,2025-02-28,92,0.94,Tablet,iOS,False
3785,1148,8,2025-03-17,47,0.54,Mobile,TV App,False
3786,77,5,2024-11-07,30,0.25,Smart TV,TV App,False
3787,482,11,2025-04-28,119,0.94,Desktop,Android,False
3788,720,19,2025-04-22,101,0.81,Smart TV,iOS,False
3789,1108,15,2025-04-05,54,0.46,Smart TV,iOS,False
3790,970,2,2025-04-06,80,0.61,Laptop,Android,False
3791,819,9,2025-04-23,106,0.77,Mobile,Android,False
3792,1055,1,2025-01-15,100,0.85,Laptop,TV App,False
3793,754,19,2025-04-26,101,0.81,Laptop,Android,False
3794,733,22,2025-02-27,86,0.72,Laptop,Android,False
3795,435,2,2025-04-01,128,0.97,Smart TV,Android,False
3796,10,1,2025-01-23,118,1.0,Laptop,TV App,False
3797,752,1,2025-01-26,96,0.82,Laptop,Android,False
3798,125,24,2025-03-30,105,1.0,Laptop,iOS,False
3799,973,19,2025-04-30,77,0.62,Desktop,iOS,False
3800,723,24,2025-01-18,81,0.78,Mobile,TV App,False
3801,1169,25,2025-01-05,94,0.7,Smart TV,TV App,True
3802,978,8,2025-02-01,67,0.77,Mobile,Android,False
3803,683,1,2025-01-17,95,0.81,Mobile,Web,False
3804,1049,12,2024-12-10,81,0.8,Mobile,Web,False
3805,1169,13,2025-03-19,96,0.69,Laptop,Web,False
3806,36,2,2025-03-02,77,0.59,Laptop,Web,False
3807,337,1,2025-02-13,115,0.98,Desktop,iOS,False
3808,527,5,2024-12-12,82,0.68,Laptop,Web,False
3809,299,1,2025-01-31,99,0.84,Tablet,Web,False
3810,71,1,2025-01-27,89,0.76,Desktop,Web,False
3811,1141,9,2025-04-23,103,0.75,Laptop,Web,False
3812,332,23,2025-04-28,69,0.63,Smart TV,Web,False
3813,693,15,2025-03-21,119,1.0,Laptop,Web,True
3814,762,5,2025-03-16,115,0.95,Mobile,iOS,False
3815,1140,10,2024-11-19,101,0.88,Smart TV,TV App,False
3816,358,15,2025-03-19,96,0.81,Tablet,Android,True
3817,465,4,2025-03-05,93,0.87,Desktop,iOS,False
3818,642,16,2025-04-27,49,0.5,Mobile,TV App,False
3819,258,1,2025-04-16,102,0.87,Smart TV,iOS,False
3820,905,13,2025-04-29,89,0.64,Smart TV,iOS,True
3821,741,1,2025-03-05,108,0.92,Mobile,Web,False
3822,594,21,2025-04-02,106,0.69,Tablet,Web,False
3823,1094,2,2024-09-17,121,0.92,Laptop,iOS,False
3824,95,15,2025-04-07,105,0.89,Smart TV,TV App,False
3825,520,5,2025-01-05,81,0.67,Mobile,iOS,True
3826,1152,1,2025-02-10,118,1.0,Smart TV,TV App,False
3827,35,23,2025-03-21,101,0.92,Smart TV,iOS,False
3828,813,13,2025-04-28,109,0.78,Tablet,Android,False
3829,1145,16,2025-01-11,58,0.6,Smart TV,Android,False
3830,410,8,2025-03-05,44,0.5,Smart TV,TV App,False
3831,704,21,2025-04-14,114,0.74,Laptop,Web,True
3832,854,24,2025-04-29,54,0.52,Mobile,Android,False
3833,496,17,2025-01-21,46,0.55,Mobile,Web,False
3834,110,21,2025-04-10,113,0.73,Laptop,iOS,False
3835,652,11,2025-02-19,81,0.64,Mobile,iOS,False
3836,759,1,2025-03-03,112,0.95,Mobile,TV App,True
3837,328,18,2025-01-31,92,0.65,Mobile,Web,False
3838,605,7,2025-01-28,44,0.49,Smart TV,Web,True
3839,488,1,2025-03-14,88,0.75,Smart TV,iOS,True
3840,7,1,2025-01-28,108,0.92,Smart TV,Android,False
3841,297,18,2024-10-14,137,0.97,Tablet,Web,False
3842,138,1,2025-03-06,116,0.99,Mobile,iOS,False
3843,973,13,2025-04-02,91,0.65,Desktop,Web,False
3844,451,13,2025-03-24,121,0.87,Smart TV,Android,False
3845,886,1,2025-01-27,118,1.0,Mobile,Web,False
3846,865,3,2025-01-31,95,0.66,Smart TV,iOS,False
3847,977,1,2025-04-24,108,0.92,Smart TV,Web,False
3848,804,4,2025-04-10,83,0.77,Mobile,Android,True
3849,633,21,2025-04-30,155,1.0,Laptop,iOS,True
3850,1187,21,2025-04-26,128,0.83,Smart TV,Android,False
3851,960,5,2025-04-26,89,0.73,Tablet,Android,True
3852,112,22,2025-03-30,68,0.57,Mobile,Android,True
3853,161,15,2025-04-25,78,0.66,Laptop,Web,False
3854,758,11,2025-04-03,73,0.58,Smart TV,Web,False
3855,767,12,2025-04-24,73,0.72,Smart TV,Web,False
3856,722,3,2025-03-29,113,0.78,Mobile,Web,False
3857,428,1,2025-02-21,95,0.81,Tablet,Web,False
3858,565,4,2025-04-17,70,0.65,Mobile,Web,False
3859,1079,19,2025-04-27,97,0.78,Smart TV,Web,True
3860,1032,8,2025-03-06,40,0.46,Smart TV,Web,False
3861,684,10,2025-04-06,81,0.71,Smart TV,Android,False
3862,999,16,2025-01-28,81,0.83,Tablet,iOS,False
3863,631,3,2024-12-08,76,0.53,Smart TV,Android,False
3864,584,7,2025-01-25,19,0.22,Mobile,iOS,False
3865,292,22,2025-04-08,72,0.6,Smart TV,TV App,True
3866,442,10,2024-10-18,102,0.89,Tablet,Android,True
3867,491,4,2025-03-27,108,1.0,Tablet,iOS,False
3868,467,21,2025-04-22,106,0.69,Mobile,Android,True
3869,649,18,2024-12-25,110,0.78,Laptop,Web,False
3870,1062,19,2025-04-27,111,0.89,Mobile,iOS,False
3871,977,13,2025-04-21,140,1.0,Mobile,iOS,False
3872,1181,3,2025-01-17,102,0.71,Mobile,iOS,False
3873,954,18,2025-04-15,142,1.0,Smart TV,TV App,False
3874,199,14,2024-12-24,85,0.66,Smart TV,iOS,False
3875,1185,5,2025-02-03,79,0.65,Smart TV,Web,False
3876,693,5,2024-09-16,58,0.48,Desktop,Web,False
3877,76,16,2025-04-12,75,0.77,Smart TV,Web,False
3878,556,15,2025-03-16,91,0.77,Laptop,iOS,True
3879,1091,1,2025-01-27,103,0.88,Tablet,TV App,False
3880,1151,22,2025-01-11,106,0.89,Mobile,iOS,False
3881,80,19,2025-04-25,51,0.41,Mobile,Web,False
3882,44,19,2025-04-29,125,1.0,Smart TV,Web,True
3883,1097,15,2025-04-18,77,0.65,Smart TV,Web,False
3884,435,20,2024-09-12,63,0.69,Mobile,TV App,False
3885,976,12,2025-03-09,87,0.86,Laptop,Web,False
3886,84,17,2025-02-23,66,0.78,Mobile,TV App,False
3887,713,1,2025-03-27,118,1.0,Smart TV,Android,False
3888,630,11,2025-02-17,96,0.76,Laptop,iOS,False
3889,14,13,2025-03-29,106,0.76,Laptop,TV App,False
3890,626,25,2024-11-01,114,0.85,Mobile,Web,False
3891,278,11,2025-04-24,60,0.48,Laptop,Android,False
3892,450,16,2024-11-05,86,0.88,Tablet,Android,False
3893,47,14,2025-01-12,100,0.77,Laptop,iOS,True
3894,528,15,2025-03-01,78,0.66,Laptop,iOS,False
3895,44,12,2025-02-01,79,0.78,Desktop,Android,False
3896,554,16,2024-11-13,68,0.7,Desktop,TV App,False
3897,331,21,2025-04-29,130,0.84,Laptop,TV App,False
3898,114,24,2025-04-22,50,0.48,Laptop,Android,True
3899,743,18,2024-12-13,90,0.64,Mobile,iOS,False
3900,151,5,2024-12-23,96,0.79,Smart TV,Android,False
3901,869,12,2025-03-23,70,0.69,Laptop,Web,False
3902,377,2,2025-04-06,104,0.79,Mobile,Web,False
3903,98,17,2025-01-31,56,0.67,Laptop,iOS,False
3904,474,7,2024-12-13,31,0.35,Smart TV,iOS,False
3905,1069,11,2025-03-04,82,0.65,Laptop,Web,False
3906,330,1,2025-03-13,106,0.9,Smart TV,Android,False
3907,1163,12,2025-02-05,73,0.72,Mobile,iOS,False
3908,814,24,2025-04-14,95,0.91,Mobile,Web,False
3909,320,4,2025-04-17,63,0.59,Smart TV,Web,False
3910,887,19,2025-04-12,110,0.88,Smart TV,Web,True
3911,807,11,2025-03-09,120,0.95,Mobile,TV App,True
3912,304,19,2025-04-28,96,0.77,Smart TV,Web,False
3913,731,13,2025-03-23,82,0.59,Mobile,TV App,False
3914,448,19,2025-04-21,68,0.55,Laptop,Android,True
3915,17,16,2025-02-06,55,0.57,Smart TV,TV App,False
3916,293,24,2025-01-27,84,0.8,Smart TV,Web,False
3917,418,1,2025-04-30,106,0.9,Smart TV,Web,True
3918,10,11,2025-03-05,78,0.62,Smart TV,Android,True
3919,273,11,2025-02-04,91,0.72,Laptop,iOS,False
3920,1081,25,2025-04-02,128,0.95,Desktop,Android,False
3921,1180,10,2024-12-12,83,0.73,Mobile,Web,False
3922,1035,18,2025-01-26,132,0.93,Mobile,Android,False
3923,1046,16,2025-02-27,79,0.81,Smart TV,Web,False
3924,609,15,2025-04-30,92,0.78,Mobile,Android,False
3925,628,7,2024-12-23,45,0.5,Smart TV,Web,False
3926,639,23,2025-04-07,103,0.94,Tablet,Android,False
3927,38,5,2024-11-23,117,0.96,Laptop,iOS,False
3928,630,19,2025-04-16,93,0.75,Smart TV,Android,False
3929,613,7,2024-12-15,18,0.2,Tablet,Web,True
3930,1090,5,2025-02-03,78,0.64,Mobile,Android,False
3931,666,4,2025-04-24,102,0.95,Laptop,Web,False
3932,1113,1,2025-01-18,102,0.87,Smart TV,Web,False
3933,1102,10,2024-10-08,87,0.76,Mobile,iOS,False
3934,774,13,2025-04-05,103,0.74,Desktop,Web,True
3935,157,4,2025-02-28,70,0.65,Mobile,Android,False
3936,988,4,2025-04-27,99,0.92,Mobile,TV App,False
3937,586,4,2025-02-15,78,0.73,Smart TV,Android,False
3938,1076,19,2025-04-15,100,0.8,Tablet,Android,False
3939,108,11,2025-04-08,127,1.0,Smart TV,iOS,False
3940,611,7,2024-12-10,45,0.51,Smart TV,Android,False
3941,190,5,2025-04-26,103,0.85,Mobile,Web,False
3942,685,5,2025-04-25,58,0.48,Smart TV,iOS,False
3943,260,19,2025-04-13,88,0.71,Smart TV,Android,False
3944,474,4,2025-04-30,85,0.79,Laptop,TV App,False
3945,190,2,2025-01-01,95,0.72,Tablet,Web,False
3946,857,18,2025-03-27,93,0.66,Mobile,iOS,False
3947,276,1,2025-03-14,102,0.87,Desktop,Web,False
3948,781,11,2025-03-08,86,0.68,Smart TV,iOS,False
3949,271,10,2024-08-06,93,0.81,Smart TV,Web,False
3950,341,22,2024-12-15,93,0.78,Mobile,TV App,False
3951,97,1,2025-03-31,107,0.91,Laptop,TV App,False
3952,958,2,2024-09-06,91,0.69,Smart TV,iOS,False
3953,1120,8,2025-03-29,17,0.2,Mobile,iOS,False
3954,1040,1,2025-01-18,89,0.76,Smart TV,Android,False
3955,568,4,2025-03-24,76,0.71,Smart TV,iOS,False
3956,923,19,2025-04-12,58,0.47,Smart TV,iOS,False
3957,237,23,2025-03-09,77,0.7,Laptop,Android,True
3958,304,2,2024-08-17,87,0.66,Tablet,Android,False
3959,1087,3,2025-04-20,142,0.98,Smart TV,Android,False
3960,576,19,2025-04-13,96,0.77,Laptop,iOS,False
3961,355,24,2025-01-24,73,0.7,Desktop,Web,False
3962,1088,9,2025-04-20,85,0.62,Laptop,Web,False
3963,225,11,2025-03-10,90,0.71,Mobile,iOS,False
3964,1136,15,2025-04-06,84,0.71,Mobile,Web,False
3965,600,9,2025-04-06,124,0.9,Mobile,Android,False
3966,909,19,2025-04-18,77,0.62,Mobile,Web,False
3967,336,14,2025-01-30,76,0.59,Laptop,Web,False
3968,449,1,2025-01-19,109,0.93,Smart TV,iOS,False
3969,1131,21,2025-03-29,93,0.6,Laptop,Web,False
3970,637,23,2025-02-18,73,0.67,Mobile,Web,False
3971,174,1,2025-04-11,100,0.85,Smart TV,TV App,False
3972,354,21,2025-03-30,119,0.77,Laptop,iOS,True
3973,271,13,2025-04-29,105,0.75,Mobile,TV App,False
3974,498,1,2025-01-28,101,0.86,Smart TV,TV App,True
3975,58,13,2025-03-24,105,0.75,Tablet,iOS,False
3976,32,9,2025-04-21,107,0.78,Tablet,iOS,False
3977,593,25,2024-11-13,64,0.48,Tablet,Web,False
3978,673,24,2025-04-05,40,0.39,Smart TV,Android,True
3979,589,15,2025-04-03,61,0.52,Laptop,iOS,False
3980,92,19,2025-04-24,77,0.62,Smart TV,Android,False
3981,770,19,2025-04-13,105,0.84,Desktop,Android,True
3982,910,14,2024-06-08,96,0.74,Mobile,Web,False
3983,130,1,2025-03-08,96,0.82,Laptop,Web,False
3984,992,23,2025-03-05,67,0.61,Laptop,Android,False
3985,207,20,2024-09-18,67,0.73,Laptop,iOS,False
3986,618,4,2025-04-17,68,0.63,Laptop,iOS,False
3987,158,18,2025-03-16,119,0.84,Mobile,iOS,False
3988,1140,19,2025-04-17,95,0.76,Laptop,Android,False
3989,1073,9,2025-04-07,86,0.63,Smart TV,TV App,False
3990,884,11,2025-03-22,81,0.64,Laptop,Android,False
3991,615,18,2025-02-13,71,0.5,Smart TV,Web,False
3992,472,11,2025-04-09,87,0.69,Smart TV,Web,True
3993,645,9,2025-04-12,110,0.8,Smart TV,iOS,False
3994,132,21,2025-04-01,102,0.66,Desktop,Web,False
3995,494,24,2025-04-04,75,0.72,Mobile,Web,False
3996,267,9,2025-04-18,96,0.7,Desktop,iOS,False
3997,745,8,2025-02-03,60,0.69,Laptop,iOS,False
3998,590,23,2025-03-31,88,0.8,Tablet,iOS,False
3999,608,18,2024-11-17,142,1.0,Mobile,Android,False
4000,70,16,2025-01-06,78,0.8,Smart TV,Web,False
4001,796,11,2025-02-28,121,0.96,Smart TV,iOS,False
4002,749,12,2025-04-04,59,0.58,Mobile,TV App,False
4003,951,13,2025-04-12,99,0.71,Laptop,TV App,False
4004,257,12,2024-11-15,64,0.63,Laptop,iOS,False
4005,1068,13,2025-04-06,77,0.55,Smart TV,TV App,False
4006,458,25,2024-08-26,71,0.53,Mobile,Android,False
4007,5,18,2025-03-04,130,0.92,Laptop,Android,False
4008,377,20,2024-08-25,53,0.58,Smart TV,Android,True
4009,413,6,2025-04-24,71,0.75,Mobile,Web,False
4010,32,8,2025-03-12,14,0.17,Mobile,Web,False
4011,203,22,2025-02-14,80,0.67,Mobile,Web,False
4012,218,18,2025-01-01,80,0.57,Smart TV,Web,False
4013,607,18,2025-02-03,112,0.79,Smart TV,iOS,False
4014,889,18,2024-10-21,95,0.67,Smart TV,Web,False
4015,970,6,2025-03-04,47,0.5,Smart TV,Android,False
4016,1109,1,2025-01-27,90,0.77,Smart TV,Android,False
4017,29,21,2025-04-12,97,0.63,Mobile,Android,False
4018,598,23,2025-04-17,62,0.57,Mobile,iOS,False
4019,1123,3,2024-12-21,140,0.97,Smart TV,TV App,True
4020,875,18,2025-03-21,96,0.68,Desktop,iOS,False
4021,121,11,2025-04-29,109,0.86,Laptop,TV App,False
4022,1146,6,2025-04-30,32,0.34,Mobile,Android,False
4023,759,10,2025-01-22,78,0.68,Mobile,Android,False
4024,1113,21,2025-04-03,100,0.65,Smart TV,iOS,False
4025,142,14,2024-07-20,84,0.65,Mobile,Android,False
4026,281,5,2025-03-20,78,0.64,Laptop,iOS,False
4027,945,23,2025-03-29,75,0.69,Smart TV,Web,False
4028,51,20,2024-09-10,32,0.35,Smart TV,iOS,False
4029,337,23,2025-03-11,110,1.0,Laptop,TV App,False
4030,1161,23,2025-02-28,71,0.65,Tablet,Android,False
4031,501,4,2025-04-21,64,0.6,Laptop,iOS,False
4032,387,1,2025-04-05,107,0.91,Smart TV,TV App,True
4033,839,19,2025-04-22,95,0.76,Smart TV,Web,False
4034,1086,22,2025-04-01,69,0.58,Smart TV,Web,False
4035,798,14,2024-11-11,72,0.56,Smart TV,iOS,False
4036,229,9,2025-04-06,86,0.63,Mobile,Web,False
4037,98,23,2025-03-02,72,0.66,Mobile,Web,False
4038,140,9,2025-04-18,75,0.55,Smart TV,iOS,True
4039,204,13,2025-03-18,124,0.89,Mobile,iOS,False
4040,142,11,2025-02-03,100,0.79,Smart TV,Web,False
4041,1154,16,2024-12-10,22,0.23,Laptop,Web,False
4042,468,18,2024-12-18,96,0.68,Laptop,Web,False
4043,276,1,2025-03-04,87,0.74,Laptop,iOS,False
4044,759,3,2025-03-07,84,0.58,Smart TV,Android,False
4045,1132,8,2025-03-13,58,0.67,Mobile,Web,False
4046,288,15,2025-03-29,77,0.65,Smart TV,iOS,False
4047,600,9,2025-04-20,110,0.8,Mobile,Android,True
4048,385,1,2025-04-15,73,0.62,Mobile,Web,False
4049,802,1,2025-01-24,97,0.83,Smart TV,iOS,False
4050,360,3,2025-03-27,118,0.82,Laptop,TV App,False
4051,212,19,2025-04-17,97,0.78,Tablet,TV App,False
4052,558,2,2025-04-28,81,0.62,Mobile,Web,True
4053,80,4,2025-04-06,75,0.7,Smart TV,iOS,False
4054,476,8,2025-02-27,85,0.97,Mobile,iOS,False
4055,1057,4,2025-02-27,77,0.72,Smart TV,TV App,True
4056,574,14,2024-12-20,105,0.81,Laptop,iOS,False
4057,1144,25,2024-08-12,109,0.81,Mobile,Android,False
4058,286,5,2024-10-16,104,0.86,Smart TV,TV App,False
4059,153,24,2025-02-13,76,0.73,Smart TV,Android,False
4060,125,19,2025-04-25,86,0.69,Tablet,Android,False
4061,990,25,2024-08-17,112,0.83,Desktop,Android,False
4062,117,23,2025-03-20,79,0.72,Smart TV,Android,False
4063,1129,11,2025-04-28,127,1.0,Tablet,iOS,False
4064,760,11,2025-03-26,69,0.55,Tablet,iOS,False
4065,417,25,2025-02-02,113,0.84,Tablet,Android,False
4066,228,12,2025-03-20,60,0.59,Mobile,Web,False
4067,933,22,2025-02-23,93,0.78,Smart TV,iOS,False
4068,128,16,2024-12-06,55,0.57,Smart TV,Web,False
4069,922,19,2025-04-22,116,0.93,Smart TV,Web,False
4070,200,19,2025-04-22,98,0.79,Laptop,Android,False
4071,651,22,2025-01-24,91,0.76,Smart TV,Web,False
4072,568,5,2025-02-27,84,0.69,Mobile,Android,False
4073,965,16,2024-11-10,72,0.74,Mobile,iOS,False
4074,880,21,2025-04-06,103,0.67,Mobile,Web,False
4075,560,7,2025-01-08,44,0.49,Desktop,Android,False
4076,106,1,2025-02-10,89,0.76,Laptop,Android,True
4077,97,16,2025-02-02,80,0.82,Laptop,Web,True
4078,1065,1,2025-03-22,92,0.78,Laptop,Web,True
4079,740,9,2025-04-21,133,0.97,Mobile,iOS,False
4080,269,18,2025-03-10,139,0.98,Mobile,Web,False
4081,685,23,2025-03-19,88,0.8,Smart TV,iOS,False
4082,1173,19,2025-04-22,95,0.76,Smart TV,iOS,False
4083,116,18,2024-09-30,100,0.71,Mobile,Web,True
4084,1014,6,2025-04-03,67,0.71,Smart TV,iOS,False
4085,1181,5,2024-11-29,92,0.76,Tablet,Web,False
4086,69,11,2025-02-01,101,0.8,Laptop,iOS,True
4087,464,19,2025-04-22,77,0.62,Laptop,iOS,False
4088,163,9,2025-04-30,114,0.83,Mobile,Web,False
4089,872,1,2025-03-15,90,0.77,Mobile,Web,False
4090,810,23,2025-03-24,66,0.6,Smart TV,Web,False
4091,687,15,2025-04-20,108,0.91,Laptop,Android,False
4092,311,3,2025-03-07,133,0.92,Smart TV,iOS,False
4093,434,13,2025-03-18,120,0.86,Tablet,Android,False
4094,280,13,2025-03-20,121,0.87,Smart TV,TV App,False
4095,543,3,2025-01-18,126,0.87,Laptop,Android,False
4096,293,6,2025-03-21,19,0.21,Mobile,Android,False
4097,1034,14,2024-08-14,71,0.55,Mobile,Web,False
4098,709,5,2024-10-31,100,0.82,Smart TV,iOS,False
4099,746,14,2025-01-08,109,0.84,Tablet,Android,False
4100,518,18,2025-02-20,85,0.6,Smart TV,iOS,False
4101,447,16,2024-11-13,83,0.85,Tablet,Android,False
4102,236,20,2024-08-28,57,0.63,Mobile,Android,False
4103,619,11,2025-04-01,106,0.84,Laptop,Web,False
4104,285,13,2025-04-09,110,0.79,Mobile,TV App,False
4105,550,10,2024-10-14,115,1.0,Mobile,iOS,False
4106,426,13,2025-03-29,106,0.76,Smart TV,Web,False
4107,1093,1,2025-03-21,107,0.91,Smart TV,iOS,False
4108,582,15,2025-03-21,82,0.69,Smart TV,Web,False
4109,991,19,2025-04-27,93,0.75,Mobile,Web,True
4110,668,25,2025-03-13,124,0.92,Smart TV,iOS,False
4111,687,11,2025-03-06,105,0.83,Mobile,TV App,False
4112,938,11,2025-03-31,97,0.77,Smart TV,Web,False
4113,509,1,2025-04-14,118,1.0,Smart TV,Web,False
4114,592,7,2025-01-20,54,0.61,Tablet,TV App,True
4115,967,3,2024-12-22,110,0.76,Tablet,Android,False
4116,467,2,2024-12-16,60,0.46,Smart TV,Android,False
4117,184,19,2025-04-12,68,0.55,Smart TV,Android,False
4118,1131,9,2025-04-09,109,0.79,Desktop,iOS,True
4119,773,6,2025-04-08,46,0.49,Smart TV,iOS,False
4120,269,25,2025-01-02,87,0.65,Mobile,iOS,False
4121,221,9,2025-04-22,99,0.72,Mobile,iOS,False
4122,1075,5,2025-02-13,73,0.6,Smart TV,Android,True
4123,1176,14,2024-07-29,122,0.94,Laptop,TV App,True
4124,989,19,2025-04-23,103,0.83,Mobile,Web,True
4125,266,1,2025-04-03,114,0.97,Laptop,Android,False
4126,993,14,2024-08-02,91,0.7,Smart TV,Web,False
4127,606,14,2024-11-03,113,0.87,Smart TV,iOS,False
4128,567,21,2025-04-18,99,0.64,Laptop,iOS,False
4129,347,11,2025-03-24,78,0.62,Smart TV,Android,False
4130,567,13,2025-04-14,130,0.93,Laptop,iOS,True
4131,623,19,2025-04-25,107,0.86,Mobile,Android,False
4132,635,4,2025-03-07,65,0.61,Mobile,iOS,True
4133,87,22,2025-02-13,112,0.94,Laptop,Android,False
4134,1199,5,2025-02-06,91,0.75,Laptop,TV App,False
4135,70,5,2024-10-27,84,0.69,Laptop,Web,False
4136,395,19,2025-04-13,93,0.75,Smart TV,iOS,False
4137,150,16,2025-01-18,65,0.67,Mobile,Android,False
4138,210,12,2024-11-24,48,0.48,Mobile,TV App,False
4139,885,23,2025-03-10,92,0.84,Smart TV,iOS,False
4140,217,4,2025-02-28,79,0.74,Mobile,Android,False
4141,1046,11,2025-04-28,105,0.83,Smart TV,Android,False
4142,387,3,2025-01-02,118,0.82,Desktop,Web,True
4143,63,1,2025-02-23,102,0.87,Laptop,iOS,True
4144,1034,25,2025-01-21,76,0.57,Smart TV,Android,False
4145,860,15,2025-03-18,96,0.81,Mobile,Web,False
4146,1114,8,2025-01-28,50,0.57,Smart TV,Web,False
4147,1024,11,2025-04-19,105,0.83,Mobile,Android,False
4148,616,23,2025-04-14,85,0.78,Mobile,Android,True
4149,1044,1,2025-01-20,114,0.97,Smart TV,iOS,False
4150,253,15,2025-04-10,82,0.69,Mobile,iOS,False
4151,661,19,2025-04-20,96,0.77,Smart TV,Android,False
4152,286,1,2025-01-29,103,0.88,Mobile,iOS,True
4153,472,7,2024-12-29,30,0.34,Mobile,TV App,False
4154,806,14,2024-12-16,100,0.77,Desktop,Web,True
4155,301,2,2024-10-22,76,0.58,Smart TV,Web,False
4156,147,17,2025-04-24,60,0.71,Laptop,iOS,True
4157,799,18,2025-02-20,52,0.37,Desktop,TV App,False
4158,415,19,2025-04-17,87,0.7,Laptop,Android,False
4159,881,4,2025-03-12,70,0.65,Smart TV,Android,False
4160,1169,25,2025-03-03,90,0.67,Smart TV,Android,False
4161,155,3,2025-01-31,100,0.69,Smart TV,Web,False
4162,719,13,2025-03-23,93,0.67,Mobile,iOS,False
4163,140,15,2025-04-02,103,0.87,Smart TV,TV App,False
4164,7,5,2025-01-09,62,0.51,Mobile,Web,False
4165,863,2,2024-10-13,122,0.93,Smart TV,iOS,False
4166,921,5,2024-12-27,108,0.89,Laptop,iOS,True
4167,457,11,2025-03-02,114,0.9,Smart TV,iOS,False
4168,1008,9,2025-04-28,63,0.46,Smart TV,Web,False
4169,5,5,2025-01-07,70,0.58,Laptop,Web,True
4170,1056,24,2025-03-02,77,0.74,Smart TV,Android,False
4171,968,14,2024-07-07,78,0.6,Smart TV,iOS,False
4172,221,8,2025-02-13,49,0.56,Tablet,Android,False
4173,126,19,2025-04-22,117,0.94,Laptop,Android,False
4174,373,19,2025-04-27,125,1.0,Smart TV,TV App,False
4175,146,18,2025-03-18,106,0.75,Smart TV,Android,True
4176,777,9,2025-04-10,89,0.65,Mobile,Web,False
4177,907,14,2024-08-10,104,0.8,Laptop,Web,False
4178,1090,13,2025-04-01,92,0.66,Mobile,Web,True
4179,975,23,2025-04-19,72,0.66,Smart TV,Web,True
4180,53,11,2025-04-06,105,0.83,Laptop,iOS,False
4181,1092,13,2025-04-14,98,0.7,Mobile,iOS,False
4182,63,14,2024-12-22,88,0.68,Mobile,Web,False
4183,171,3,2024-12-03,104,0.72,Laptop,Web,False
4184,1200,1,2025-04-30,89,0.76,Smart TV,TV App,False
4185,662,16,2024-11-10,65,0.67,Smart TV,Web,True
4186,961,10,2025-03-28,71,0.62,Mobile,Android,False
4187,294,19,2025-04-18,101,0.81,Mobile,iOS,False
4188,368,9,2025-04-19,91,0.66,Laptop,TV App,False
4189,1155,13,2025-04-23,75,0.54,Mobile,Web,False
4190,1107,5,2024-09-09,79,0.65,Tablet,Android,False
4191,94,9,2025-04-18,92,0.67,Smart TV,Android,False
4192,1048,11,2025-04-19,48,0.38,Smart TV,iOS,False
4193,663,10,2025-01-07,96,0.84,Mobile,TV App,False
4194,212,25,2025-02-28,121,0.9,Mobile,iOS,False
4195,796,2,2025-03-03,99,0.75,Smart TV,TV App,False
4196,1145,23,2025-03-18,73,0.67,Laptop,Web,False
4197,165,1,2025-04-19,118,1.0,Smart TV,iOS,False
4198,811,11,2025-03-31,101,0.8,Desktop,TV App,False
4199,146,10,2024-07-23,82,0.72,Mobile,iOS,False
4200,445,22,2025-03-21,97,0.81,Mobile,Web,True
4201,819,21,2025-04-14,89,0.58,Mobile,Web,False
4202,328,15,2025-04-22,94,0.79,Smart TV,Web,False
4203,523,16,2024-11-12,94,0.96,Tablet,Web,False
4204,139,15,2025-04-28,73,0.62,Laptop,iOS,True
4205,933,6,2025-04-19,65,0.69,Tablet,Web,False
4206,41,21,2025-04-22,125,0.81,Smart TV,iOS,False
4207,76,9,2025-04-20,113,0.82,Mobile,Android,False
4208,764,16,2024-12-13,73,0.75,Tablet,Web,False
4209,1128,1,2025-02-25,99,0.84,Desktop,iOS,False
4210,336,1,2025-03-11,112,0.95,Tablet,TV App,True
4211,293,19,2025-04-29,103,0.83,Smart TV,Web,False
4212,182,18,2025-02-23,142,1.0,Desktop,iOS,False
4213,212,24,2025-01-15,86,0.82,Laptop,TV App,False
4214,524,23,2025-04-08,57,0.52,Mobile,iOS,False
4215,337,11,2025-02-17,99,0.78,Smart TV,Web,False
4216,179,14,2025-01-30,96,0.74,Smart TV,Android,False
4217,506,3,2025-04-14,78,0.54,Smart TV,Android,False
4218,1105,13,2025-04-19,106,0.76,Laptop,Android,False
4219,789,9,2025-04-29,110,0.8,Mobile,Android,False
4220,3,16,2025-01-21,19,0.2,Laptop,TV App,False
4221,1163,23,2025-04-15,103,0.94,Smart TV,iOS,True
4222,2,25,2025-01-30,81,0.6,Smart TV,Android,False
4223,955,19,2025-04-15,62,0.5,Smart TV,iOS,False
4224,474,21,2025-04-17,100,0.65,Laptop,TV App,False
4225,975,5,2025-04-23,64,0.53,Smart TV,TV App,False
4226,1028,13,2025-03-23,112,0.8,Tablet,Web,False
4227,1031,1,2025-01-26,94,0.8,Desktop,iOS,True
4228,21,9,2025-04-26,91,0.66,Mobile,iOS,False
4229,146,1,2025-04-09,97,0.83,Smart TV,TV App,False
4230,234,19,2025-04-18,111,0.89,Laptop,Web,False
4231,126,1,2025-04-11,109,0.93,Smart TV,iOS,False
4232,808,15,2025-04-21,114,0.96,Laptop,Android,True
4233,43,13,2025-03-30,88,0.63,Smart TV,TV App,False
4234,437,12,2024-10-19,92,0.91,Laptop,Web,False
4235,951,9,2025-04-06,71,0.52,Laptop,iOS,False
4236,1194,13,2025-03-22,60,0.43,Desktop,iOS,True
4237,774,4,2025-03-06,85,0.79,Laptop,Android,False
4238,1042,13,2025-04-17,110,0.79,Smart TV,iOS,False
4239,1021,6,2025-04-21,54,0.57,Mobile,TV App,False
4240,419,21,2025-03-30,111,0.72,Mobile,Web,True
4241,900,2,2024-11-15,100,0.76,Smart TV,Web,False
4242,1056,25,2025-02-06,91,0.68,Desktop,Android,False
4243,68,15,2025-03-05,104,0.88,Smart TV,iOS,False
4244,1075,23,2025-02-17,81,0.74,Desktop,Web,True
4245,121,15,2025-04-11,98,0.83,Smart TV,TV App,False
4246,969,18,2025-01-27,97,0.69,Mobile,Android,False
4247,809,9,2025-04-16,100,0.73,Laptop,iOS,False
4248,649,1,2025-01-20,102,0.87,Tablet,iOS,True
4249,190,13,2025-03-29,93,0.67,Mobile,iOS,True
4250,559,24,2025-01-28,95,0.91,Laptop,iOS,False
4251,973,1,2025-02-28,113,0.96,Mobile,iOS,False
4252,664,13,2025-04-18,127,0.91,Mobile,TV App,False
4253,241,11,2025-04-13,100,0.79,Smart TV,Android,True
4254,943,13,2025-04-10,53,0.38,Smart TV,Android,False
4255,457,16,2025-04-03,87,0.89,Tablet,Android,False
4256,1198,19,2025-04-12,96,0.77,Mobile,Android,False
4257,619,13,2025-04-03,92,0.66,Smart TV,Web,False
4258,991,19,2025-04-20,80,0.64,Tablet,Web,False
4259,301,1,2025-03-07,116,0.99,Mobile,iOS,False
4260,839,4,2025-04-25,83,0.77,Smart TV,TV App,True
4261,172,22,2024-11-29,92,0.77,Mobile,TV App,False
4262,274,12,2024-12-13,65,0.64,Mobile,iOS,False
4263,315,14,2024-08-19,84,0.65,Laptop,iOS,True
4264,72,11,2025-03-10,76,0.6,Smart TV,TV App,True
4265,217,23,2025-04-15,64,0.59,Smart TV,iOS,True
4266,326,23,2025-02-07,77,0.7,Desktop,Web,False
4267,188,21,2025-04-07,148,0.96,Mobile,Web,False
4268,622,19,2025-04-16,97,0.78,Laptop,iOS,False
4269,947,4,2025-03-14,92,0.86,Laptop,Android,False
4270,609,9,2025-04-24,133,0.97,Smart TV,Android,False
4271,109,24,2025-03-11,105,1.0,Laptop,Android,True
4272,412,14,2024-09-09,89,0.69,Laptop,Web,True
4273,1176,8,2025-02-17,36,0.41,Mobile,TV App,False
4274,165,1,2025-01-26,97,0.83,Mobile,Web,False
4275,1184,3,2025-02-01,97,0.67,Smart TV,iOS,False
4276,160,13,2025-03-20,103,0.74,Mobile,Web,True
4277,709,10,2024-12-30,110,0.96,Laptop,iOS,False
4278,174,3,2025-04-23,123,0.85,Smart TV,Web,False
4279,461,23,2025-04-05,88,0.8,Smart TV,TV App,False
4280,332,21,2025-04-15,100,0.65,Smart TV,Web,False
4281,358,12,2025-02-24,85,0.84,Tablet,iOS,False
4282,1177,13,2025-03-25,119,0.85,Mobile,iOS,False
4283,75,1,2025-01-26,118,1.0,Smart TV,Web,False
4284,125,1,2025-03-13,86,0.73,Laptop,Web,False
4285,902,21,2025-04-08,141,0.91,Tablet,Web,False
4286,359,7,2025-01-18,43,0.48,Laptop,iOS,True
4287,1083,5,2024-11-12,67,0.55,Laptop,Android,False
4288,247,9,2025-04-21,96,0.7,Smart TV,Android,False
4289,635,1,2025-04-25,118,1.0,Laptop,Web,False
4290,1065,4,2025-02-17,69,0.64,Smart TV,iOS,False
4291,204,4,2025-04-03,59,0.55,Smart TV,Android,False
4292,1179,23,2025-03-16,75,0.69,Mobile,Web,False
4293,473,1,2025-01-29,110,0.94,Mobile,iOS,True
4294,1177,9,2025-04-29,92,0.67,Laptop,iOS,False
4295,469,9,2025-04-13,93,0.68,Mobile,TV App,False
4296,1172,8,2025-03-29,31,0.36,Smart TV,Android,False
4297,1043,3,2025-02-15,120,0.83,Smart TV,iOS,False
4298,657,14,2025-01-27,126,0.97,Smart TV,Android,False
4299,1030,11,2025-04-06,102,0.81,Laptop,Web,False
4300,23,4,2025-04-14,89,0.83,Smart TV,Web,False
4301,858,14,2024-10-23,96,0.74,Desktop,TV App,False
4302,342,9,2025-04-15,136,0.99,Smart TV,Web,False
4303,137,13,2025-03-21,91,0.65,Smart TV,Web,False
4304,323,15,2025-04-14,67,0.57,Mobile,iOS,False
4305,648,24,2025-02-27,76,0.73,Smart TV,TV App,False
4306,57,15,2025-04-30,88,0.74,Laptop,Android,False
4307,903,22,2025-03-16,72,0.6,Tablet,iOS,False
4308,564,19,2025-04-13,85,0.68,Laptop,Web,True
4309,37,17,2025-01-26,51,0.61,Mobile,Web,True
4310,552,11,2025-02-06,67,0.53,Smart TV,Android,False
4311,320,15,2025-03-31,110,0.93,Mobile,Web,False
4312,170,22,2024-11-07,68,0.57,Mobile,iOS,True
4313,993,16,2025-02-05,58,0.6,Mobile,TV App,False
4314,132,15,2025-04-05,80,0.68,Desktop,Web,False
4315,1170,11,2025-03-28,80,0.63,Laptop,iOS,False
4316,288,11,2025-03-19,55,0.44,Mobile,TV App,False
4317,630,25,2024-11-22,90,0.67,Smart TV,Android,False
4318,1133,1,2025-04-01,97,0.83,Laptop,TV App,False
4319,992,23,2025-03-16,64,0.59,Mobile,iOS,False
4320,873,21,2025-04-01,58,0.38,Desktop,TV App,True
4321,799,4,2025-03-20,84,0.78,Smart TV,Web,False
4322,362,11,2025-04-15,86,0.68,Tablet,iOS,False
4323,1177,13,2025-04-10,128,0.92,Smart TV,Android,False
4324,62,11,2025-03-21,115,0.91,Laptop,Android,False
4325,589,4,2025-03-11,85,0.79,Tablet,Web,False
4326,586,22,2025-02-11,98,0.82,Smart TV,TV App,False
4327,775,13,2025-03-30,89,0.64,Mobile,Web,False
4328,843,18,2025-04-10,85,0.6,Mobile,Web,False
4329,738,15,2025-03-26,82,0.69,Smart TV,Web,False
4330,119,11,2025-03-09,116,0.92,Smart TV,iOS,False
4331,871,19,2025-04-19,63,0.51,Laptop,Android,False
4332,1120,15,2025-04-25,86,0.73,Smart TV,Web,False
4333,1194,5,2025-03-03,86,0.71,Tablet,iOS,False
4334,133,17,2025-04-20,58,0.69,Smart TV,iOS,True
4335,620,11,2025-01-30,83,0.66,Laptop,Web,False
4336,1187,3,2025-01-25,85,0.59,Smart TV,Android,True
4337,965,14,2024-11-25,89,0.69,Mobile,iOS,False
4338,1043,21,2025-04-20,85,0.55,Tablet,Web,False
4339,733,8,2025-02-12,38,0.44,Laptop,Android,False
4340,852,5,2025-03-06,113,0.93,Laptop,iOS,False
4341,790,6,2025-04-26,85,0.9,Mobile,Android,True
4342,970,16,2024-11-30,66,0.68,Smart TV,Android,True
4343,353,8,2025-01-28,31,0.36,Mobile,Web,False
4344,288,13,2025-04-02,95,0.68,Smart TV,iOS,False
4345,37,13,2025-04-08,78,0.56,Smart TV,iOS,False
4346,1139,24,2025-02-17,89,0.85,Smart TV,Web,False
4347,741,21,2025-04-04,150,0.97,Laptop,Android,False
4348,1117,23,2025-04-08,80,0.73,Smart TV,TV App,False
4349,747,2,2024-10-21,102,0.78,Smart TV,iOS,False
4350,111,14,2024-09-26,58,0.45,Laptop,Android,False
4351,750,20,2024-09-17,33,0.36,Tablet,TV App,False
4352,1097,9,2025-04-13,117,0.85,Laptop,Android,False
4353,272,5,2025-01-17,102,0.84,Laptop,Web,False
4354,387,4,2025-03-11,108,1.0,Mobile,iOS,True
4355,361,9,2025-04-27,100,0.73,Smart TV,Android,False
4356,952,21,2025-04-14,103,0.67,Smart TV,Web,True
4357,1191,15,2025-03-06,109,0.92,Mobile,Web,True
4358,967,18,2024-12-06,105,0.74,Mobile,TV App,False
4359,396,16,2024-12-26,77,0.79,Smart TV,TV App,False
4360,695,21,2025-04-26,108,0.7,Mobile,Android,False
4361,1044,3,2025-04-16,84,0.58,Smart TV,Web,False
4362,1044,10,2024-11-23,83,0.73,Mobile,iOS,False
4363,293,14,2024-08-11,130,1.0,Tablet,Web,False
4364,604,21,2025-04-19,142,0.92,Smart TV,Android,False
4365,411,21,2025-04-11,117,0.76,Smart TV,Web,True
4366,643,13,2025-04-14,99,0.71,Tablet,iOS,False
4367,481,18,2024-11-28,78,0.55,Laptop,Web,True
4368,969,2,2025-01-07,130,0.99,Smart TV,Android,False
4369,925,11,2025-02-28,77,0.61,Smart TV,Web,False
4370,1196,12,2024-12-27,61,0.6,Laptop,TV App,False
4371,450,25,2025-04-12,71,0.53,Smart TV,Web,False
4372,373,1,2025-01-18,115,0.98,Mobile,Web,False
4373,328,14,2024-10-20,87,0.67,Mobile,TV App,False
4374,318,18,2024-12-08,110,0.78,Mobile,Web,False
4375,287,1,2025-01-23,118,1.0,Smart TV,Android,False
4376,812,10,2024-09-05,78,0.68,Mobile,iOS,False
4377,1052,1,2025-03-14,96,0.82,Tablet,iOS,False
4378,1188,10,2025-04-26,110,0.96,Smart TV,TV App,True
4379,339,1,2025-01-27,110,0.94,Mobile,Web,False
4380,747,12,2024-10-19,64,0.63,Laptop,Android,False
4381,1140,4,2025-03-19,55,0.51,Mobile,iOS,False
4382,752,22,2025-04-03,98,0.82,Mobile,TV App,False
4383,953,22,2025-04-15,115,0.96,Smart TV,Android,False
4384,1068,13,2025-04-29,88,0.63,Smart TV,Web,False
4385,713,18,2024-10-06,107,0.76,Smart TV,Web,False
4386,180,22,2025-03-30,114,0.95,Laptop,iOS,False
4387,610,22,2024-11-12,94,0.79,Laptop,Web,False
4388,933,19,2025-04-21,108,0.87,Smart TV,Web,False
4389,959,21,2025-04-20,120,0.78,Mobile,Web,False
4390,654,6,2025-03-22,68,0.72,Laptop,iOS,False
4391,355,19,2025-04-27,98,0.79,Smart TV,TV App,False
4392,1198,14,2024-11-04,105,0.81,Mobile,iOS,False
4393,360,5,2024-10-31,92,0.76,Mobile,iOS,False
4394,858,2,2025-01-22,92,0.7,Mobile,iOS,False
4395,569,10,2024-08-03,98,0.86,Desktop,Web,False
4396,587,25,2024-09-11,87,0.65,Laptop,Web,False
4397,832,18,2025-04-11,134,0.95,Laptop,Android,False
4398,838,1,2025-03-14,102,0.87,Mobile,iOS,False
4399,555,21,2025-04-28,85,0.55,Smart TV,Android,False
4400,148,1,2025-04-28,96,0.82,Smart TV,iOS,False
4401,1133,3,2025-04-27,97,0.67,Tablet,TV App,False
4402,866,13,2025-04-04,138,0.99,Laptop,Android,False
4403,495,9,2025-04-19,82,0.6,Mobile,iOS,False
4404,760,22,2024-12-25,81,0.68,Mobile,iOS,False
4405,1108,13,2025-03-30,102,0.73,Mobile,iOS,True
4406,457,5,2024-12-14,54,0.45,Laptop,Android,True
4407,1078,16,2025-02-02,84,0.86,Smart TV,Android,False
4408,248,5,2025-02-13,98,0.81,Smart TV,Web,False
4409,748,24,2024-12-26,67,0.64,Mobile,Android,False
4410,187,11,2025-04-30,125,0.99,Mobile,iOS,False
4411,1044,21,2025-04-08,134,0.87,Mobile,Web,False
4412,24,23,2025-03-25,75,0.69,Mobile,Web,False
4413,684,12,2025-03-04,80,0.79,Mobile,iOS,False
4414,763,1,2025-01-19,112,0.95,Mobile,Android,True
4415,901,23,2025-03-05,110,1.0,Mobile,iOS,False
4416,788,13,2025-04-09,112,0.8,Mobile,Android,False
4417,502,1,2025-03-31,113,0.96,Smart TV,TV App,False
4418,436,16,2025-04-05,82,0.84,Laptop,TV App,True
4419,225,7,2025-02-05,40,0.45,Smart TV,TV App,False
4420,275,23,2025-02-22,61,0.56,Smart TV,TV App,False
4421,1037,1,2025-01-24,105,0.89,Mobile,Android,False
4422,396,11,2025-03-21,73,0.58,Tablet,Android,False
4423,951,18,2025-01-04,142,1.0,Tablet,Android,False
4424,339,12,2025-01-08,74,0.73,Mobile,Android,True
4425,432,19,2025-04-27,118,0.95,Smart TV,TV App,False
4426,570,9,2025-04-25,100,0.73,Smart TV,iOS,False
4427,162,10,2024-09-14,93,0.81,Smart TV,iOS,True
4428,178,19,2025-04-13,66,0.53,Tablet,Android,False
4429,191,1,2025-03-03,112,0.95,Smart TV,Web,True
4430,662,4,2025-04-08,65,0.61,Mobile,iOS,True
4431,487,1,2025-04-27,118,1.0,Mobile,iOS,False
4432,1140,16,2025-02-02,76,0.78,Tablet,Android,False
4433,532,9,2025-04-09,120,0.87,Mobile,iOS,True
4434,350,11,2025-02-03,76,0.6,Mobile,Web,False
4435,880,1,2025-04-25,118,1.0,Mobile,Android,False
4436,115,11,2025-04-08,95,0.75,Mobile,iOS,False
4437,650,25,2025-01-23,85,0.63,Mobile,iOS,False
4438,278,19,2025-04-15,90,0.72,Mobile,iOS,False
4439,936,13,2025-04-05,77,0.55,Mobile,TV App,False
4440,1004,14,2025-01-18,94,0.73,Laptop,Web,False
4441,562,14,2024-11-19,87,0.67,Smart TV,iOS,False
4442,794,2,2025-04-08,118,0.9,Laptop,iOS,False
4443,1058,4,2025-04-05,86,0.8,Mobile,Android,False
4444,173,2,2025-01-25,96,0.73,Laptop,Android,False
4445,316,14,2024-10-08,109,0.84,Desktop,Android,False
4446,946,2,2025-01-22,88,0.67,Mobile,Android,True
4447,808,25,2024-08-06,97,0.72,Laptop,TV App,False
4448,704,7,2024-12-21,38,0.43,Desktop,iOS,False
4449,251,16,2024-12-08,57,0.59,Desktop,Android,False
4450,251,15,2025-04-29,47,0.4,Laptop,Web,False
4451,205,16,2025-04-14,60,0.62,Smart TV,iOS,False
4452,465,15,2025-03-30,110,0.93,Mobile,Web,False
4453,59,6,2025-04-22,57,0.61,Smart TV,iOS,False
4454,1127,3,2025-01-22,82,0.57,Mobile,TV App,False
4455,408,18,2024-10-11,106,0.75,Smart TV,Web,False
4456,261,25,2024-10-05,90,0.67,Tablet,Android,False
4457,799,5,2024-11-15,70,0.58,Mobile,Web,False
4458,413,12,2025-03-04,88,0.87,Desktop,Web,True
4459,1194,13,2025-04-15,99,0.71,Smart TV,iOS,False
4460,145,17,2025-04-25,76,0.9,Mobile,TV App,False
4461,155,2,2025-04-05,96,0.73,Mobile,TV App,False
4462,1006,5,2024-10-12,82,0.68,Smart TV,Web,False
4463,409,22,2024-11-15,98,0.82,Laptop,Android,False
4464,483,21,2025-04-10,102,0.66,Desktop,Web,False
4465,237,23,2025-02-16,73,0.67,Smart TV,iOS,False
4466,125,19,2025-04-25,90,0.72,Smart TV,iOS,False
4467,799,16,2025-02-26,86,0.88,Desktop,Web,False
4468,1081,17,2025-01-19,79,0.93,Mobile,TV App,False
4469,327,10,2024-12-16,97,0.85,Mobile,iOS,False
4470,58,15,2025-03-30,107,0.9,Smart TV,Web,False
4471,609,19,2025-04-27,112,0.9,Tablet,iOS,True
4472,74,1,2025-01-23,101,0.86,Laptop,iOS,False
4473,779,10,2024-10-17,79,0.69,Smart TV,iOS,False
4474,636,18,2025-01-24,86,0.61,Mobile,Web,False
4475,1163,13,2025-04-23,93,0.67,Smart TV,Android,False
4476,105,13,2025-04-06,85,0.61,Mobile,Android,True
4477,1033,10,2025-01-16,41,0.36,Tablet,Android,False
4478,382,20,2024-09-28,35,0.39,Smart TV,iOS,False
4479,184,11,2025-02-02,124,0.98,Mobile,Android,False
4480,1103,2,2024-12-01,83,0.63,Tablet,iOS,False
4481,589,1,2025-03-30,110,0.94,Smart TV,Android,False
4482,557,5,2025-01-02,73,0.6,Smart TV,iOS,False
4483,284,14,2024-06-09,104,0.8,Smart TV,iOS,False
4484,973,6,2025-03-04,62,0.66,Tablet,iOS,False
4485,944,13,2025-04-08,140,1.0,Smart TV,Web,False
4486,911,3,2025-01-23,113,0.78,Tablet,TV App,False
4487,441,9,2025-04-20,88,0.64,Mobile,Android,False
4488,795,23,2025-04-24,90,0.82,Smart TV,iOS,False
4489,20,2,2025-04-23,80,0.61,Smart TV,iOS,False
4490,224,24,2025-03-01,79,0.76,Smart TV,TV App,False
4491,968,17,2025-03-22,45,0.54,Smart TV,iOS,False
4492,988,3,2025-02-13,100,0.69,Smart TV,Android,True
4493,163,10,2024-10-16,94,0.82,Laptop,TV App,False
4494,1045,2,2025-02-25,116,0.88,Smart TV,Web,False
4495,1190,25,2024-09-05,95,0.71,Smart TV,iOS,False
4496,112,1,2025-03-02,88,0.75,Mobile,TV App,False
4497,582,19,2025-04-28,110,0.88,Tablet,TV App,False
4498,1056,3,2025-01-09,131,0.91,Laptop,Web,False
4499,1000,5,2024-12-07,74,0.61,Mobile,Web,False
4500,1143,16,2025-04-11,60,0.62,Mobile,iOS,False
4501,382,19,2025-04-20,88,0.71,Laptop,iOS,False
4502,1060,25,2024-08-28,82,0.61,Smart TV,TV App,False
4503,983,22,2025-01-19,120,1.0,Mobile,TV App,False
4504,713,11,2025-03-18,102,0.81,Laptop,Web,False
4505,1079,22,2024-12-21,80,0.67,Mobile,TV App,False
4506,547,1,2025-01-26,107,0.91,Mobile,iOS,False
4507,85,21,2025-04-15,114,0.74,Mobile,TV App,False
4508,171,17,2025-02-10,51,0.61,Tablet,Android,True
4509,312,9,2025-04-26,95,0.69,Tablet,iOS,False
4510,1160,9,2025-04-06,114,0.83,Mobile,Web,False
4511,484,12,2024-10-19,67,0.66,Smart TV,iOS,False
4512,596,10,2024-10-22,109,0.95,Mobile,Web,True
4513,281,11,2025-02-12,100,0.79,Mobile,Android,False
4514,967,8,2025-03-11,44,0.5,Tablet,iOS,False
4515,606,21,2025-03-30,147,0.95,Smart TV,Web,False
4516,390,23,2025-03-09,61,0.56,Mobile,iOS,False
4517,257,5,2025-03-20,111,0.91,Smart TV,iOS,False
4518,1057,1,2025-02-20,90,0.77,Smart TV,Web,False
4519,1195,1,2025-04-16,114,0.97,Mobile,TV App,False
4520,910,23,2025-02-28,79,0.72,Tablet,Android,True
4521,125,4,2025-02-15,71,0.66,Smart TV,TV App,False
4522,832,21,2025-04-16,72,0.47,Smart TV,Android,False
4523,419,1,2025-01-18,118,1.0,Smart TV,iOS,False
4524,1040,9,2025-04-22,80,0.58,Mobile,TV App,False
4525,805,14,2025-03-01,106,0.82,Smart TV,Web,False
4526,143,4,2025-04-10,59,0.55,Laptop,Web,False
4527,1022,13,2025-04-24,116,0.83,Mobile,TV App,False
4528,1082,9,2025-04-07,89,0.65,Mobile,Android,False
4529,503,4,2025-03-23,108,1.0,Smart TV,iOS,False
4530,367,11,2025-04-13,88,0.7,Mobile,iOS,False
4531,159,4,2025-03-26,75,0.7,Mobile,iOS,False
4532,90,1,2025-01-22,118,1.0,Mobile,Android,False
4533,379,1,2025-01-24,88,0.75,Laptop,iOS,False
4534,996,15,2025-04-19,110,0.93,Mobile,TV App,False
4535,389,2,2024-09-22,75,0.57,Smart TV,Web,False
4536,458,3,2025-04-04,118,0.82,Mobile,Web,True
4537,937,15,2025-03-26,66,0.56,Smart TV,Web,False
4538,602,9,2025-04-06,133,0.97,Smart TV,iOS,False
4539,988,10,2024-08-11,50,0.44,Mobile,TV App,False
4540,1045,13,2025-04-22,109,0.78,Mobile,TV App,False
4541,413,1,2025-01-23,94,0.8,Smart TV,iOS,False
4542,139,5,2024-09-09,65,0.54,Smart TV,TV App,False
4543,340,24,2025-01-18,56,0.54,Tablet,iOS,False
4544,816,25,2025-04-11,121,0.9,Mobile,iOS,False
4545,285,13,2025-04-01,124,0.89,Desktop,Android,False
4546,391,16,2025-02-23,73,0.75,Laptop,iOS,False
4547,37,4,2025-04-29,105,0.98,Laptop,Android,False
4548,812,1,2025-03-24,95,0.81,Smart TV,Android,False
4549,592,21,2025-03-28,122,0.79,Mobile,Web,False
4550,1023,3,2025-02-19,127,0.88,Laptop,iOS,False
4551,505,7,2024-12-20,62,0.7,Mobile,Android,False
4552,435,18,2024-10-08,102,0.72,Smart TV,Android,False
4553,1030,12,2025-03-28,47,0.47,Smart TV,iOS,False
4554,1180,4,2025-04-30,88,0.82,Laptop,Web,False
4555,422,12,2024-10-27,68,0.67,Desktop,Android,False
4556,1074,5,2024-12-17,86,0.71,Mobile,Android,False
4557,22,22,2025-01-31,79,0.66,Mobile,iOS,False
4558,954,5,2025-04-17,118,0.97,Laptop,iOS,False
4559,1199,13,2025-04-18,124,0.89,Smart TV,TV App,False
4560,413,11,2025-03-17,78,0.62,Tablet,Web,True
4561,1197,7,2025-02-03,62,0.7,Smart TV,Web,False
4562,731,22,2025-03-19,64,0.54,Smart TV,TV App,False
4563,83,19,2025-04-29,101,0.81,Tablet,iOS,True
4564,574,9,2025-04-16,109,0.79,Mobile,iOS,False
4565,1031,13,2025-04-06,110,0.79,Smart TV,Android,False
4566,542,13,2025-03-19,84,0.6,Laptop,iOS,False
4567,928,2,2024-08-11,59,0.45,Laptop,iOS,False
4568,466,24,2025-01-02,77,0.74,Laptop,Web,False
4569,883,21,2025-04-09,134,0.87,Smart TV,iOS,False
4570,548,5,2025-04-20,74,0.61,Smart TV,iOS,False
4571,951,14,2024-11-12,106,0.82,Smart TV,iOS,False
4572,798,1,2025-04-06,95,0.81,Tablet,Android,False
4573,718,13,2025-04-21,93,0.67,Smart TV,TV App,False
4574,512,1,2025-01-24,105,0.89,Smart TV,iOS,False
4575,850,8,2025-03-05,44,0.51,Smart TV,Android,False
4576,1062,16,2024-12-17,61,0.63,Smart TV,TV App,False
4577,69,14,2024-07-05,97,0.75,Tablet,iOS,True
4578,327,23,2025-04-29,67,0.61,Laptop,TV App,False
4579,768,1,2025-03-10,99,0.84,Smart TV,TV App,True
4580,178,3,2025-02-09,117,0.81,Mobile,Android,True
4581,31,13,2025-03-24,84,0.6,Laptop,TV App,False
4582,350,16,2024-12-27,75,0.77,Smart TV,Android,True
4583,1179,11,2025-02-17,113,0.89,Laptop,Web,False
4584,712,23,2025-03-15,82,0.75,Tablet,Web,False
4585,456,3,2024-12-11,82,0.57,Smart TV,iOS,False
4586,915,3,2025-02-05,72,0.5,Smart TV,iOS,False
4587,266,3,2024-12-10,105,0.73,Laptop,TV App,True
4588,840,23,2025-03-25,71,0.65,Desktop,Android,False
4589,195,8,2025-03-27,33,0.38,Mobile,Web,False
4590,784,23,2025-04-18,96,0.88,Tablet,Web,False
4591,1131,1,2025-02-25,109,0.93,Tablet,Web,False
4592,971,18,2024-10-13,120,0.85,Laptop,Web,False
4593,1075,25,2025-01-18,81,0.6,Smart TV,Web,False
4594,952,11,2025-03-02,85,0.67,Smart TV,iOS,False
4595,275,7,2025-01-09,42,0.47,Laptop,Web,False
4596,271,23,2025-04-28,100,0.91,Smart TV,Web,False
4597,342,10,2024-12-26,96,0.84,Laptop,TV App,False
4598,434,22,2025-02-19,76,0.64,Laptop,TV App,False
4599,1070,22,2024-12-17,54,0.45,Tablet,Web,False
4600,1067,25,2024-08-09,94,0.7,Laptop,Web,False
4601,63,17,2025-01-29,57,0.68,Smart TV,Web,True
4602,69,19,2025-04-23,102,0.82,Laptop,TV App,True
4603,977,15,2025-03-03,48,0.41,Desktop,Web,True
4604,740,3,2024-11-28,108,0.75,Mobile,iOS,False
4605,555,22,2025-03-24,78,0.65,Mobile,Android,False
4606,593,21,2025-04-29,134,0.87,Mobile,Android,True
4607,923,12,2024-11-11,69,0.68,Mobile,Android,False
4608,63,23,2025-04-27,97,0.89,Laptop,Web,False
4609,765,11,2025-03-14,97,0.77,Smart TV,iOS,False
4610,393,22,2025-02-11,69,0.58,Smart TV,Android,False
4611,131,5,2024-09-06,64,0.53,Mobile,Web,False
4612,407,23,2025-04-14,69,0.63,Smart TV,iOS,False
4613,241,1,2025-02-19,102,0.87,Laptop,TV App,False
4614,170,10,2025-02-07,60,0.53,Mobile,iOS,False
4615,883,5,2025-01-28,91,0.75,Smart TV,Android,True
4616,132,16,2025-02-20,64,0.66,Laptop,iOS,False
4617,561,15,2025-03-20,63,0.53,Smart TV,Android,True
4618,147,14,2024-10-24,105,0.81,Smart TV,Web,False
4619,13,8,2025-02-15,43,0.49,Smart TV,Web,False
4620,47,11,2025-02-08,80,0.63,Laptop,Android,True
4621,415,6,2025-03-06,73,0.77,Mobile,Web,False
4622,135,4,2025-04-21,76,0.71,Smart TV,TV App,False
4623,414,25,2025-03-14,75,0.56,Smart TV,iOS,True
4624,1028,18,2024-12-31,93,0.66,Laptop,Android,False
4625,322,22,2024-11-15,93,0.78,Smart TV,iOS,False
4626,286,22,2025-04-13,104,0.87,Mobile,iOS,False
4627,217,1,2025-01-25,92,0.78,Mobile,iOS,False
4628,143,9,2025-04-08,133,0.97,Smart TV,TV App,False
4629,807,3,2025-03-11,101,0.7,Smart TV,iOS,False
4630,1067,17,2025-03-14,66,0.78,Mobile,Web,False
4631,951,22,2024-12-13,43,0.36,Smart TV,iOS,False
4632,965,4,2025-04-30,103,0.96,Laptop,Web,False
4633,708,10,2024-11-05,60,0.53,Laptop,Web,False
4634,126,14,2024-11-14,83,0.64,Laptop,TV App,True
4635,835,1,2025-03-03,101,0.86,Laptop,TV App,False
4636,48,2,2024-09-26,72,0.55,Mobile,Android,False
4637,577,18,2025-01-27,99,0.7,Smart TV,Android,False
4638,989,5,2025-03-23,93,0.77,Smart TV,Web,False
4639,968,2,2024-11-03,69,0.53,Laptop,iOS,False
4640,333,11,2025-03-12,99,0.78,Mobile,Android,False
4641,1064,15,2025-03-26,96,0.81,Smart TV,iOS,True
4642,110,9,2025-04-20,100,0.73,Smart TV,Web,False
4643,454,10,2025-04-24,73,0.64,Smart TV,Android,False
4644,983,11,2025-02-23,127,1.0,Desktop,Web,False
4645,772,22,2025-02-08,48,0.4,Smart TV,Web,True
4646,674,15,2025-03-01,77,0.65,Mobile,Android,False
4647,1032,24,2025-04-22,91,0.87,Laptop,iOS,True
4648,599,12,2025-03-23,49,0.49,Mobile,iOS,False
4649,770,1,2025-01-24,88,0.75,Laptop,Android,False
4650,136,13,2025-03-22,77,0.55,Smart TV,TV App,False
4651,1041,23,2025-03-01,75,0.69,Mobile,TV App,False
4652,81,1,2025-02-25,109,0.93,Laptop,TV App,False
4653,79,22,2024-11-26,68,0.57,Mobile,TV App,False
4654,181,3,2024-12-15,108,0.75,Tablet,Android,True
4655,998,2,2025-03-24,99,0.75,Smart TV,Android,True
4656,975,19,2025-04-17,55,0.44,Laptop,iOS,False
4657,228,1,2025-03-06,102,0.87,Mobile,Web,True
4658,945,13,2025-03-19,103,0.74,Laptop,Android,False
4659,553,4,2025-04-28,99,0.92,Laptop,Web,False
4660,1186,19,2025-04-26,66,0.53,Tablet,iOS,True
4661,822,9,2025-04-13,95,0.69,Tablet,Android,False
4662,599,15,2025-03-22,97,0.82,Laptop,TV App,True
4663,90,14,2025-02-06,113,0.87,Smart TV,Android,False
4664,361,3,2024-12-17,76,0.53,Tablet,iOS,True
4665,475,1,2025-01-16,84,0.72,Tablet,TV App,False
4666,419,22,2024-11-18,70,0.59,Laptop,TV App,True
4667,1053,25,2025-04-27,98,0.73,Desktop,Web,True
4668,481,22,2024-11-22,90,0.75,Laptop,Android,False
4669,3,18,2025-04-08,93,0.66,Smart TV,Web,False
4670,1161,12,2025-04-19,88,0.87,Laptop,iOS,False
4671,210,3,2025-02-23,85,0.59,Smart TV,iOS,False
4672,808,5,2024-10-05,93,0.77,Smart TV,Web,False
4673,968,9,2025-04-19,70,0.51,Smart TV,Android,False
4674,431,12,2025-01-03,53,0.52,Smart TV,Web,False
4675,797,6,2025-03-23,51,0.54,Smart TV,iOS,False
4676,1133,11,2025-02-28,77,0.61,Smart TV,iOS,False
4677,780,23,2025-04-21,81,0.74,Mobile,Web,False
4678,1029,9,2025-04-19,107,0.78,Smart TV,iOS,True
4679,992,4,2025-04-25,92,0.86,Tablet,Android,False
4680,543,23,2025-03-11,80,0.73,Laptop,Android,False
4681,1175,25,2024-12-07,120,0.89,Laptop,iOS,False
4682,70,22,2025-03-18,63,0.53,Smart TV,iOS,False
4683,723,4,2025-03-17,60,0.56,Laptop,TV App,False
4684,262,16,2024-11-28,85,0.87,Smart TV,TV App,False
4685,58,1,2025-01-28,109,0.93,Mobile,Web,False
4686,641,1,2025-02-11,106,0.9,Desktop,Web,False
4687,1195,17,2025-03-08,66,0.78,Mobile,TV App,False
4688,25,4,2025-03-29,91,0.85,Smart TV,iOS,False
4689,56,3,2024-12-02,117,0.81,Tablet,Android,False
4690,134,18,2025-01-10,99,0.7,Smart TV,Web,True
4691,248,10,2025-03-21,96,0.84,Mobile,iOS,False
4692,502,25,2024-08-25,87,0.65,Laptop,Android,False
4693,398,2,2025-03-26,101,0.77,Smart TV,Web,False
4694,453,14,2024-11-20,130,1.0,Smart TV,TV App,False
4695,8,22,2025-02-28,102,0.85,Smart TV,TV App,False
4696,307,21,2025-03-28,130,0.84,Mobile,iOS,False
4697,893,12,2024-12-04,73,0.72,Mobile,iOS,False
4698,38,25,2025-02-14,94,0.7,Laptop,TV App,False
4699,1011,23,2025-03-18,53,0.49,Laptop,TV App,False
4700,1162,19,2025-04-21,117,0.94,Smart TV,iOS,False
4701,1111,19,2025-04-27,81,0.65,Mobile,TV App,False
4702,539,1,2025-03-19,90,0.77,Mobile,Web,False
4703,147,20,2024-09-11,42,0.46,Tablet,iOS,False
4704,727,22,2024-11-07,91,0.76,Mobile,iOS,True
4705,258,4,2025-03-17,84,0.78,Laptop,iOS,False
4706,141,25,2024-07-06,102,0.76,Smart TV,iOS,False
4707,1080,20,2024-09-29,34,0.37,Mobile,Web,False
4708,81,14,2024-06-30,93,0.72,Smart TV,Android,False
4709,76,8,2025-03-10,29,0.34,Laptop,Android,False
4710,433,21,2025-04-18,93,0.6,Smart TV,iOS,False
4711,930,20,2024-10-12,53,0.58,Smart TV,iOS,True
4712,301,1,2025-03-22,106,0.9,Smart TV,Web,True
4713,379,1,2025-02-01,99,0.84,Laptop,Web,False
4714,27,21,2025-03-28,130,0.84,Tablet,iOS,False
4715,275,5,2025-02-21,101,0.83,Smart TV,iOS,False
4716,674,22,2025-02-13,98,0.82,Mobile,Android,False
4717,98,24,2025-01-09,74,0.71,Mobile,Web,False
4718,1171,19,2025-04-22,63,0.51,Tablet,iOS,False
4719,344,15,2025-03-14,119,1.0,Smart TV,iOS,False
4720,290,1,2025-01-29,112,0.95,Mobile,iOS,False
4721,173,16,2025-01-04,77,0.79,Smart TV,iOS,True
4722,288,14,2025-01-31,111,0.86,Smart TV,iOS,False
4723,673,5,2025-04-09,91,0.75,Smart TV,Android,False
4724,941,18,2025-04-28,122,0.86,Mobile,Web,True
4725,1143,9,2025-04-26,96,0.7,Smart TV,iOS,True
4726,460,4,2025-03-07,64,0.6,Mobile,Android,False
4727,994,10,2024-09-27,90,0.79,Mobile,TV App,False
4728,1080,3,2025-04-06,98,0.68,Smart TV,iOS,False
4729,1027,1,2025-01-27,118,1.0,Smart TV,Web,False
4730,386,23,2025-04-23,67,0.61,Smart TV,Android,False
4731,563,17,2025-02-01,59,0.7,Tablet,Android,True
4732,1075,10,2024-11-16,78,0.68,Smart TV,Web,False
4733,787,12,2025-01-18,81,0.8,Mobile,Web,True
4734,603,13,2025-03-22,103,0.74,Smart TV,iOS,True
4735,1125,10,2024-07-26,103,0.9,Mobile,iOS,False
4736,441,8,2025-03-14,40,0.46,Mobile,TV App,True
4737,710,5,2024-12-30,113,0.93,Mobile,iOS,True
4738,111,15,2025-03-08,71,0.6,Laptop,Android,False
4739,518,24,2025-02-10,75,0.72,Tablet,Web,False
4740,284,23,2025-02-22,81,0.74,Tablet,Web,False
4741,1068,18,2025-04-11,86,0.61,Mobile,Web,False
4742,301,21,2025-04-12,111,0.72,Smart TV,iOS,False
4743,472,6,2025-04-25,56,0.59,Mobile,iOS,False
4744,591,1,2025-03-20,89,0.76,Mobile,Android,False
4745,899,9,2025-04-07,125,0.91,Laptop,Web,False
4746,1176,19,2025-04-18,77,0.62,Smart TV,Web,False
4747,998,13,2025-04-19,92,0.66,Smart TV,TV App,False
4748,346,16,2025-03-14,69,0.71,Desktop,TV App,False
4749,141,12,2024-10-17,76,0.75,Mobile,iOS,False
4750,994,23,2025-03-08,99,0.9,Mobile,TV App,False
4751,217,2,2025-02-22,81,0.62,Laptop,Android,False
4752,1111,23,2025-02-16,69,0.63,Mobile,Web,True
4753,920,10,2024-10-31,93,0.81,Laptop,Web,False
4754,196,12,2024-12-23,54,0.53,Mobile,TV App,True
4755,782,13,2025-04-17,103,0.74,Laptop,TV App,False
4756,873,22,2024-12-09,112,0.94,Tablet,TV App,True
4757,76,14,2025-03-14,115,0.89,Mobile,Android,False
4758,249,21,2025-04-28,120,0.78,Mobile,iOS,False
4759,400,9,2025-04-24,138,1.0,Smart TV,TV App,False
4760,767,15,2025-03-30,80,0.68,Mobile,TV App,False
4761,219,21,2025-04-16,114,0.74,Laptop,Android,False
4762,678,18,2025-04-14,117,0.83,Laptop,Android,False
4763,131,21,2025-04-05,60,0.39,Tablet,Android,False
4764,970,13,2025-04-14,93,0.67,Laptop,TV App,False
4765,1032,14,2025-04-28,68,0.53,Smart TV,TV App,False
4766,1189,19,2025-04-27,110,0.88,Mobile,iOS,False
4767,737,19,2025-04-16,96,0.77,Mobile,Android,False
4768,1158,10,2024-11-24,72,0.63,Smart TV,iOS,False
4769,734,12,2024-12-14,64,0.63,Tablet,iOS,False
4770,336,7,2024-12-15,31,0.35,Smart TV,Web,False
4771,243,21,2025-04-23,77,0.5,Tablet,Web,False
4772,585,3,2025-04-29,104,0.72,Mobile,Android,False
4773,425,11,2025-03-12,93,0.74,Smart TV,Web,False
4774,47,13,2025-03-22,89,0.64,Smart TV,iOS,False
4775,290,18,2024-10-21,107,0.76,Tablet,iOS,False
4776,948,1,2025-03-20,106,0.9,Laptop,Web,True
4777,577,24,2024-12-23,80,0.77,Mobile,Android,False
4778,958,2,2024-12-04,101,0.77,Desktop,iOS,False
4779,160,9,2025-04-14,125,0.91,Smart TV,iOS,False
4780,884,15,2025-04-12,86,0.73,Mobile,iOS,False
4781,308,21,2025-04-01,116,0.75,Tablet,Android,False
4782,925,3,2025-02-21,89,0.62,Smart TV,TV App,False
4783,748,22,2025-04-29,82,0.69,Mobile,Web,False
4784,932,19,2025-04-22,98,0.79,Smart TV,Android,False
4785,1107,17,2025-02-11,23,0.28,Laptop,Web,False
4786,137,15,2025-04-03,74,0.63,Mobile,Web,False
4787,617,5,2024-10-29,84,0.69,Smart TV,iOS,False
4788,99,23,2025-04-04,99,0.9,Mobile,Web,False
4789,739,21,2025-03-28,113,0.73,Smart TV,iOS,False
4790,4,5,2024-12-16,122,1.0,Laptop,Android,False
4791,183,4,2025-03-09,86,0.8,Smart TV,Web,False
4792,182,23,2025-03-17,106,0.97,Smart TV,Web,False
4793,509,20,2024-09-23,46,0.5,Desktop,iOS,False
4794,931,1,2025-01-15,100,0.85,Smart TV,Web,False
4795,171,3,2024-11-26,124,0.86,Tablet,Web,True
4796,319,11,2025-04-24,125,0.99,Laptop,TV App,False
4797,1125,7,2025-01-17,62,0.7,Smart TV,Web,False
4798,89,13,2025-04-24,65,0.47,Mobile,Android,False
4799,357,10,2025-02-22,80,0.7,Smart TV,TV App,False
4800,346,1,2025-02-06,118,1.0,Laptop,Web,False
4801,771,19,2025-04-19,61,0.49,Mobile,Web,False
4802,72,11,2025-02-27,127,1.0,Laptop,Android,False
4803,605,1,2025-04-26,107,0.91,Mobile,Android,False
4804,711,7,2024-12-18,41,0.46,Mobile,iOS,False
4805,1012,7,2025-01-17,58,0.65,Desktop,iOS,False
4806,972,13,2025-03-24,114,0.82,Smart TV,Web,True
4807,1073,20,2024-09-06,49,0.54,Tablet,Web,False
4808,373,5,2024-10-26,89,0.73,Smart TV,TV App,False
4809,997,23,2025-02-12,110,1.0,Smart TV,Web,False
4810,284,1,2025-01-20,90,0.77,Smart TV,iOS,False
4811,99,23,2025-04-12,70,0.64,Mobile,Android,False
4812,1139,25,2025-01-29,135,1.0,Mobile,iOS,True
4813,699,11,2025-02-05,68,0.54,Mobile,Web,False
4814,938,22,2025-01-04,93,0.78,Mobile,iOS,False
4815,685,5,2025-02-12,92,0.76,Tablet,iOS,False
4816,944,12,2025-01-16,81,0.8,Smart TV,iOS,False
4817,198,21,2025-04-09,88,0.57,Mobile,iOS,True
4818,184,1,2025-01-30,92,0.78,Mobile,Android,False
4819,727,9,2025-04-05,95,0.69,Smart TV,TV App,True
4820,509,18,2024-11-22,116,0.82,Smart TV,Android,False
4821,64,1,2025-02-27,90,0.77,Smart TV,Android,False
4822,476,24,2025-04-14,96,0.92,Desktop,Android,False
4823,232,1,2025-03-04,90,0.77,Mobile,Android,True
4824,546,14,2024-12-17,63,0.49,Smart TV,TV App,False
4825,919,22,2024-12-23,57,0.48,Laptop,TV App,False
4826,433,22,2025-02-26,75,0.63,Mobile,Android,True
4827,706,3,2025-03-27,82,0.57,Desktop,iOS,False
4828,861,7,2024-12-28,36,0.4,Desktop,Android,False
4829,276,4,2025-03-30,38,0.36,Mobile,Android,False
4830,29,25,2024-10-03,95,0.71,Mobile,iOS,False
4831,7,14,2025-04-02,50,0.39,Desktop,iOS,False
4832,1113,14,2025-01-14,102,0.79,Tablet,Web,False
4833,702,4,2025-04-02,90,0.84,Desktop,iOS,False
4834,554,21,2025-04-01,145,0.94,Mobile,Web,False
4835,924,16,2024-12-09,77,0.79,Mobile,Web,False
4836,411,18,2025-04-15,82,0.58,Smart TV,Web,False
4837,363,3,2024-12-20,82,0.57,Mobile,Web,False
4838,222,8,2025-02-07,27,0.31,Mobile,iOS,False
4839,850,5,2024-12-20,67,0.55,Laptop,iOS,False
4840,613,4,2025-03-29,74,0.69,Mobile,Web,False
4841,858,2,2025-03-28,116,0.88,Smart TV,Android,False
4842,837,3,2025-03-30,107,0.74,Laptop,Android,False
4843,694,15,2025-04-16,92,0.78,Laptop,TV App,False
4844,253,17,2025-01-16,85,1.0,Mobile,Web,False
4845,10,3,2025-04-08,92,0.64,Tablet,iOS,False
4846,903,24,2025-01-15,73,0.7,Smart TV,Web,False
4847,1084,15,2025-03-19,89,0.75,Mobile,Android,False
4848,930,5,2025-04-15,41,0.34,Laptop,Web,False
4849,81,13,2025-03-19,107,0.77,Mobile,iOS,False
4850,140,25,2025-01-30,113,0.84,Smart TV,Web,False
4851,546,1,2025-02-10,94,0.8,Mobile,iOS,False
4852,623,4,2025-04-17,48,0.45,Mobile,iOS,False
4853,739,5,2025-02-25,85,0.7,Mobile,iOS,False
4854,797,11,2025-03-24,110,0.87,Mobile,iOS,False
4855,519,6,2025-04-10,36,0.38,Smart TV,TV App,False
4856,1017,4,2025-04-26,79,0.74,Smart TV,iOS,False
4857,192,1,2025-01-20,105,0.89,Laptop,iOS,False
4858,246,10,2024-10-12,56,0.49,Mobile,iOS,False
4859,654,9,2025-04-30,138,1.0,Laptop,iOS,False
4860,102,21,2025-04-14,130,0.84,Smart TV,Web,False
4861,891,23,2025-04-01,92,0.84,Smart TV,TV App,True
4862,439,10,2025-01-01,89,0.78,Smart TV,iOS,False
4863,961,1,2025-02-15,99,0.84,Smart TV,Android,False
4864,269,6,2025-04-04,53,0.56,Laptop,Web,False
4865,632,19,2025-04-12,98,0.79,Smart TV,Web,False
4866,1142,2,2024-09-24,95,0.72,Desktop,Web,False
4867,789,9,2025-04-21,106,0.77,Laptop,Web,True
4868,1189,1,2025-04-27,93,0.79,Smart TV,Android,False
4869,214,10,2025-02-14,72,0.63,Mobile,TV App,True
4870,806,14,2024-07-07,66,0.51,Mobile,iOS,False
4871,1129,23,2025-03-16,81,0.74,Tablet,Android,False
4872,721,1,2025-01-16,107,0.91,Laptop,Android,False
4873,1024,13,2025-04-12,92,0.66,Mobile,iOS,False
4874,938,14,2025-04-29,98,0.76,Smart TV,Web,False
4875,204,14,2024-12-16,119,0.92,Tablet,Android,False
4876,64,1,2025-01-25,118,1.0,Smart TV,Web,False
4877,892,1,2025-03-22,95,0.81,Laptop,iOS,False
4878,1146,25,2024-08-14,74,0.55,Desktop,Android,True
4879,641,4,2025-04-29,82,0.76,Laptop,Android,False
4880,280,16,2024-12-11,55,0.57,Mobile,iOS,False
4881,659,23,2025-02-09,85,0.78,Smart TV,iOS,False
4882,166,4,2025-03-19,44,0.41,Mobile,iOS,False
4883,1187,12,2025-01-01,68,0.67,Tablet,iOS,False
4884,367,23,2025-02-10,110,1.0,Mobile,Web,False
4885,1074,18,2024-10-13,113,0.8,Smart TV,TV App,False
4886,166,12,2025-01-11,54,0.53,Smart TV,iOS,True
4887,1108,4,2025-04-21,63,0.59,Laptop,TV App,False
4888,458,25,2025-03-14,89,0.66,Laptop,Web,False
4889,1046,25,2025-01-22,98,0.73,Smart TV,TV App,False
4890,474,21,2025-04-18,136,0.88,Tablet,iOS,False
4891,654,5,2025-02-01,90,0.74,Smart TV,iOS,False
4892,702,4,2025-03-09,62,0.58,Tablet,Android,False
4893,306,1,2025-02-17,112,0.95,Mobile,TV App,False
4894,1103,9,2025-04-09,92,0.67,Laptop,Web,False
4895,893,1,2025-02-24,105,0.89,Smart TV,iOS,False
4896,798,17,2025-02-21,81,0.96,Smart TV,Web,True
4897,122,11,2025-04-23,92,0.73,Mobile,iOS,True
4898,59,22,2024-12-27,120,1.0,Smart TV,Web,False
4899,701,24,2025-02-05,97,0.93,Laptop,TV App,False
4900,985,12,2025-02-07,51,0.5,Laptop,Android,False
4901,345,17,2025-03-27,68,0.8,Smart TV,Android,False
4902,621,9,2025-04-23,100,0.73,Smart TV,iOS,False
4903,1026,13,2025-04-04,92,0.66,Mobile,iOS,False
4904,739,1,2025-01-27,84,0.72,Mobile,Android,False
4905,633,12,2025-01-20,73,0.72,Smart TV,Web,True
4906,203,12,2024-12-24,98,0.97,Mobile,Android,False
4907,695,3,2025-01-22,116,0.8,Tablet,Android,False
4908,716,21,2025-04-17,120,0.78,Tablet,TV App,False
4909,19,10,2024-08-03,66,0.58,Laptop,iOS,False
4910,295,5,2024-10-25,98,0.81,Laptop,TV App,False
4911,995,12,2024-12-03,62,0.61,Laptop,TV App,False
4912,188,15,2025-04-02,66,0.56,Mobile,iOS,False
4913,278,25,2025-04-12,101,0.75,Tablet,Web,False
4914,113,24,2025-04-17,69,0.66,Tablet,Android,False
4915,266,10,2024-12-13,81,0.71,Laptop,iOS,False
4916,980,11,2025-03-20,110,0.87,Laptop,Web,False
4917,1029,3,2025-02-25,98,0.68,Mobile,Web,True
4918,305,19,2025-04-14,100,0.8,Smart TV,Web,False
4919,376,11,2025-03-03,111,0.88,Smart TV,iOS,False
4920,358,9,2025-04-23,92,0.67,Laptop,iOS,False
4921,1011,2,2024-11-23,110,0.84,Mobile,iOS,False
4922,559,16,2025-04-09,82,0.84,Smart TV,Web,False
4923,990,19,2025-04-17,125,1.0,Mobile,iOS,True
4924,700,15,2025-03-28,89,0.75,Tablet,Web,False
4925,662,16,2025-02-03,76,0.78,Smart TV,Web,True
4926,556,1,2025-04-20,115,0.98,Smart TV,Web,False
4927,182,22,2025-01-23,72,0.6,Smart TV,Web,False
4928,1156,22,2024-11-18,70,0.59,Laptop,Android,True
4929,389,5,2024-11-22,82,0.68,Laptop,iOS,False
4930,870,13,2025-04-11,74,0.53,Laptop,TV App,False
4931,118,19,2025-04-22,58,0.47,Tablet,Android,False
4932,872,11,2025-03-30,90,0.71,Smart TV,iOS,False
4933,598,24,2025-02-17,87,0.83,Smart TV,Android,True
4934,1070,25,2024-12-14,105,0.78,Laptop,Web,False
4935,890,2,2025-04-09,81,0.62,Laptop,iOS,False
4936,746,10,2025-01-16,78,0.68,Smart TV,iOS,False
4937,358,10,2024-11-03,83,0.73,Laptop,iOS,False
4938,420,2,2025-01-15,102,0.78,Mobile,Web,False
4939,887,17,2025-03-13,62,0.73,Smart TV,Android,False
4940,895,19,2025-04-16,85,0.68,Tablet,iOS,False
4941,97,13,2025-04-01,93,0.67,Laptop,TV App,False
4942,943,4,2025-03-09,71,0.66,Laptop,iOS,True
4943,420,5,2024-10-19,108,0.89,Smart TV,Android,False
4944,859,10,2024-12-26,44,0.39,Smart TV,iOS,False
4945,603,1,2025-04-14,96,0.82,Smart TV,Android,True
4946,506,16,2025-01-24,71,0.73,Smart TV,Android,False
4947,834,19,2025-04-20,101,0.81,Tablet,Web,True
4948,1103,22,2024-11-25,78,0.65,Mobile,Web,False
4949,1002,8,2025-03-22,70,0.8,Laptop,iOS,False
4950,654,18,2025-01-19,96,0.68,Tablet,Web,False
4951,861,1,2025-02-13,86,0.73,Laptop,iOS,False
4952,218,14,2024-11-03,71,0.55,Mobile,TV App,False
4953,949,1,2025-01-30,118,1.0,Smart TV,Android,False
4954,766,18,2025-01-04,105,0.74,Smart TV,iOS,False
4955,22,24,2024-12-28,70,0.67,Laptop,Web,False
4956,678,7,2024-12-12,58,0.65,Mobile,Android,False
4957,351,10,2024-11-19,58,0.51,Laptop,TV App,False
4958,704,15,2025-04-12,92,0.78,Smart TV,Android,False
4959,364,3,2025-02-26,110,0.76,Desktop,iOS,False
4960,935,19,2025-04-19,112,0.9,Tablet,Android,False
4961,51,4,2025-03-12,60,0.56,Smart TV,Android,False
4962,278,1,2025-04-15,106,0.9,Tablet,iOS,False
4963,755,20,2024-09-05,62,0.68,Mobile,Android,False
4964,1004,21,2025-04-23,119,0.77,Smart TV,Web,False
4965,647,7,2025-01-17,53,0.59,Smart TV,Web,True
4966,485,4,2025-02-19,81,0.75,Mobile,iOS,False
4967,938,1,2025-01-21,107,0.91,Laptop,iOS,False
4968,166,20,2024-09-19,22,0.24,Smart TV,TV App,False
4969,397,12,2025-04-10,79,0.78,Mobile,Web,False
4970,632,12,2025-02-15,73,0.72,Tablet,Android,False
4971,1147,4,2025-03-27,59,0.55,Tablet,Android,True
4972,39,18,2024-12-02,112,0.79,Smart TV,Android,False
4973,823,1,2025-03-24,106,0.9,Laptop,Android,False
4974,675,11,2025-03-27,113,0.89,Smart TV,Android,False
4975,62,18,2024-11-04,93,0.66,Laptop,Android,False
4976,328,21,2025-04-08,105,0.68,Tablet,iOS,False
4977,577,11,2025-03-21,76,0.6,Laptop,Web,False
4978,385,12,2025-01-21,64,0.63,Mobile,iOS,False
4979,186,1,2025-01-27,89,0.76,Tablet,Web,False
4980,838,12,2024-12-16,73,0.72,Smart TV,Android,False
4981,152,13,2025-04-26,117,0.84,Laptop,TV App,False
4982,892,2,2024-09-18,132,1.0,Laptop,TV App,False
4983,48,15,2025-03-06,92,0.78,Smart TV,Web,False
4984,806,16,2025-01-24,89,0.91,Tablet,iOS,False
4985,1097,23,2025-03-29,89,0.81,Laptop,Web,False
4986,341,15,2025-03-19,61,0.52,Laptop,Web,False
4987,409,12,2024-11-02,71,0.7,Mobile,Android,True
4988,1175,9,2025-04-30,82,0.6,Tablet,Android,True
4989,2,1,2025-04-11,116,0.99,Mobile,Web,False
4990,544,14,2025-02-05,75,0.58,Mobile,Web,False
4991,1126,19,2025-04-17,90,0.72,Tablet,Web,False
4992,584,15,2025-03-29,59,0.5,Smart TV,Android,False
4993,1172,23,2025-04-02,80,0.73,Mobile,TV App,False
4994,612,19,2025-04-13,91,0.73,Mobile,Web,True
4995,271,2,2024-08-13,85,0.65,Laptop,Web,False
4996,318,9,2025-04-16,92,0.67,Mobile,Android,False
4997,879,15,2025-04-11,108,0.91,Smart TV,Android,False
4998,482,13,2025-03-19,124,0.89,Desktop,iOS,False
4999,662,1,2025-01-26,103,0.88,Desktop,Android,False
5000,138,4,2025-03-29,75,0.7,Smart TV,iOS,False
5001,363,23,2025-04-19,77,0.7,Smart TV,TV App,False
5002,805,13,2025-03-28,84,0.6,Smart TV,Web,False
5003,611,25,2025-03-22,95,0.71,Mobile,iOS,False
5004,1,13,2025-03-27,95,0.68,Laptop,iOS,False
5005,274,25,2025-03-05,72,0.54,Smart TV,iOS,False
5006,996,19,2025-04-13,105,0.84,Laptop,Android,False
5007,1186,16,2024-12-23,72,0.74,Mobile,Web,False
5008,1042,3,2025-03-16,111,0.77,Smart TV,Android,False
5009,239,18,2025-03-24,130,0.92,Laptop,iOS,False
5010,231,22,2025-03-23,69,0.58,Mobile,Android,False
5011,595,6,2025-03-17,52,0.55,Laptop,Android,False
5012,153,9,2025-04-17,103,0.75,Smart TV,Web,False
5013,1042,25,2024-07-31,58,0.43,Mobile,Android,False
5014,1153,21,2025-04-08,82,0.53,Mobile,Android,False
5015,125,15,2025-04-18,76,0.64,Smart TV,Android,False
5016,244,24,2025-03-12,85,0.81,Smart TV,Android,False
5017,464,13,2025-04-02,103,0.74,Smart TV,Android,False
5018,259,3,2025-03-14,88,0.61,Tablet,Android,False
5019,185,8,2025-02-24,50,0.57,Tablet,Android,True
5020,790,3,2025-03-12,85,0.59,Mobile,Android,False
5021,1072,1,2025-01-27,105,0.89,Smart TV,iOS,False
5022,456,3,2024-11-21,129,0.89,Mobile,TV App,True
5023,92,19,2025-04-21,100,0.8,Laptop,TV App,False
5024,449,13,2025-04-27,119,0.85,Mobile,iOS,False
5025,665,13,2025-04-09,98,0.7,Laptop,iOS,False
5026,405,11,2025-02-13,76,0.6,Smart TV,Android,False
5027,1127,1,2025-01-21,118,1.0,Laptop,Android,False
5028,1025,24,2025-04-20,92,0.88,Smart TV,iOS,True
5029,85,19,2025-04-16,83,0.67,Smart TV,Web,False
5030,978,12,2024-11-04,58,0.57,Smart TV,TV App,False
5031,132,4,2025-03-22,56,0.52,Mobile,iOS,False
5032,233,15,2025-03-15,52,0.44,Smart TV,Web,False
5033,398,24,2025-02-12,93,0.89,Smart TV,TV App,False
5034,389,23,2025-04-16,85,0.78,Tablet,TV App,False
5035,790,11,2025-02-23,80,0.63,Mobile,iOS,False
5036,41,1,2025-04-03,99,0.84,Smart TV,Android,False
5037,683,5,2025-02-19,93,0.77,Mobile,Web,False
5038,1000,18,2025-04-06,119,0.84,Mobile,Android,False
5039,191,4,2025-02-21,82,0.76,Smart TV,TV App,False
5040,30,23,2025-04-22,85,0.78,Laptop,Web,False
5041,613,23,2025-02-24,68,0.62,Mobile,iOS,False
5042,238,22,2025-04-15,57,0.48,Tablet,Web,False
5043,477,9,2025-04-16,110,0.8,Smart TV,TV App,False
5044,485,1,2025-02-23,102,0.87,Desktop,TV App,False
5045,224,10,2024-08-17,82,0.72,Mobile,iOS,False
5046,1161,1,2025-03-16,118,1.0,Smart TV,Web,False
5047,79,1,2025-04-08,94,0.8,Laptop,TV App,False
5048,453,19,2025-04-17,97,0.78,Smart TV,iOS,False
5049,276,21,2025-04-25,105,0.68,Mobile,iOS,False
5050,1078,25,2025-01-29,122,0.91,Tablet,Web,False
5051,880,24,2025-04-16,98,0.94,Smart TV,iOS,False
5052,1148,1,2025-04-25,87,0.74,Smart TV,iOS,False
5053,1148,16,2025-03-17,58,0.6,Smart TV,TV App,True
5054,729,13,2025-03-23,114,0.82,Mobile,Android,True
5055,378,14,2024-08-24,79,0.61,Tablet,Web,False
5056,1141,21,2025-04-12,77,0.5,Laptop,Web,False
5057,144,19,2025-04-23,125,1.0,Desktop,Web,False
5058,93,11,2025-02-23,114,0.9,Mobile,Web,False
5059,848,20,2024-09-03,52,0.57,Laptop,iOS,False
5060,551,23,2025-02-22,88,0.8,Mobile,TV App,False
5061,1176,1,2025-02-03,102,0.87,Laptop,iOS,False
5062,368,2,2024-09-02,99,0.75,Smart TV,iOS,False
5063,533,4,2025-03-13,65,0.61,Tablet,iOS,False
5064,1082,5,2025-02-03,78,0.64,Smart TV,iOS,True
5065,414,5,2025-04-21,100,0.82,Smart TV,iOS,False
5066,1070,23,2025-04-04,77,0.7,Laptop,Web,False
5067,842,15,2025-03-31,98,0.83,Smart TV,iOS,True
5068,1132,3,2024-11-27,79,0.55,Smart TV,TV App,False
5069,257,25,2024-07-15,98,0.73,Laptop,Web,False
5070,785,15,2025-03-31,119,1.0,Mobile,Android,False
5071,375,2,2024-12-24,79,0.6,Laptop,Android,False
5072,106,1,2025-02-23,87,0.74,Smart TV,Web,False
5073,541,9,2025-04-07,60,0.44,Laptop,iOS,False
5074,1145,1,2025-01-30,67,0.57,Laptop,Android,False
5075,781,1,2025-01-20,107,0.91,Laptop,iOS,False
5076,347,19,2025-04-13,98,0.79,Smart TV,Web,False
5077,1150,1,2025-04-22,100,0.85,Mobile,TV App,True
5078,1178,6,2025-03-23,42,0.45,Mobile,Web,False
5079,416,4,2025-02-24,88,0.82,Laptop,TV App,False
5080,988,11,2025-03-17,87,0.69,Laptop,Web,False
5081,270,6,2025-04-08,72,0.76,Smart TV,TV App,False
5082,761,13,2025-04-25,140,1.0,Mobile,Android,False
5083,663,16,2024-12-05,67,0.69,Smart TV,Android,False
5084,218,25,2024-09-20,98,0.73,Tablet,iOS,False
5085,1011,17,2025-03-03,79,0.94,Smart TV,iOS,False
5086,1051,23,2025-03-24,78,0.71,Mobile,TV App,False
5087,355,23,2025-03-16,77,0.7,Mobile,iOS,True
5088,17,1,2025-04-23,102,0.87,Mobile,TV App,False
5089,749,14,2025-04-16,101,0.78,Smart TV,Android,False
5090,1182,5,2025-02-25,89,0.73,Mobile,Web,False
5091,976,9,2025-04-21,107,0.78,Smart TV,Android,False
5092,426,3,2024-12-13,145,1.0,Laptop,Android,False
5093,485,25,2024-07-22,79,0.59,Smart TV,Web,True
5094,602,21,2025-04-18,97,0.63,Desktop,Web,False
5095,542,1,2025-01-26,102,0.87,Laptop,iOS,False
5096,527,15,2025-04-09,89,0.75,Smart TV,Web,False
5097,97,23,2025-03-12,53,0.49,Smart TV,Android,False
5098,197,3,2025-02-26,107,0.74,Mobile,Web,False
5099,349,9,2025-04-21,138,1.0,Smart TV,Web,False
5100,954,10,2025-04-01,80,0.7,Smart TV,iOS,False
5101,60,7,2024-12-16,26,0.29,Laptop,iOS,False
5102,1122,1,2025-04-11,94,0.8,Smart TV,Android,True
5103,1076,20,2024-09-14,44,0.48,Tablet,Android,False
5104,749,7,2024-12-31,74,0.83,Smart TV,TV App,False
5105,449,23,2025-04-27,91,0.83,Smart TV,iOS,False
5106,861,13,2025-04-09,100,0.72,Mobile,Android,True
5107,1062,8,2025-03-03,61,0.7,Smart TV,TV App,False
5108,456,8,2025-02-11,49,0.56,Laptop,iOS,False
5109,467,9,2025-04-10,95,0.69,Mobile,Android,True
5110,222,21,2025-04-15,80,0.52,Smart TV,Web,False
5111,787,19,2025-04-26,101,0.81,Smart TV,Web,False
5112,670,11,2025-01-31,81,0.64,Smart TV,Web,False
5113,658,22,2025-02-05,100,0.84,Mobile,Web,False
5114,429,18,2025-03-08,133,0.94,Mobile,Web,False
5115,80,14,2025-01-25,115,0.89,Mobile,TV App,False
5116,340,25,2025-01-22,125,0.93,Laptop,Web,False
5117,917,20,2024-09-10,39,0.43,Tablet,Web,False
5118,938,3,2025-04-03,145,1.0,Mobile,iOS,False
5119,947,1,2025-03-06,118,1.0,Smart TV,Android,False
5120,650,25,2024-09-11,64,0.48,Smart TV,Android,False
5121,209,22,2025-02-14,87,0.73,Mobile,Web,True
5122,920,10,2024-10-01,95,0.83,Mobile,Web,False
5123,723,16,2025-04-27,61,0.63,Mobile,iOS,False
5124,461,11,2025-02-02,110,0.87,Laptop,iOS,False
5125,230,15,2025-02-28,92,0.78,Laptop,Android,False
5126,1080,11,2025-04-14,127,1.0,Smart TV,Web,False
5127,718,15,2025-03-30,107,0.9,Smart TV,iOS,False
5128,65,15,2025-04-27,91,0.77,Smart TV,Web,False
5129,678,15,2025-03-15,113,0.95,Tablet,Android,False
5130,212,4,2025-03-04,79,0.74,Desktop,TV App,False
5131,101,9,2025-04-21,55,0.4,Mobile,TV App,False
5132,992,1,2025-03-30,106,0.9,Laptop,TV App,True
5133,941,23,2025-03-08,85,0.78,Tablet,iOS,False
5134,277,9,2025-04-06,63,0.46,Tablet,iOS,False
5135,630,11,2025-04-26,80,0.63,Mobile,Web,False
5136,371,10,2024-08-20,95,0.83,Laptop,Android,False
5137,957,12,2024-11-27,91,0.9,Mobile,iOS,False
5138,266,11,2025-03-16,123,0.97,Mobile,iOS,False
5139,582,8,2025-03-19,36,0.42,Tablet,iOS,False
5140,992,25,2025-04-15,120,0.89,Smart TV,Web,False
5141,475,1,2025-04-06,96,0.82,Mobile,Android,True
5142,5,15,2025-04-28,116,0.98,Smart TV,iOS,False
5143,727,18,2025-01-11,133,0.94,Smart TV,Web,False
5144,315,25,2025-04-02,132,0.98,Smart TV,Android,False
5145,379,3,2024-12-28,113,0.78,Smart TV,Web,False
5146,305,4,2025-04-17,62,0.58,Laptop,iOS,False
5147,477,19,2025-04-12,113,0.91,Smart TV,Web,True
5148,65,2,2025-03-14,81,0.62,Tablet,Web,False
5149,45,25,2024-12-23,117,0.87,Mobile,iOS,False
5150,654,19,2025-04-21,90,0.72,Mobile,Web,False
5151,1025,24,2025-04-05,86,0.82,Mobile,Web,False
5152,1162,12,2024-11-25,71,0.7,Laptop,iOS,False
5153,702,10,2025-02-12,64,0.56,Mobile,TV App,False
5154,353,10,2025-01-09,105,0.92,Mobile,iOS,False
5155,80,11,2025-04-22,78,0.62,Mobile,iOS,False
5156,365,4,2025-03-17,66,0.62,Laptop,Android,False
5157,900,19,2025-04-21,105,0.84,Mobile,Android,False
5158,933,22,2024-11-02,86,0.72,Mobile,Android,False
5159,833,9,2025-04-06,107,0.78,Mobile,Android,False
5160,542,19,2025-04-12,62,0.5,Mobile,iOS,True
5161,1132,14,2024-09-05,80,0.62,Desktop,Android,False
5162,883,24,2025-04-02,87,0.83,Mobile,Android,False
5163,854,15,2025-03-12,98,0.83,Smart TV,iOS,False
5164,574,14,2024-08-20,104,0.8,Smart TV,Web,False
5165,85,6,2025-03-01,63,0.67,Smart TV,Web,False
5166,784,4,2025-03-19,78,0.73,Mobile,Web,False
5167,227,11,2025-03-18,72,0.57,Tablet,iOS,False
5168,1114,1,2025-04-02,118,1.0,Smart TV,iOS,False
5169,1029,9,2025-04-10,121,0.88,Tablet,Web,True
5170,1132,13,2025-03-26,88,0.63,Mobile,Web,False
5171,1141,15,2025-03-11,90,0.76,Laptop,iOS,False
5172,40,2,2024-10-06,96,0.73,Smart TV,Android,False
5173,935,14,2024-10-24,128,0.99,Laptop,Web,False
5174,816,14,2025-04-09,72,0.56,Smart TV,TV App,False
5175,386,23,2025-02-18,90,0.82,Mobile,TV App,False
5176,199,1,2025-02-03,95,0.81,Laptop,Web,False
5177,555,11,2025-02-27,106,0.84,Smart TV,TV App,False
5178,388,15,2025-03-02,90,0.76,Smart TV,iOS,True
5179,1121,1,2025-03-31,115,0.98,Smart TV,iOS,False
5180,964,5,2024-09-20,64,0.53,Tablet,iOS,True
5181,816,10,2024-12-11,101,0.88,Smart TV,Android,False
5182,668,12,2025-02-21,62,0.61,Mobile,iOS,False
5183,84,3,2025-04-22,130,0.9,Laptop,iOS,False
5184,557,18,2025-03-03,102,0.72,Tablet,Web,False
5185,1026,9,2025-04-14,138,1.0,Desktop,iOS,False
5186,149,14,2024-07-29,130,1.0,Mobile,Android,False
5187,621,1,2025-03-05,101,0.86,Smart TV,Web,True
5188,323,2,2025-01-30,132,1.0,Smart TV,iOS,False
5189,747,7,2025-02-07,47,0.53,Mobile,Web,False
5190,184,21,2025-04-27,111,0.72,Mobile,iOS,False
5191,327,2,2024-09-27,122,0.93,Smart TV,Android,False
5192,325,23,2025-04-29,50,0.46,Mobile,iOS,False
5193,974,22,2025-02-27,105,0.88,Smart TV,Android,False
5194,13,25,2024-07-13,101,0.75,Smart TV,Android,False
5195,1038,1,2025-01-15,95,0.81,Laptop,Web,False
5196,499,4,2025-04-14,66,0.62,Laptop,iOS,False
5197,359,11,2025-02-10,105,0.83,Tablet,Android,False
5198,1135,25,2025-04-20,93,0.69,Laptop,TV App,False
5199,460,1,2025-01-16,99,0.84,Mobile,TV App,True
5200,1099,21,2025-04-16,100,0.65,Mobile,iOS,True
5201,431,17,2025-01-21,62,0.74,Laptop,TV App,False
5202,1142,2,2024-08-26,60,0.46,Smart TV,Web,False
5203,1180,22,2025-04-09,105,0.88,Laptop,Android,False
5204,197,15,2025-03-16,116,0.98,Smart TV,Web,False
5205,436,25,2024-10-25,74,0.55,Mobile,iOS,False
5206,107,9,2025-04-14,122,0.89,Tablet,Android,False
5207,511,12,2024-10-15,76,0.75,Mobile,TV App,False
5208,1194,14,2024-07-19,114,0.88,Smart TV,TV App,False
5209,372,11,2025-02-15,92,0.73,Desktop,TV App,False
5210,206,11,2025-02-12,116,0.92,Smart TV,Web,False
5211,778,23,2025-04-15,68,0.62,Smart TV,iOS,True
5212,979,4,2025-04-13,84,0.78,Smart TV,iOS,False
5213,171,1,2025-04-23,82,0.7,Smart TV,Android,False
5214,355,3,2025-02-07,114,0.79,Tablet,Web,False
5215,856,24,2025-02-25,103,0.99,Smart TV,Android,False
5216,515,16,2025-01-19,73,0.75,Mobile,iOS,True
5217,414,21,2025-04-20,94,0.61,Tablet,TV App,False
5218,308,13,2025-04-01,114,0.82,Smart TV,iOS,False
5219,693,6,2025-04-30,72,0.76,Mobile,Web,False
5220,822,25,2024-09-18,135,1.0,Mobile,Web,True
5221,777,1,2025-02-23,88,0.75,Tablet,Web,False
5222,1120,1,2025-01-23,95,0.81,Mobile,Android,False
5223,27,1,2025-04-27,100,0.85,Mobile,TV App,False
5224,982,15,2025-03-18,90,0.76,Mobile,iOS,False
5225,1160,2,2024-08-31,96,0.73,Smart TV,iOS,False
5226,423,2,2024-12-08,105,0.8,Laptop,TV App,False
5227,238,2,2025-03-12,96,0.73,Tablet,Android,False
5228,64,15,2025-04-28,101,0.85,Smart TV,Android,False
5229,500,19,2025-04-18,115,0.92,Laptop,Android,True
5230,386,21,2025-04-11,155,1.0,Smart TV,Web,False
5231,350,5,2024-10-17,101,0.83,Smart TV,Web,False
5232,715,14,2025-03-25,80,0.62,Desktop,Web,False
5233,1015,23,2025-04-09,108,0.99,Mobile,Android,False
5234,659,11,2025-02-09,95,0.75,Laptop,Web,False
5235,627,11,2025-03-27,83,0.66,Mobile,Web,False
5236,371,23,2025-04-13,101,0.92,Mobile,Web,False
5237,1113,16,2025-04-27,61,0.63,Mobile,Web,True
5238,472,21,2025-04-25,120,0.78,Mobile,iOS,False
5239,496,9,2025-04-19,91,0.66,Laptop,Android,False
5240,1064,25,2024-08-24,121,0.9,Smart TV,Web,False
5241,319,9,2025-04-30,138,1.0,Laptop,Web,False
5242,278,1,2025-02-28,99,0.84,Smart TV,Web,False
5243,594,5,2024-10-30,74,0.61,Smart TV,TV App,False
5244,1153,17,2025-02-04,64,0.76,Laptop,iOS,False
5245,290,3,2024-11-25,76,0.53,Smart TV,Android,False
5246,900,14,2024-07-06,117,0.9,Mobile,Web,False
5247,878,4,2025-04-17,95,0.88,Laptop,iOS,False
5248,958,21,2025-04-05,137,0.89,Tablet,Web,False
5249,560,21,2025-03-31,88,0.57,Tablet,TV App,False
5250,469,16,2024-11-27,83,0.85,Laptop,Web,True
5251,637,2,2024-11-18,88,0.67,Laptop,Web,True
5252,209,9,2025-04-09,95,0.69,Smart TV,Android,False
5253,303,13,2025-04-25,107,0.77,Smart TV,Web,False
5254,161,15,2025-03-21,60,0.51,Smart TV,Web,True
5255,821,6,2025-04-01,76,0.81,Tablet,Android,False
5256,1012,22,2025-01-29,110,0.92,Tablet,iOS,False
5257,267,1,2025-01-20,105,0.89,Smart TV,iOS,False
5258,1164,4,2025-04-27,96,0.89,Desktop,iOS,False
5259,258,23,2025-02-23,88,0.8,Smart TV,Web,False
5260,1170,1,2025-04-08,118,1.0,Smart TV,iOS,False
5261,783,13,2025-03-30,106,0.76,Smart TV,iOS,False
5262,255,1,2025-03-06,118,1.0,Laptop,iOS,False
5263,608,21,2025-04-25,127,0.82,Smart TV,Web,False
5264,548,8,2025-03-08,25,0.29,Laptop,iOS,False
5265,921,21,2025-04-18,113,0.73,Tablet,Web,False
5266,442,11,2025-02-08,60,0.48,Mobile,iOS,False
5267,627,24,2025-02-04,79,0.76,Smart TV,Android,False
5268,675,22,2025-01-10,79,0.66,Mobile,iOS,False
5269,336,22,2025-01-22,82,0.69,Laptop,iOS,False
5270,1181,1,2025-03-10,96,0.82,Mobile,Web,False
5271,681,5,2024-09-11,78,0.64,Mobile,TV App,False
5272,452,1,2025-01-17,87,0.74,Smart TV,Android,False
5273,313,9,2025-04-17,114,0.83,Smart TV,Android,False
5274,858,4,2025-02-20,70,0.65,Mobile,Android,False
5275,491,20,2024-09-16,77,0.84,Tablet,TV App,False
5276,113,10,2024-10-08,90,0.79,Mobile,TV App,False
5277,1164,1,2025-02-27,107,0.91,Smart TV,Web,True
5278,920,25,2025-01-21,63,0.47,Smart TV,iOS,False
5279,802,9,2025-04-10,104,0.76,Mobile,Web,False
5280,23,12,2025-02-02,43,0.43,Mobile,Web,False
5281,948,16,2024-12-19,59,0.61,Mobile,Android,False
5282,804,4,2025-03-18,105,0.98,Mobile,Web,False
5283,780,24,2025-03-30,77,0.74,Laptop,iOS,False
5284,631,2,2024-12-22,102,0.78,Smart TV,iOS,False
5285,401,19,2025-04-14,87,0.7,Smart TV,TV App,False
5286,853,25,2024-08-09,120,0.89,Mobile,Android,False
5287,248,25,2024-09-21,103,0.77,Mobile,Android,False
5288,956,2,2025-01-25,128,0.97,Mobile,Web,True
5289,77,2,2025-04-09,101,0.77,Smart TV,TV App,False
5290,749,13,2025-04-02,112,0.8,Mobile,iOS,False
5291,65,3,2025-03-06,116,0.8,Laptop,iOS,False
5292,819,23,2025-03-01,51,0.47,Laptop,TV App,False
5293,13,1,2025-01-16,109,0.93,Mobile,iOS,True
5294,235,11,2025-02-18,73,0.58,Mobile,iOS,False
5295,338,11,2025-04-30,90,0.71,Smart TV,TV App,False
5296,345,19,2025-04-24,110,0.88,Smart TV,TV App,False
5297,939,19,2025-04-25,101,0.81,Mobile,Web,False
5298,917,19,2025-04-14,107,0.86,Smart TV,Web,False
5299,587,24,2025-03-11,78,0.75,Mobile,Web,True
5300,844,1,2025-03-16,105,0.89,Laptop,iOS,True
5301,1101,19,2025-04-12,91,0.73,Laptop,iOS,False
5302,330,8,2025-03-26,32,0.37,Desktop,TV App,True
5303,322,2,2025-02-04,121,0.92,Desktop,Web,False
5304,222,25,2025-03-26,66,0.49,Laptop,Android,True
5305,1113,4,2025-03-17,87,0.81,Mobile,TV App,False
5306,666,11,2025-02-24,96,0.76,Desktop,Web,False
5307,588,23,2025-03-23,83,0.76,Mobile,iOS,True
5308,424,24,2024-12-26,75,0.72,Smart TV,iOS,False
5309,668,9,2025-04-18,41,0.3,Smart TV,Android,False
5310,165,10,2024-10-26,85,0.74,Mobile,TV App,False
5311,281,21,2025-03-25,142,0.92,Smart TV,Web,False
5312,208,1,2025-01-20,93,0.79,Tablet,Web,False
5313,285,8,2025-02-12,36,0.41,Laptop,iOS,False
5314,911,1,2025-03-18,116,0.99,Laptop,Web,True
5315,324,18,2025-03-16,102,0.72,Laptop,iOS,False
5316,824,6,2025-04-13,69,0.73,Laptop,iOS,False
5317,259,23,2025-02-15,102,0.93,Laptop,Android,False
5318,418,9,2025-04-29,114,0.83,Mobile,Web,False
5319,185,1,2025-01-22,115,0.98,Desktop,Web,False
5320,454,5,2024-10-23,82,0.68,Laptop,Web,False
5321,850,25,2024-11-09,114,0.85,Smart TV,iOS,False
5322,1154,18,2025-03-22,78,0.55,Tablet,Android,False
5323,906,25,2024-12-30,75,0.56,Laptop,TV App,False
5324,966,21,2025-04-03,66,0.43,Mobile,Android,False
5325,147,12,2024-12-15,78,0.77,Smart TV,Android,False
5326,184,1,2025-04-04,94,0.8,Mobile,Web,False
5327,364,3,2025-04-28,91,0.63,Mobile,Android,False
5328,184,1,2025-04-26,83,0.71,Smart TV,iOS,False
5329,688,21,2025-03-25,145,0.94,Smart TV,iOS,False
5330,1186,11,2025-02-21,78,0.62,Mobile,Android,True
5331,478,25,2024-08-23,109,0.81,Smart TV,iOS,True
5332,134,6,2025-03-22,44,0.47,Smart TV,Web,False
5333,151,19,2025-04-21,91,0.73,Smart TV,Web,True
5334,810,11,2025-03-10,111,0.88,Desktop,Web,False
5335,275,15,2025-04-25,119,1.0,Smart TV,TV App,False
5336,524,22,2024-12-26,75,0.63,Smart TV,Android,False
5337,743,18,2025-01-28,117,0.83,Smart TV,Web,True
5338,726,21,2025-04-12,120,0.78,Laptop,Web,False
5339,964,10,2024-11-28,96,0.84,Mobile,Android,False
5340,746,11,2025-04-26,68,0.54,Smart TV,Android,False
5341,808,16,2024-12-03,80,0.82,Smart TV,Android,False
5342,1071,11,2025-02-22,110,0.87,Smart TV,Android,False
5343,1047,21,2025-03-31,103,0.67,Laptop,Android,False
5344,836,13,2025-04-24,96,0.69,Smart TV,Android,False
5345,530,18,2025-03-21,86,0.61,Mobile,Android,False
5346,337,10,2024-08-28,103,0.9,Smart TV,iOS,False
5347,481,12,2024-10-15,43,0.43,Laptop,Web,False
5348,37,16,2025-04-22,36,0.37,Mobile,Web,False
5349,928,15,2025-03-23,79,0.67,Mobile,Web,True
5350,297,9,2025-04-08,138,1.0,Laptop,iOS,False
5351,1014,22,2025-02-26,97,0.81,Smart TV,Web,False
5352,693,22,2024-11-03,115,0.96,Smart TV,iOS,False
5353,604,21,2025-04-27,125,0.81,Smart TV,Web,True
5354,1036,8,2025-03-24,41,0.47,Smart TV,Android,False
5355,1141,21,2025-04-20,114,0.74,Mobile,Web,False
5356,124,10,2025-02-10,98,0.86,Desktop,Android,False
5357,270,25,2024-09-09,87,0.65,Smart TV,Web,False
5358,523,11,2025-04-24,77,0.61,Smart TV,Web,False
5359,163,17,2025-02-12,69,0.82,Tablet,iOS,False
5360,85,6,2025-04-10,44,0.47,Smart TV,iOS,False
5361,900,13,2025-04-22,77,0.55,Mobile,Android,False
5362,31,17,2025-01-10,62,0.74,Smart TV,iOS,False
5363,967,25,2024-10-16,83,0.62,Smart TV,Web,True
5364,721,19,2025-04-28,92,0.74,Smart TV,Web,False
5365,610,5,2024-10-20,30,0.25,Mobile,iOS,False
5366,142,18,2025-03-14,142,1.0,Smart TV,iOS,False
5367,1041,23,2025-04-02,97,0.89,Mobile,Web,False
5368,654,24,2025-01-12,69,0.66,Mobile,Web,False
5369,626,1,2025-03-17,118,1.0,Smart TV,Web,False
5370,754,9,2025-04-17,81,0.59,Tablet,iOS,False
5371,545,15,2025-03-14,88,0.74,Mobile,Android,True
5372,1037,6,2025-03-24,67,0.71,Smart TV,Android,False
5373,1066,15,2025-04-23,77,0.65,Mobile,iOS,False
5374,62,1,2025-03-12,94,0.8,Laptop,Android,False
5375,36,10,2025-03-01,105,0.92,Smart TV,Android,False
5376,132,4,2025-03-04,60,0.56,Tablet,TV App,False
5377,561,22,2025-04-04,74,0.62,Tablet,iOS,False
5378,766,1,2025-04-04,105,0.89,Mobile,Android,False
5379,1022,19,2025-04-14,122,0.98,Laptop,Web,True
5380,652,13,2025-04-16,98,0.7,Laptop,Web,False
5381,126,22,2025-01-17,120,1.0,Smart TV,Web,False
5382,306,24,2025-03-22,66,0.63,Smart TV,Android,False
5383,861,1,2025-03-15,103,0.88,Smart TV,TV App,False
5384,258,14,2024-11-07,117,0.9,Mobile,iOS,True
5385,28,2,2025-03-11,93,0.71,Mobile,Android,False
5386,379,21,2025-03-25,128,0.83,Mobile,Android,False
5387,955,11,2025-04-28,127,1.0,Smart TV,iOS,False
5388,19,18,2024-11-30,112,0.79,Smart TV,Android,False
5389,203,22,2025-03-13,100,0.84,Laptop,Android,False
5390,358,15,2025-03-05,59,0.5,Desktop,iOS,False
5391,483,18,2025-03-16,100,0.71,Smart TV,Web,False
5392,491,15,2025-02-28,70,0.59,Smart TV,iOS,False
5393,1046,1,2025-02-02,105,0.89,Smart TV,TV App,False
5394,1074,15,2025-04-03,94,0.79,Smart TV,Android,False
5395,892,22,2025-02-14,92,0.77,Laptop,Web,True
5396,715,23,2025-02-22,67,0.61,Smart TV,Android,False
5397,686,5,2024-11-07,103,0.85,Laptop,iOS,False
5398,995,16,2025-02-17,73,0.75,Mobile,Android,True
5399,403,2,2025-04-23,85,0.65,Laptop,iOS,False
5400,4,9,2025-04-29,138,1.0,Mobile,iOS,False
5401,123,1,2025-02-14,105,0.89,Smart TV,iOS,False
5402,814,19,2025-04-20,66,0.53,Laptop,TV App,True
5403,289,24,2025-04-19,63,0.6,Laptop,Android,False
5404,537,5,2024-12-26,74,0.61,Tablet,Android,False
5405,462,9,2025-04-30,60,0.44,Laptop,Web,False
5406,174,10,2024-12-19,101,0.88,Smart TV,Android,True
5407,1117,22,2025-02-22,79,0.66,Mobile,iOS,False
5408,1031,14,2024-07-17,78,0.6,Smart TV,Web,True
5409,590,17,2025-03-04,69,0.82,Laptop,Web,True
5410,547,21,2025-04-07,100,0.65,Smart TV,iOS,True
5411,1117,2,2024-10-10,110,0.84,Smart TV,Web,False
5412,1068,1,2025-03-30,118,1.0,Mobile,Android,False
5413,859,24,2025-02-13,79,0.76,Mobile,iOS,False
5414,481,15,2025-03-30,85,0.72,Smart TV,Web,False
5415,752,12,2025-01-17,99,0.98,Mobile,iOS,True
5416,72,23,2025-03-01,96,0.88,Smart TV,Web,False
5417,680,8,2025-02-01,50,0.57,Tablet,Web,True
5418,547,5,2025-02-27,45,0.37,Smart TV,Web,True
5419,951,13,2025-03-20,102,0.73,Mobile,Web,False
5420,889,3,2025-02-10,104,0.72,Desktop,Android,False
5421,442,22,2025-03-27,57,0.48,Smart TV,iOS,False
5422,359,2,2024-12-30,132,1.0,Smart TV,Web,False
5423,439,17,2025-03-06,73,0.86,Smart TV,iOS,False
5424,582,17,2025-03-20,84,0.99,Desktop,iOS,False
5425,623,21,2025-04-02,96,0.62,Smart TV,iOS,False
5426,207,4,2025-02-16,92,0.86,Laptop,Android,False
5427,144,22,2024-12-22,94,0.79,Smart TV,Android,False
5428,918,18,2024-11-22,106,0.75,Smart TV,iOS,False
5429,672,13,2025-03-28,100,0.72,Laptop,Android,False
5430,212,5,2025-02-24,91,0.75,Laptop,Web,False
5431,192,17,2025-02-25,58,0.69,Mobile,TV App,False
5432,898,13,2025-04-24,91,0.65,Mobile,TV App,False
5433,1185,15,2025-03-06,77,0.65,Smart TV,iOS,False
5434,317,24,2024-12-31,66,0.63,Smart TV,TV App,False
5435,523,20,2024-08-21,40,0.44,Smart TV,iOS,False
5436,1023,19,2025-04-22,115,0.92,Smart TV,Android,False
5437,102,24,2025-04-13,88,0.84,Smart TV,Android,False
5438,842,2,2024-08-25,79,0.6,Mobile,iOS,False
5439,297,1,2025-03-18,108,0.92,Smart TV,iOS,False
5440,532,3,2025-01-11,63,0.44,Smart TV,TV App,False
5441,715,11,2025-04-28,91,0.72,Laptop,TV App,False
5442,1110,1,2025-04-12,101,0.86,Laptop,iOS,True
5443,706,1,2025-01-22,100,0.85,Smart TV,iOS,True
5444,796,24,2025-04-22,105,1.0,Laptop,Web,False
5445,907,11,2025-03-31,93,0.74,Laptop,Web,False
5446,250,19,2025-04-26,116,0.93,Desktop,TV App,False
5447,814,11,2025-03-29,111,0.88,Smart TV,Web,False
5448,278,9,2025-04-17,110,0.8,Smart TV,TV App,False
5449,466,18,2025-04-28,123,0.87,Smart TV,Android,False
5450,81,2,2025-04-25,95,0.72,Smart TV,Web,True
5451,128,4,2025-04-14,71,0.66,Smart TV,iOS,False
5452,784,19,2025-04-17,116,0.93,Tablet,Android,False
5453,605,4,2025-04-01,71,0.66,Smart TV,Android,False
5454,483,13,2025-04-16,131,0.94,Laptop,TV App,False
5455,902,3,2024-12-11,145,1.0,Smart TV,iOS,False
5456,941,10,2024-10-12,86,0.75,Laptop,iOS,False
5457,238,15,2025-03-10,114,0.96,Desktop,TV App,False
5458,1100,19,2025-04-29,100,0.8,Laptop,iOS,False
5459,363,9,2025-04-18,88,0.64,Mobile,TV App,True
5460,567,13,2025-03-26,93,0.67,Mobile,Android,False
5461,1016,16,2025-02-04,71,0.73,Tablet,Web,False
5462,1188,3,2025-04-18,66,0.46,Mobile,Web,False
5463,151,22,2025-03-10,100,0.84,Smart TV,TV App,False
5464,638,14,2024-08-07,109,0.84,Smart TV,iOS,True
5465,309,22,2025-03-02,67,0.56,Laptop,iOS,False
5466,1005,19,2025-04-17,96,0.77,Mobile,Web,False
5467,841,19,2025-04-19,113,0.91,Mobile,iOS,True
5468,282,2,2025-04-06,87,0.66,Mobile,Web,False
5469,791,23,2025-03-02,96,0.88,Laptop,TV App,False
5470,827,12,2025-02-02,62,0.61,Mobile,iOS,False
5471,1070,24,2025-01-20,81,0.78,Laptop,iOS,True
5472,35,3,2025-01-12,89,0.62,Laptop,TV App,False
5473,378,21,2025-03-26,68,0.44,Mobile,Android,False
5474,1189,16,2024-12-02,78,0.8,Smart TV,Web,False
5475,833,22,2024-11-19,46,0.39,Mobile,iOS,False
5476,129,21,2025-03-30,127,0.82,Mobile,Android,True
5477,909,11,2025-04-07,105,0.83,Mobile,iOS,False
5478,1195,5,2025-04-15,103,0.85,Smart TV,TV App,False
5479,754,3,2024-11-21,145,1.0,Laptop,iOS,False
5480,588,12,2025-01-04,76,0.75,Smart TV,iOS,False
5481,1110,21,2025-04-19,93,0.6,Smart TV,iOS,False
5482,160,11,2025-02-05,116,0.92,Mobile,iOS,False
5483,623,18,2024-10-12,117,0.83,Laptop,Android,False
5484,399,16,2025-01-05,94,0.96,Mobile,iOS,False
5485,208,10,2025-01-01,67,0.59,Tablet,Web,False
5486,91,13,2025-04-24,71,0.51,Smart TV,Web,True
5487,478,23,2025-04-14,83,0.76,Smart TV,Web,False
5488,513,1,2025-02-10,92,0.78,Mobile,iOS,False
5489,1059,22,2024-11-21,88,0.74,Laptop,Web,False
5490,867,6,2025-04-19,4,0.05,Tablet,Android,False
5491,1140,15,2025-04-10,98,0.83,Mobile,iOS,False
5492,58,18,2025-03-29,117,0.83,Laptop,iOS,False
5493,1054,21,2025-04-03,114,0.74,Smart TV,iOS,False
5494,771,25,2025-03-16,85,0.63,Laptop,TV App,False
5495,1110,14,2024-12-21,123,0.95,Laptop,TV App,False
5496,765,1,2025-03-28,118,1.0,Tablet,iOS,False
5497,35,22,2024-11-02,92,0.77,Mobile,Android,True
5498,758,16,2025-01-02,56,0.58,Smart TV,iOS,True
5499,320,24,2025-02-13,75,0.72,Smart TV,TV App,False
5500,970,19,2025-04-20,101,0.81,Smart TV,Android,True
5501,897,1,2025-01-20,106,0.9,Mobile,iOS,False
5502,494,1,2025-04-25,118,1.0,Smart TV,Web,False
5503,197,13,2025-04-14,130,0.93,Laptop,iOS,False
5504,66,23,2025-02-24,101,0.92,Smart TV,Web,False
5505,636,13,2025-04-06,112,0.8,Smart TV,Web,False
5506,386,11,2025-04-12,85,0.67,Smart TV,Web,False
5507,392,8,2025-02-11,75,0.86,Desktop,iOS,False
5508,886,16,2025-01-12,75,0.77,Smart TV,Android,False
5509,835,3,2025-01-02,120,0.83,Smart TV,TV App,False
5510,915,13,2025-04-05,124,0.89,Smart TV,iOS,True
5511,1146,11,2025-02-16,90,0.71,Smart TV,Android,False
5512,335,9,2025-04-29,107,0.78,Laptop,iOS,False
5513,81,13,2025-04-19,137,0.98,Mobile,Android,False
5514,1074,11,2025-04-15,92,0.73,Smart TV,Web,False
5515,1089,23,2025-02-09,77,0.7,Laptop,Android,False
5516,267,4,2025-03-30,63,0.59,Mobile,Android,False
5517,74,15,2025-03-17,89,0.75,Smart TV,Android,False
5518,95,21,2025-04-04,75,0.49,Smart TV,TV App,False
5519,885,8,2025-02-21,50,0.57,Mobile,iOS,False
5520,328,19,2025-04-19,112,0.9,Mobile,Web,False
5521,587,3,2025-03-05,95,0.66,Mobile,iOS,False
5522,456,15,2025-03-16,95,0.8,Smart TV,Web,True
5523,815,10,2025-01-15,81,0.71,Desktop,iOS,False
5524,1016,23,2025-04-17,83,0.76,Laptop,Android,False
5525,1112,15,2025-03-26,60,0.51,Mobile,Android,False
5526,517,9,2025-04-12,104,0.76,Desktop,Web,False
5527,1193,7,2025-01-19,30,0.34,Laptop,Android,False
5528,967,15,2025-03-01,88,0.74,Tablet,iOS,False
5529,908,5,2025-04-25,98,0.81,Smart TV,iOS,False
5530,399,13,2025-04-11,116,0.83,Smart TV,iOS,False
5531,441,1,2025-02-28,118,1.0,Desktop,TV App,True
5532,786,14,2024-10-29,74,0.57,Laptop,iOS,False
5533,532,1,2025-01-19,105,0.89,Tablet,Android,False
5534,402,3,2025-04-14,111,0.77,Smart TV,iOS,False
5535,595,5,2025-02-10,63,0.52,Desktop,iOS,False
5536,376,2,2024-11-08,113,0.86,Mobile,TV App,False
5537,866,16,2025-03-31,81,0.83,Laptop,iOS,False
5538,25,13,2025-04-02,93,0.67,Smart TV,Web,False
5539,1149,13,2025-03-18,116,0.83,Mobile,iOS,False
5540,347,1,2025-03-05,118,1.0,Smart TV,Web,False
5541,859,8,2025-03-10,58,0.66,Desktop,Android,False
5542,611,1,2025-02-18,110,0.94,Mobile,iOS,False
5543,799,11,2025-02-08,71,0.56,Mobile,Android,False
5544,673,9,2025-04-08,91,0.66,Smart TV,Web,False
5545,405,2,2025-02-12,132,1.0,Laptop,iOS,False
5546,339,22,2025-03-21,90,0.75,Desktop,Web,False
5547,658,13,2025-03-21,140,1.0,Smart TV,Web,False
5548,149,23,2025-04-05,84,0.77,Smart TV,Android,False
5549,539,25,2024-12-02,98,0.73,Smart TV,Web,False
5550,831,11,2025-04-16,91,0.72,Smart TV,TV App,False
5551,141,10,2024-09-06,66,0.58,Tablet,Web,False
5552,517,1,2025-02-24,103,0.88,Mobile,Android,False
5553,631,12,2025-02-08,69,0.68,Smart TV,Android,True
5554,955,11,2025-01-30,127,1.0,Laptop,iOS,False
5555,879,19,2025-04-22,86,0.69,Laptop,Android,False
5556,19,23,2025-03-18,75,0.69,Mobile,TV App,False
5557,718,4,2025-02-18,96,0.89,Laptop,iOS,True
5558,621,9,2025-04-06,99,0.72,Smart TV,Android,False
5559,1045,9,2025-04-26,92,0.67,Mobile,Android,True
5560,517,25,2024-08-11,90,0.67,Smart TV,Web,False
5561,1025,10,2024-08-03,111,0.97,Laptop,iOS,False
5562,488,2,2024-08-26,93,0.71,Tablet,iOS,False
5563,82,13,2025-04-06,71,0.51,Laptop,iOS,False
5564,575,15,2025-03-02,84,0.71,Smart TV,iOS,False
5565,213,19,2025-04-30,75,0.6,Smart TV,Web,False
5566,527,2,2025-01-07,109,0.83,Smart TV,iOS,False
5567,178,19,2025-04-21,63,0.51,Desktop,iOS,False
5568,227,3,2025-04-03,110,0.76,Smart TV,iOS,False
5569,591,24,2025-02-08,103,0.99,Smart TV,iOS,False
5570,83,18,2025-01-09,78,0.55,Smart TV,Android,True
5571,1097,4,2025-02-20,85,0.79,Smart TV,Android,False
5572,928,4,2025-04-18,108,1.0,Mobile,Android,False
5573,548,23,2025-02-18,88,0.8,Laptop,Android,False
5574,7,25,2025-03-10,108,0.8,Laptop,Web,False
5575,634,10,2024-09-15,109,0.95,Mobile,Android,False
5576,312,19,2025-04-14,105,0.84,Desktop,Web,False
5577,506,6,2025-04-30,51,0.54,Mobile,TV App,False
5578,1019,3,2025-01-12,87,0.6,Mobile,Web,False
5579,1004,5,2025-03-10,81,0.67,Mobile,iOS,True
5580,1076,5,2024-12-20,82,0.68,Mobile,iOS,False
5581,524,10,2024-12-06,87,0.76,Smart TV,iOS,False
5582,375,25,2025-03-23,106,0.79,Mobile,Web,False
5583,215,13,2025-04-22,85,0.61,Smart TV,Web,False
5584,634,9,2025-04-21,85,0.62,Smart TV,TV App,False
5585,92,13,2025-04-16,117,0.84,Desktop,Android,False
5586,250,23,2025-04-20,68,0.62,Mobile,Web,False
5587,1186,22,2025-04-07,75,0.63,Smart TV,TV App,False
5588,26,13,2025-04-28,133,0.95,Laptop,Android,False
5589,872,21,2025-04-17,113,0.73,Smart TV,Android,False
5590,354,22,2025-04-23,98,0.82,Mobile,iOS,False
5591,544,10,2024-08-23,101,0.88,Laptop,iOS,False
5592,162,10,2024-12-21,83,0.73,Smart TV,Android,False
5593,104,6,2025-04-30,69,0.73,Smart TV,iOS,True
5594,720,10,2024-09-09,55,0.48,Laptop,Android,False
5595,892,21,2025-04-21,97,0.63,Smart TV,Android,False
5596,1,23,2025-03-01,75,0.69,Desktop,TV App,False
5597,45,16,2025-02-20,42,0.43,Smart TV,Android,False
5598,523,3,2025-02-09,126,0.87,Laptop,Web,False
5599,501,1,2025-01-21,92,0.78,Smart TV,Web,False
5600,350,11,2025-04-28,93,0.74,Smart TV,iOS,False
5601,721,15,2025-03-11,101,0.85,Laptop,TV App,False
5602,129,18,2025-04-04,134,0.95,Smart TV,iOS,False
5603,260,4,2025-04-14,54,0.5,Smart TV,TV App,False
5604,928,3,2025-04-11,85,0.59,Desktop,Web,False
5605,69,13,2025-03-27,84,0.6,Laptop,TV App,True
5606,42,19,2025-04-21,91,0.73,Laptop,iOS,False
5607,441,14,2025-03-26,115,0.89,Smart TV,Web,False
5608,981,3,2025-01-21,105,0.73,Mobile,iOS,False
5609,1027,12,2025-03-09,84,0.83,Smart TV,Web,False
5610,47,19,2025-04-13,111,0.89,Tablet,Web,False
5611,1186,4,2025-04-12,69,0.64,Tablet,TV App,False
5612,882,9,2025-04-06,66,0.48,Smart TV,Android,False
5613,541,10,2025-04-27,83,0.73,Mobile,iOS,False
5614,524,2,2025-02-15,79,0.6,Desktop,iOS,True
5615,289,17,2025-04-28,74,0.88,Mobile,iOS,False
5616,593,11,2025-02-11,60,0.48,Smart TV,Android,False
5617,828,10,2024-07-31,62,0.54,Laptop,Android,False
5618,722,13,2025-04-23,91,0.65,Mobile,Web,False
5619,968,10,2025-04-02,86,0.75,Smart TV,Web,False
5620,921,23,2025-04-04,86,0.79,Mobile,iOS,False
5621,986,19,2025-04-19,106,0.85,Smart TV,Web,False
5622,207,2,2024-09-01,96,0.73,Smart TV,Web,True
5623,764,2,2025-01-15,80,0.61,Mobile,iOS,True
5624,1173,15,2025-03-22,84,0.71,Laptop,TV App,False
5625,726,6,2025-04-15,56,0.59,Mobile,Android,False
5626,18,11,2025-02-17,82,0.65,Laptop,Android,False
5627,713,15,2025-03-27,119,1.0,Tablet,Web,False
5628,785,9,2025-04-24,110,0.8,Mobile,iOS,False
5629,760,1,2025-04-30,118,1.0,Mobile,iOS,False
5630,633,23,2025-02-07,108,0.99,Smart TV,iOS,False
5631,703,10,2024-10-29,69,0.6,Desktop,iOS,False
5632,957,13,2025-04-12,110,0.79,Laptop,Web,False
5633,190,5,2024-10-30,81,0.67,Mobile,TV App,True
5634,758,11,2025-02-19,92,0.73,Mobile,iOS,True
5635,1084,21,2025-04-06,103,0.67,Tablet,Web,False
5636,339,16,2025-04-01,68,0.7,Smart TV,Web,True
5637,1093,13,2025-04-17,107,0.77,Smart TV,iOS,False
5638,64,9,2025-04-07,111,0.81,Tablet,Android,True
5639,1074,1,2025-01-21,101,0.86,Mobile,TV App,False
5640,1041,25,2024-11-15,110,0.82,Laptop,iOS,False
5641,788,14,2024-08-06,84,0.65,Mobile,Web,False
5642,479,16,2025-01-25,59,0.61,Smart TV,Web,False
5643,301,25,2024-09-07,97,0.72,Tablet,iOS,False
5644,633,19,2025-04-14,95,0.76,Tablet,Web,False
5645,1152,18,2024-10-14,126,0.89,Laptop,iOS,False
5646,68,15,2025-03-02,64,0.54,Smart TV,Web,False
5647,445,3,2025-02-25,76,0.53,Tablet,Android,False
5648,790,11,2025-03-29,123,0.97,Mobile,Web,False
5649,539,14,2024-07-30,102,0.79,Smart TV,Android,False
5650,642,2,2024-10-17,106,0.81,Smart TV,iOS,False
5651,715,2,2025-04-19,106,0.81,Tablet,Android,False
5652,1143,25,2024-08-12,121,0.9,Smart TV,Web,False
5653,178,2,2025-02-16,120,0.91,Smart TV,Android,True
5654,636,15,2025-03-02,86,0.73,Smart TV,Android,False
5655,1009,14,2024-09-14,107,0.83,Tablet,Web,False
5656,391,8,2025-02-17,29,0.34,Smart TV,TV App,False
5657,761,3,2024-11-21,121,0.84,Smart TV,iOS,False
5658,487,11,2025-04-16,127,1.0,Smart TV,Android,False
5659,420,15,2025-03-08,63,0.53,Smart TV,iOS,False
5660,334,8,2025-03-26,32,0.37,Mobile,Web,False
5661,691,25,2024-09-25,47,0.35,Mobile,iOS,True
5662,328,5,2025-01-29,102,0.84,Mobile,Android,False
5663,390,1,2025-01-20,115,0.98,Mobile,Android,True
5664,282,15,2025-02-28,72,0.61,Tablet,Web,True
5665,460,2,2024-12-20,85,0.65,Desktop,iOS,False
5666,520,22,2025-01-04,93,0.78,Smart TV,iOS,True
5667,284,3,2025-04-19,98,0.68,Laptop,Android,True
5668,1194,25,2025-03-31,135,1.0,Smart TV,iOS,False
5669,605,8,2025-02-12,73,0.83,Laptop,Web,False
5670,1116,15,2025-04-05,77,0.65,Mobile,iOS,False
5671,1087,4,2025-04-25,85,0.79,Mobile,Android,False
5672,364,7,2024-12-15,35,0.39,Smart TV,Web,False
5673,1062,4,2025-02-19,82,0.76,Laptop,Android,False
5674,332,22,2024-11-02,108,0.9,Mobile,Web,False
5675,502,14,2025-02-18,105,0.81,Tablet,Android,False
5676,1053,19,2025-04-15,110,0.88,Mobile,Web,False
5677,153,14,2024-07-26,75,0.58,Tablet,Web,False
5678,517,18,2024-12-07,97,0.69,Laptop,iOS,False
5679,250,11,2025-02-08,96,0.76,Tablet,Android,False
5680,407,9,2025-04-10,100,0.73,Smart TV,TV App,False
5681,530,9,2025-04-13,106,0.77,Tablet,iOS,False
5682,72,2,2025-02-08,113,0.86,Mobile,Web,False
5683,215,19,2025-04-15,120,0.96,Mobile,Android,False
5684,368,1,2025-01-15,107,0.91,Mobile,iOS,False
5685,302,13,2025-04-08,84,0.6,Laptop,Android,False
5686,675,16,2025-02-16,70,0.72,Mobile,Android,False
5687,199,1,2025-03-29,101,0.86,Desktop,Android,False
5688,98,3,2025-01-28,123,0.85,Smart TV,Android,False
5689,1117,11,2025-04-13,73,0.58,Mobile,iOS,False
5690,918,3,2025-04-03,78,0.54,Laptop,Android,False
5691,1055,12,2024-11-24,102,1.0,Desktop,Android,False
5692,438,1,2025-04-02,95,0.81,Smart TV,Android,False
5693,845,9,2025-04-24,104,0.76,Smart TV,Web,False
5694,1094,1,2025-03-05,118,1.0,Smart TV,Web,False
5695,231,21,2025-04-04,130,0.84,Mobile,iOS,False
5696,648,10,2025-03-23,98,0.86,Smart TV,Android,False
5697,1153,1,2025-01-23,94,0.8,Laptop,Android,False
5698,1102,19,2025-04-21,101,0.81,Laptop,Android,False
5699,1102,13,2025-03-23,65,0.47,Smart TV,TV App,False
5700,295,6,2025-03-30,31,0.33,Smart TV,Web,False
5701,1173,11,2025-03-02,80,0.63,Mobile,Web,False
5702,1017,1,2025-04-30,101,0.86,Smart TV,Web,False
5703,130,24,2025-01-11,92,0.88,Mobile,Android,True
5704,208,18,2025-02-08,82,0.58,Mobile,iOS,False
5705,107,21,2025-03-25,106,0.69,Smart TV,Web,False
5706,765,1,2025-03-27,106,0.9,Laptop,iOS,False
5707,664,1,2025-04-20,114,0.97,Smart TV,Android,False
5708,31,2,2025-02-22,112,0.85,Smart TV,Web,False
5709,30,1,2025-01-25,109,0.93,Smart TV,iOS,True
5710,114,19,2025-04-17,120,0.96,Smart TV,Android,False
5711,872,25,2025-02-24,83,0.62,Tablet,iOS,False
5712,262,18,2024-11-27,106,0.75,Laptop,Android,False
5713,78,9,2025-04-05,109,0.79,Smart TV,Android,False
5714,83,23,2025-03-26,41,0.38,Smart TV,Web,False
5715,408,21,2025-04-19,125,0.81,Smart TV,Web,False
5716,867,15,2025-04-09,72,0.61,Laptop,iOS,False
5717,244,24,2025-01-10,71,0.68,Smart TV,Web,False
5718,1079,25,2024-10-22,105,0.78,Mobile,Android,True
5719,152,19,2025-04-25,85,0.68,Mobile,Web,False
5720,282,19,2025-04-28,115,0.92,Smart TV,Android,False
5721,307,10,2025-02-16,115,1.0,Smart TV,Android,False
5722,383,25,2025-02-11,86,0.64,Mobile,iOS,True
5723,276,25,2025-04-14,89,0.66,Laptop,TV App,False
5724,611,23,2025-04-19,77,0.7,Laptop,Android,False
5725,1062,13,2025-04-16,75,0.54,Smart TV,Android,False
5726,1074,6,2025-04-27,54,0.57,Laptop,TV App,False
5727,741,3,2025-03-03,95,0.66,Tablet,iOS,False
5728,261,22,2025-01-18,79,0.66,Smart TV,Web,False
5729,354,10,2024-12-31,80,0.7,Mobile,TV App,False
5730,642,1,2025-01-26,105,0.89,Smart TV,Web,False
5731,394,11,2025-03-20,85,0.67,Smart TV,Web,True
5732,495,1,2025-04-02,113,0.96,Laptop,TV App,False
5733,904,13,2025-04-06,110,0.79,Mobile,Web,False
5734,352,2,2025-01-21,79,0.6,Laptop,Android,False
5735,797,15,2025-03-22,108,0.91,Smart TV,Web,True
5736,1175,1,2025-01-27,118,1.0,Smart TV,Web,False
5737,570,3,2025-02-10,107,0.74,Smart TV,iOS,True
5738,997,21,2025-04-14,105,0.68,Smart TV,Android,True
5739,819,2,2025-04-30,75,0.57,Mobile,iOS,False
5740,985,18,2025-04-18,106,0.75,Laptop,iOS,False
5741,755,4,2025-04-16,81,0.75,Smart TV,TV App,False
5742,1118,13,2025-04-24,106,0.76,Mobile,Android,True
5743,167,18,2024-12-13,122,0.86,Smart TV,Android,False
5744,1122,15,2025-03-31,98,0.83,Smart TV,iOS,False
5745,927,1,2025-02-11,99,0.84,Desktop,TV App,False
5746,936,23,2025-04-15,72,0.66,Mobile,Android,False
5747,921,8,2025-01-30,44,0.51,Desktop,Web,False
5748,403,1,2025-01-28,116,0.99,Desktop,Web,False
5749,809,18,2025-04-09,79,0.56,Laptop,Web,False
5750,1176,20,2024-10-06,48,0.53,Laptop,Android,False
5751,105,15,2025-02-28,74,0.63,Mobile,TV App,False
5752,922,21,2025-04-10,147,0.95,Mobile,TV App,False
5753,511,13,2025-04-30,100,0.72,Laptop,Web,False
5754,815,1,2025-01-16,102,0.87,Smart TV,iOS,False
5755,503,2,2025-02-05,113,0.86,Mobile,iOS,True
5756,543,23,2025-03-03,48,0.44,Laptop,Web,False
5757,711,12,2025-04-29,65,0.64,Laptop,Web,False
5758,175,6,2025-04-01,44,0.47,Mobile,Android,False
5759,594,1,2025-03-29,118,1.0,Smart TV,Android,False
5760,197,11,2025-03-08,78,0.62,Tablet,Android,False
5761,515,21,2025-04-24,131,0.85,Smart TV,Web,False
5762,582,4,2025-04-25,85,0.79,Smart TV,iOS,False
5763,1005,3,2025-03-09,102,0.71,Laptop,Android,True
5764,700,19,2025-04-23,101,0.81,Laptop,Android,False
5765,252,1,2025-01-28,106,0.9,Laptop,iOS,False
5766,909,23,2025-02-28,82,0.75,Tablet,iOS,False
5767,273,18,2025-03-16,115,0.81,Mobile,Web,True
5768,13,15,2025-03-12,90,0.76,Mobile,Web,False
5769,191,5,2025-02-26,73,0.6,Laptop,iOS,False
5770,1063,9,2025-04-28,109,0.79,Mobile,TV App,False
5771,261,12,2025-01-14,93,0.92,Smart TV,Android,False
5772,569,22,2024-12-31,98,0.82,Smart TV,Android,False
5773,404,19,2025-04-20,70,0.56,Smart TV,Android,False
5774,416,4,2025-03-04,61,0.57,Mobile,Web,False
5775,427,15,2025-03-21,67,0.57,Laptop,TV App,True
5776,630,13,2025-04-23,109,0.78,Mobile,Android,False
5777,293,1,2025-04-09,108,0.92,Desktop,Web,False
5778,766,12,2025-02-12,75,0.74,Mobile,Web,True
5779,1176,18,2025-02-26,83,0.59,Mobile,Web,False
5780,1184,13,2025-03-23,100,0.72,Desktop,Android,False
5781,392,19,2025-04-19,73,0.59,Mobile,Web,False
5782,1039,20,2024-09-03,61,0.67,Laptop,TV App,False
5783,807,14,2025-03-04,115,0.89,Mobile,TV App,False
5784,311,10,2024-11-02,28,0.25,Smart TV,Web,False
5785,234,14,2025-01-23,93,0.72,Mobile,Web,False
5786,162,10,2024-08-11,77,0.67,Smart TV,Android,False
5787,923,13,2025-04-03,114,0.82,Smart TV,Android,False
5788,570,6,2025-04-20,50,0.53,Smart TV,TV App,False
5789,69,20,2024-10-08,58,0.64,Mobile,Android,False
5790,980,19,2025-04-17,121,0.97,Laptop,iOS,False
5791,223,5,2025-03-20,82,0.68,Smart TV,TV App,False
5792,827,20,2024-09-04,60,0.66,Laptop,Web,False
5793,961,8,2025-02-07,52,0.6,Laptop,TV App,False
5794,625,19,2025-04-22,58,0.47,Smart TV,TV App,False
5795,767,19,2025-04-27,110,0.88,Mobile,TV App,False
5796,125,18,2025-04-06,115,0.81,Mobile,Android,False
5797,392,3,2025-04-11,97,0.67,Mobile,Web,False
5798,129,18,2024-11-12,124,0.88,Mobile,Android,False
5799,838,9,2025-04-17,121,0.88,Smart TV,Web,False
5800,280,5,2024-11-12,89,0.73,Mobile,iOS,False
5801,138,13,2025-03-21,67,0.48,Laptop,Android,False
5802,601,19,2025-04-17,101,0.81,Smart TV,iOS,False
5803,267,16,2024-12-17,62,0.64,Mobile,Android,False
5804,372,13,2025-03-26,106,0.76,Mobile,Android,False
5805,695,22,2024-11-14,120,1.0,Mobile,iOS,False
5806,913,17,2025-04-18,62,0.74,Laptop,iOS,False
5807,442,10,2025-04-12,97,0.85,Laptop,Web,False
5808,1115,13,2025-04-03,96,0.69,Laptop,Web,False
5809,1104,1,2025-01-28,103,0.88,Laptop,Android,False
5810,1037,19,2025-04-26,97,0.78,Smart TV,Android,False
5811,611,2,2024-12-25,76,0.58,Smart TV,Web,False
5812,856,19,2025-04-20,125,1.0,Laptop,iOS,False
5813,653,11,2025-04-01,104,0.82,Mobile,Android,False
5814,1174,2,2024-09-07,132,1.0,Laptop,iOS,False
5815,211,19,2025-04-29,117,0.94,Laptop,Android,False
5816,296,4,2025-02-21,108,1.0,Smart TV,Android,False
5817,1188,5,2024-11-01,68,0.56,Smart TV,iOS,False
5818,914,1,2025-04-28,116,0.99,Tablet,iOS,False
5819,175,19,2025-04-16,78,0.63,Desktop,Android,False
5820,300,14,2024-12-16,57,0.44,Mobile,iOS,False
5821,138,19,2025-04-24,101,0.81,Laptop,TV App,False
5822,879,16,2025-04-08,39,0.4,Smart TV,Android,False
5823,108,15,2025-03-01,92,0.78,Smart TV,Android,True
5824,169,15,2025-04-07,82,0.69,Tablet,Web,False
5825,601,25,2025-01-09,105,0.78,Laptop,iOS,False
5826,1109,17,2025-02-22,85,1.0,Smart TV,TV App,False
5827,959,6,2025-04-10,63,0.67,Mobile,Android,False
5828,256,16,2025-04-09,58,0.6,Mobile,iOS,False
5829,718,18,2024-10-30,100,0.71,Laptop,iOS,False
5830,901,24,2025-01-24,94,0.9,Smart TV,iOS,False
5831,53,22,2025-03-03,58,0.49,Mobile,iOS,False
5832,38,15,2025-04-16,85,0.72,Mobile,TV App,False
5833,789,5,2025-02-10,80,0.66,Smart TV,iOS,False
5834,1102,21,2025-03-26,105,0.68,Tablet,Web,False
5835,615,23,2025-03-20,81,0.74,Tablet,TV App,False
5836,1095,1,2025-02-22,102,0.87,Smart TV,TV App,False
5837,951,25,2025-03-03,108,0.8,Laptop,Android,False
5838,361,14,2025-04-11,117,0.9,Mobile,TV App,False
5839,107,20,2024-08-24,58,0.64,Mobile,Web,False
5840,298,3,2025-04-17,120,0.83,Smart TV,iOS,False
5841,1019,23,2025-03-03,107,0.98,Laptop,iOS,False
5842,109,1,2025-02-27,94,0.8,Mobile,iOS,True
5843,61,1,2025-01-25,114,0.97,Smart TV,Android,False
5844,178,14,2024-10-05,128,0.99,Smart TV,iOS,False
5845,354,11,2025-02-05,115,0.91,Smart TV,Web,False
5846,52,17,2025-02-08,54,0.64,Mobile,Web,False
5847,517,16,2024-12-21,52,0.54,Smart TV,TV App,False
5848,41,11,2025-04-10,81,0.64,Mobile,Android,False
5849,1029,21,2025-04-05,155,1.0,Mobile,TV App,False
5850,38,14,2024-09-04,126,0.97,Mobile,iOS,False
5851,537,6,2025-03-28,72,0.76,Mobile,iOS,False
5852,308,8,2025-03-28,38,0.44,Tablet,Android,False
5853,912,13,2025-04-20,93,0.67,Mobile,Android,True
5854,1200,6,2025-04-13,67,0.71,Mobile,Web,False
5855,13,11,2025-02-18,93,0.74,Smart TV,Android,False
5856,922,22,2025-04-08,74,0.62,Mobile,Android,False
5857,516,2,2024-11-10,38,0.29,Mobile,Web,True
5858,1072,11,2025-04-23,82,0.65,Mobile,iOS,False
5859,134,1,2025-03-21,118,1.0,Smart TV,iOS,False
5860,1052,14,2024-06-23,74,0.57,Mobile,Web,False
5861,336,23,2025-03-25,68,0.62,Mobile,iOS,False
5862,552,21,2025-04-01,105,0.68,Mobile,Web,False
5863,142,2,2024-11-26,95,0.72,Mobile,iOS,False
5864,279,21,2025-04-25,114,0.74,Smart TV,Android,True
5865,267,4,2025-02-23,86,0.8,Mobile,Android,False
5866,738,21,2025-04-02,120,0.78,Laptop,iOS,False
5867,131,9,2025-04-23,106,0.77,Smart TV,Android,False
5868,918,14,2024-10-21,89,0.69,Smart TV,iOS,False
5869,535,11,2025-03-28,73,0.58,Tablet,TV App,False
5870,64,23,2025-02-23,53,0.49,Smart TV,Web,False
5871,643,23,2025-02-26,95,0.87,Smart TV,iOS,False
5872,302,3,2025-03-25,105,0.73,Mobile,iOS,False
5873,417,14,2024-11-05,72,0.56,Laptop,Web,False
5874,919,10,2025-02-10,51,0.45,Smart TV,iOS,False
5875,868,6,2025-03-31,39,0.42,Laptop,TV App,True
5876,871,23,2025-03-31,85,0.78,Smart TV,Web,False
5877,264,11,2025-04-17,74,0.59,Smart TV,iOS,False
5878,874,12,2024-11-29,83,0.82,Laptop,iOS,False
5879,984,2,2024-10-27,99,0.75,Laptop,TV App,False
5880,658,10,2025-02-16,64,0.56,Laptop,Web,True
5881,1147,25,2024-12-31,90,0.67,Smart TV,TV App,False
5882,541,1,2025-03-19,112,0.95,Mobile,Web,True
5883,418,19,2025-04-18,72,0.58,Mobile,Android,False
5884,1142,24,2025-01-04,105,1.0,Mobile,Android,False
5885,336,9,2025-04-08,96,0.7,Smart TV,TV App,False
5886,247,4,2025-03-01,102,0.95,Laptop,Android,False
5887,542,10,2024-08-26,97,0.85,Mobile,Android,False
5888,165,2,2024-09-24,83,0.63,Laptop,Web,False
5889,825,12,2025-02-19,84,0.83,Mobile,Android,False
5890,145,9,2025-04-25,55,0.4,Smart TV,Android,False
5891,1084,1,2025-01-22,108,0.92,Laptop,Web,False
5892,202,1,2025-03-19,99,0.84,Mobile,Android,True
5893,778,16,2025-01-16,61,0.63,Smart TV,iOS,False
5894,458,11,2025-03-01,83,0.66,Mobile,TV App,False
5895,177,21,2025-04-05,130,0.84,Smart TV,TV App,False
5896,512,14,2025-01-07,92,0.71,Mobile,Web,False
5897,542,1,2025-04-13,110,0.94,Smart TV,Web,True
5898,826,5,2025-01-31,90,0.74,Smart TV,Android,False
5899,960,5,2024-09-14,80,0.66,Mobile,Web,False
5900,1017,1,2025-03-24,82,0.7,Tablet,Web,False
5901,470,24,2025-03-06,88,0.84,Mobile,Android,True
5902,395,10,2024-07-27,81,0.71,Mobile,Android,False
5903,319,25,2024-11-23,62,0.46,Mobile,TV App,False
5904,205,2,2024-11-28,101,0.77,Smart TV,iOS,False
5905,162,14,2025-01-03,63,0.49,Smart TV,Web,False
5906,605,22,2025-03-31,94,0.79,Mobile,TV App,False
5907,11,9,2025-04-11,100,0.73,Mobile,Android,True
5908,506,6,2025-04-07,55,0.58,Laptop,Web,False
5909,97,15,2025-03-28,116,0.98,Mobile,Android,False
5910,414,2,2024-12-01,87,0.66,Smart TV,Web,False
5911,254,19,2025-04-12,125,1.0,Smart TV,Android,False
5912,13,1,2025-04-14,93,0.79,Smart TV,iOS,False
5913,325,15,2025-04-28,79,0.67,Smart TV,iOS,False
5914,1117,10,2025-03-13,92,0.8,Laptop,Web,False
5915,936,12,2024-11-29,94,0.93,Smart TV,Android,False
5916,1144,21,2025-04-07,94,0.61,Smart TV,iOS,False
5917,234,9,2025-04-10,69,0.5,Smart TV,Web,False
5918,307,14,2025-01-16,93,0.72,Smart TV,iOS,True
5919,603,1,2025-03-21,88,0.75,Mobile,Web,False
5920,696,16,2025-01-01,68,0.7,Laptop,TV App,False
5921,107,24,2025-01-20,85,0.81,Mobile,TV App,False
5922,135,13,2025-03-22,75,0.54,Smart TV,Android,False
5923,719,9,2025-04-30,81,0.59,Tablet,Android,False
5924,983,19,2025-04-14,80,0.64,Laptop,TV App,False
5925,422,1,2025-04-23,100,0.85,Laptop,Web,False
5926,467,5,2024-11-28,92,0.76,Laptop,iOS,False
5927,973,22,2024-11-21,93,0.78,Smart TV,Web,False
5928,1160,15,2025-03-29,101,0.85,Smart TV,Android,False
5929,1043,23,2025-03-07,78,0.71,Tablet,Web,False
5930,20,4,2025-02-22,66,0.62,Smart TV,iOS,False
5931,837,2,2024-08-22,106,0.81,Smart TV,Web,False
5932,122,16,2025-02-12,49,0.5,Mobile,Web,False
5933,49,1,2025-02-22,112,0.95,Smart TV,iOS,False
5934,34,9,2025-04-13,138,1.0,Smart TV,Android,True
5935,640,14,2025-04-16,98,0.76,Laptop,iOS,False
5936,1016,9,2025-04-22,88,0.64,Mobile,TV App,False
5937,580,2,2024-09-26,113,0.86,Tablet,Android,False
5938,1091,1,2025-01-28,112,0.95,Mobile,TV App,False
5939,547,1,2025-02-20,113,0.96,Smart TV,Android,False
5940,521,15,2025-03-30,70,0.59,Smart TV,iOS,True
5941,257,12,2024-11-08,60,0.59,Laptop,Android,False
5942,1030,22,2024-11-23,76,0.64,Smart TV,Android,False
5943,337,24,2025-03-11,86,0.82,Laptop,iOS,False
5944,465,15,2025-03-26,77,0.65,Mobile,Android,False
5945,155,3,2025-01-21,123,0.85,Mobile,Web,True
5946,57,3,2025-04-05,117,0.81,Smart TV,iOS,False
5947,500,14,2024-11-01,88,0.68,Smart TV,iOS,False
5948,477,11,2025-02-03,66,0.52,Smart TV,iOS,False
5949,842,2,2024-10-14,48,0.37,Smart TV,iOS,False
5950,251,22,2024-12-28,79,0.66,Smart TV,iOS,True
5951,639,24,2025-04-23,87,0.83,Laptop,Android,True
5952,740,20,2024-09-04,30,0.33,Mobile,Android,False
5953,238,13,2025-03-25,127,0.91,Laptop,Android,False
5954,331,3,2025-04-02,76,0.53,Smart TV,Web,False
5955,627,10,2024-11-25,94,0.82,Mobile,iOS,False
5956,848,23,2025-03-19,81,0.74,Smart TV,Web,False
5957,1105,6,2025-04-16,43,0.46,Mobile,Web,False
5958,1078,6,2025-04-22,33,0.35,Mobile,Android,False
5959,1087,5,2025-01-17,54,0.45,Mobile,iOS,True
5960,366,5,2025-03-27,82,0.68,Smart TV,Android,False
5961,45,22,2024-11-23,55,0.46,Laptop,TV App,False
5962,1067,21,2025-04-27,155,1.0,Smart TV,iOS,False
5963,1154,22,2024-12-05,93,0.78,Mobile,TV App,False
5964,791,21,2025-04-09,77,0.5,Laptop,Web,False
5965,623,19,2025-04-28,82,0.66,Smart TV,Android,False
5966,787,22,2025-01-25,79,0.66,Smart TV,iOS,False
5967,99,20,2024-08-31,51,0.56,Mobile,iOS,False
5968,984,2,2024-12-20,93,0.71,Smart TV,iOS,False
5969,1042,1,2025-02-23,86,0.73,Smart TV,Web,False
5970,496,2,2024-11-29,110,0.84,Laptop,Android,False
5971,676,4,2025-02-18,86,0.8,Mobile,Android,False
5972,832,15,2025-03-30,119,1.0,Smart TV,TV App,True
5973,240,23,2025-02-20,72,0.66,Mobile,Web,False
5974,835,13,2025-03-30,77,0.55,Smart TV,TV App,False
5975,960,8,2025-03-23,41,0.47,Mobile,iOS,False
5976,430,11,2025-02-27,105,0.83,Desktop,iOS,True
5977,475,5,2025-01-10,37,0.31,Laptop,Web,True
5978,201,5,2024-10-14,101,0.83,Smart TV,iOS,False
5979,716,19,2025-04-16,125,1.0,Smart TV,Android,False
5980,30,24,2025-02-06,78,0.75,Mobile,Web,False
5981,839,2,2024-12-23,87,0.66,Smart TV,iOS,False
5982,664,4,2025-03-29,75,0.7,Desktop,Web,False
5983,1179,21,2025-04-10,130,0.84,Desktop,Web,False
5984,931,13,2025-03-18,67,0.48,Smart TV,Android,False
5985,346,21,2025-04-01,114,0.74,Mobile,Web,False
5986,736,5,2024-11-15,90,0.74,Mobile,iOS,False
5987,714,12,2025-04-10,64,0.63,Smart TV,Web,False
5988,666,11,2025-02-08,105,0.83,Laptop,TV App,False
5989,698,5,2025-04-06,100,0.82,Tablet,iOS,False
5990,614,16,2025-04-03,66,0.68,Laptop,Web,False
5991,1157,25,2024-10-19,102,0.76,Smart TV,Android,True
5992,140,13,2025-04-26,88,0.63,Smart TV,iOS,True
5993,960,10,2025-01-16,74,0.65,Smart TV,Android,False
5994,333,18,2025-02-01,103,0.73,Mobile,TV App,True
5995,273,13,2025-03-30,95,0.68,Mobile,Android,False
5996,1096,25,2025-01-18,76,0.57,Smart TV,iOS,False
5997,665,9,2025-04-05,91,0.66,Mobile,Android,False
5998,775,1,2025-03-20,93,0.79,Smart TV,Web,False
5999,1010,1,2025-03-08,89,0.76,Smart TV,iOS,False
6000,598,12,2024-11-17,87,0.86,Mobile,Web,False
6001,909,2,2024-12-25,66,0.5,Smart TV,Android,False
6002,717,23,2025-04-06,58,0.53,Laptop,Android,False
6003,580,11,2025-02-03,116,0.92,Mobile,iOS,False
6004,1110,4,2025-04-22,63,0.59,Mobile,Android,False
6005,722,21,2025-04-24,114,0.74,Mobile,Android,False
6006,514,22,2024-11-02,90,0.75,Smart TV,iOS,True
6007,1088,9,2025-04-28,77,0.56,Desktop,iOS,False
6008,1179,1,2025-04-17,107,0.91,Smart TV,Android,False
6009,66,13,2025-04-15,93,0.67,Mobile,iOS,False
6010,1034,21,2025-04-22,142,0.92,Mobile,Web,True
6011,352,2,2024-10-31,118,0.9,Smart TV,Web,False
6012,654,8,2025-03-20,37,0.43,Smart TV,TV App,False
6013,1197,19,2025-04-19,113,0.91,Tablet,iOS,False
6014,715,4,2025-04-08,69,0.64,Smart TV,iOS,False
6015,892,1,2025-01-21,101,0.86,Mobile,Android,False
6016,441,12,2025-03-02,76,0.75,Smart TV,iOS,False
6017,1190,11,2025-04-30,127,1.0,Smart TV,TV App,True
6018,532,19,2025-04-25,85,0.68,Tablet,Android,False
6019,995,19,2025-04-18,90,0.72,Laptop,Web,False
6020,1080,4,2025-04-06,58,0.54,Smart TV,iOS,False
6021,738,11,2025-03-01,114,0.9,Smart TV,iOS,False
6022,1034,1,2025-01-29,118,1.0,Smart TV,iOS,False
6023,139,13,2025-03-24,86,0.62,Mobile,TV App,False
6024,289,21,2025-04-23,114,0.74,Laptop,Web,False
6025,924,9,2025-04-12,97,0.71,Desktop,iOS,False
6026,997,25,2025-02-25,135,1.0,Smart TV,TV App,False
6027,17,4,2025-02-25,106,0.99,Mobile,iOS,True
6028,41,9,2025-04-17,99,0.72,Mobile,Android,False
6029,721,2,2025-04-05,73,0.56,Tablet,iOS,False
6030,504,15,2025-04-29,101,0.85,Laptop,Android,True
6031,1149,14,2024-06-14,98,0.76,Smart TV,TV App,False
6032,1103,2,2024-12-06,124,0.94,Laptop,Android,False
6033,1015,18,2025-02-20,105,0.74,Smart TV,iOS,False
6034,990,1,2025-01-28,63,0.54,Smart TV,Web,False
6035,432,10,2024-08-10,115,1.0,Mobile,Web,False
6036,405,4,2025-03-27,76,0.71,Mobile,iOS,False
6037,663,1,2025-02-03,113,0.96,Smart TV,iOS,False
6038,540,1,2025-03-19,118,1.0,Smart TV,iOS,True
6039,369,24,2025-01-20,61,0.59,Mobile,Web,False
6040,764,9,2025-04-24,107,0.78,Mobile,Android,False
6041,677,23,2025-03-02,62,0.57,Laptop,Web,False
6042,86,7,2025-02-07,22,0.25,Mobile,Web,False
6043,593,18,2024-11-25,85,0.6,Smart TV,Web,True
6044,869,22,2025-01-19,98,0.82,Laptop,Android,False
6045,904,22,2024-12-19,97,0.81,Mobile,Android,False
6046,907,22,2024-12-18,102,0.85,Tablet,Web,False
6047,1014,5,2025-02-05,98,0.81,Mobile,Android,False
6048,393,6,2025-03-12,58,0.62,Laptop,Web,False
6049,1093,9,2025-04-22,124,0.9,Smart TV,Web,False
6050,627,11,2025-02-08,82,0.65,Smart TV,iOS,True
6051,672,2,2025-02-09,92,0.7,Tablet,iOS,True
6052,602,16,2025-01-13,76,0.78,Smart TV,iOS,False
6053,752,11,2025-03-04,96,0.76,Smart TV,iOS,False
6054,1186,14,2024-08-07,61,0.47,Smart TV,iOS,False
6055,715,22,2025-02-28,76,0.64,Smart TV,TV App,False
6056,771,1,2025-01-17,113,0.96,Smart TV,iOS,False
6057,941,18,2024-11-16,112,0.79,Smart TV,Web,False
6058,196,4,2025-04-05,88,0.82,Mobile,TV App,False
6059,982,15,2025-04-22,74,0.63,Mobile,Android,False
6060,42,19,2025-04-22,116,0.93,Smart TV,TV App,False
6061,141,1,2025-02-20,118,1.0,Smart TV,Web,False
6062,40,3,2024-12-14,129,0.89,Tablet,Web,False
6063,625,17,2025-04-15,77,0.91,Smart TV,Android,False
6064,168,19,2025-04-23,125,1.0,Mobile,iOS,True
6065,965,5,2025-01-09,52,0.43,Mobile,iOS,False
6066,473,15,2025-03-28,107,0.9,Smart TV,iOS,False
6067,834,13,2025-03-28,114,0.82,Smart TV,TV App,False
6068,601,8,2025-03-20,64,0.73,Desktop,iOS,False
6069,885,6,2025-04-16,51,0.54,Laptop,Android,False
6070,1039,10,2024-12-08,89,0.78,Mobile,iOS,False
6071,582,6,2025-03-13,72,0.76,Mobile,iOS,False
6072,51,1,2025-01-19,106,0.9,Smart TV,iOS,False
6073,27,18,2025-03-20,96,0.68,Mobile,iOS,False
6074,199,19,2025-04-27,118,0.95,Mobile,Android,False
6075,1063,19,2025-04-14,106,0.85,Smart TV,Android,False
6076,211,3,2024-11-25,98,0.68,Laptop,iOS,False
6077,152,23,2025-03-19,99,0.9,Laptop,iOS,False
6078,582,5,2025-04-18,87,0.72,Mobile,Web,False
6079,219,19,2025-04-26,87,0.7,Desktop,Web,False
6080,451,4,2025-04-02,93,0.87,Desktop,iOS,False
6081,955,4,2025-03-17,68,0.63,Tablet,iOS,False
6082,1078,20,2024-08-21,44,0.48,Mobile,Android,False
6083,41,10,2025-01-27,71,0.62,Smart TV,Web,False
6084,308,15,2025-03-17,49,0.42,Smart TV,Web,False
6085,483,11,2025-03-26,73,0.58,Mobile,Web,False
6086,643,25,2024-08-09,125,0.93,Laptop,TV App,False
6087,719,21,2025-04-04,155,1.0,Tablet,Web,False
6088,571,12,2025-02-28,55,0.54,Tablet,Android,False
6089,262,22,2024-12-06,100,0.84,Desktop,iOS,False
6090,1120,20,2024-10-14,53,0.58,Laptop,Web,False
6091,993,16,2024-11-09,52,0.54,Smart TV,TV App,False
6092,458,4,2025-02-17,89,0.83,Laptop,Android,False
6093,319,23,2025-03-22,59,0.54,Smart TV,TV App,True
6094,806,7,2024-12-24,27,0.3,Mobile,iOS,False
6095,137,11,2025-02-11,100,0.79,Mobile,Android,False
6096,557,19,2025-04-17,111,0.89,Mobile,Android,False
6097,1178,13,2025-03-29,100,0.72,Tablet,iOS,False
6098,66,11,2025-04-09,83,0.66,Laptop,Android,False
6099,1083,5,2025-03-11,86,0.71,Desktop,iOS,False
6100,472,2,2025-01-26,87,0.66,Smart TV,Android,False
6101,460,9,2025-04-19,110,0.8,Mobile,Android,False
6102,564,17,2025-02-13,62,0.73,Smart TV,iOS,False
6103,919,13,2025-04-15,120,0.86,Tablet,iOS,False
6104,796,22,2024-11-24,92,0.77,Desktop,Android,False
6105,300,25,2025-03-24,109,0.81,Smart TV,iOS,True
6106,42,20,2024-10-08,23,0.26,Tablet,TV App,False
6107,649,9,2025-04-18,113,0.82,Smart TV,Web,True
6108,568,1,2025-03-03,118,1.0,Smart TV,Android,False
6109,469,1,2025-01-30,112,0.95,Smart TV,iOS,False
6110,1176,4,2025-04-07,86,0.8,Smart TV,TV App,False
6111,242,2,2025-02-24,102,0.78,Smart TV,Android,False
6112,784,7,2025-02-05,35,0.39,Smart TV,Android,False
6113,22,5,2024-11-21,71,0.59,Laptop,Android,False
6114,577,22,2025-02-18,96,0.8,Mobile,iOS,False
6115,447,9,2025-04-09,117,0.85,Smart TV,Web,True
6116,912,10,2024-12-02,80,0.7,Laptop,Web,False
6117,416,18,2025-01-10,96,0.68,Mobile,Web,True
6118,772,2,2025-03-27,89,0.68,Smart TV,TV App,False
6119,1070,11,2025-04-25,105,0.83,Mobile,Web,True
6120,466,23,2025-04-15,95,0.87,Mobile,TV App,True
6121,289,10,2024-11-16,74,0.65,Tablet,iOS,False
6122,1109,25,2024-10-28,132,0.98,Smart TV,Web,False
6123,618,4,2025-04-21,72,0.67,Laptop,Android,False
6124,7,15,2025-04-06,77,0.65,Mobile,TV App,False
6125,1088,4,2025-03-19,93,0.87,Mobile,Web,False
6126,272,11,2025-03-27,107,0.85,Laptop,TV App,False
6127,64,16,2024-12-12,67,0.69,Desktop,TV App,False
6128,1182,18,2025-02-22,105,0.74,Mobile,Web,False
6129,644,3,2025-01-08,91,0.63,Mobile,Web,False
6130,1184,15,2025-03-31,53,0.45,Mobile,Android,True
6131,814,25,2025-02-27,70,0.52,Tablet,Web,False
6132,361,7,2025-01-06,35,0.39,Laptop,iOS,False
6133,49,1,2025-03-14,88,0.75,Smart TV,TV App,False
6134,708,4,2025-02-16,83,0.77,Smart TV,Android,False
6135,480,15,2025-04-10,90,0.76,Mobile,Android,True
6136,36,13,2025-04-17,95,0.68,Smart TV,iOS,False
6137,366,13,2025-03-23,119,0.85,Laptop,iOS,False
6138,341,2,2024-11-20,110,0.84,Laptop,iOS,True
6139,522,11,2025-04-24,106,0.84,Tablet,Web,False
6140,994,9,2025-04-25,122,0.89,Smart TV,iOS,False
6141,257,14,2024-07-05,113,0.87,Mobile,TV App,False
6142,1077,1,2025-02-09,118,1.0,Tablet,TV App,False
6143,218,21,2025-04-13,119,0.77,Mobile,iOS,False
6144,34,25,2024-08-24,108,0.8,Desktop,iOS,False
6145,41,13,2025-04-04,127,0.91,Laptop,Web,False
6146,825,25,2024-10-28,91,0.68,Smart TV,Web,False
6147,1031,6,2025-04-25,4,0.05,Mobile,TV App,False
6148,900,19,2025-04-24,113,0.91,Smart TV,iOS,False
6149,285,18,2024-10-14,103,0.73,Smart TV,Android,False
6150,1052,3,2024-12-30,105,0.73,Smart TV,Web,False
6151,915,2,2025-01-04,108,0.82,Tablet,Web,False
6152,728,24,2025-02-04,105,1.0,Tablet,TV App,False
6153,912,9,2025-04-21,128,0.93,Laptop,Android,False
6154,730,20,2024-08-27,46,0.51,Laptop,Web,False
6155,828,23,2025-03-10,83,0.76,Mobile,Android,False
6156,381,16,2025-02-25,60,0.62,Mobile,Web,False
6157,684,10,2024-10-02,77,0.67,Smart TV,Web,True
6158,130,19,2025-04-12,86,0.69,Mobile,TV App,False
6159,642,21,2025-03-27,96,0.62,Mobile,TV App,False
6160,584,4,2025-03-15,74,0.69,Mobile,iOS,False
6161,598,9,2025-04-26,84,0.61,Smart TV,Android,False
6162,571,19,2025-04-18,117,0.94,Mobile,Android,False
6163,928,6,2025-04-06,68,0.72,Tablet,Web,False
6164,360,4,2025-04-23,70,0.65,Laptop,iOS,False
6165,1040,1,2025-01-25,118,1.0,Smart TV,iOS,False
6166,310,9,2025-04-23,138,1.0,Smart TV,Android,False
6167,1130,14,2024-12-16,54,0.42,Mobile,iOS,False
6168,1102,3,2025-04-24,87,0.6,Smart TV,Web,False
6169,815,6,2025-03-07,57,0.6,Desktop,iOS,False
6170,1109,18,2024-10-20,95,0.67,Laptop,iOS,False
6171,43,20,2024-08-22,31,0.34,Mobile,iOS,False
6172,1078,19,2025-04-17,103,0.83,Desktop,Web,False
6173,1092,6,2025-04-06,52,0.55,Smart TV,iOS,False
6174,661,18,2024-11-30,110,0.78,Laptop,Android,False
6175,1199,5,2025-03-13,87,0.72,Smart TV,Android,False
6176,278,18,2025-04-13,142,1.0,Smart TV,iOS,True
6177,1029,11,2025-02-12,74,0.59,Tablet,Android,False
6178,689,6,2025-04-12,54,0.57,Mobile,Web,False
6179,449,21,2025-04-12,153,0.99,Laptop,Android,False
6180,914,15,2025-03-09,95,0.8,Mobile,iOS,False
6181,996,9,2025-04-14,84,0.61,Laptop,Web,False
6182,990,4,2025-03-02,81,0.75,Smart TV,Web,False
6183,1166,1,2025-04-28,110,0.94,Mobile,Android,False
6184,332,12,2025-03-29,76,0.75,Smart TV,Android,False
6185,61,20,2024-08-23,27,0.3,Smart TV,iOS,False
6186,376,25,2024-12-27,105,0.78,Desktop,Android,True
6187,624,11,2025-04-24,123,0.97,Desktop,Web,False
6188,578,5,2025-01-10,76,0.63,Tablet,Android,False
6189,828,24,2025-04-07,81,0.78,Smart TV,TV App,False
6190,1136,15,2025-03-06,107,0.9,Smart TV,iOS,False
6191,345,10,2024-08-06,59,0.52,Smart TV,iOS,True
6192,914,4,2025-04-09,65,0.61,Mobile,iOS,False
6193,936,4,2025-03-11,79,0.74,Mobile,TV App,False
6194,817,1,2025-04-09,107,0.91,Smart TV,Web,False
6195,644,23,2025-03-21,46,0.42,Laptop,Web,True
6196,480,13,2025-04-01,74,0.53,Smart TV,TV App,False
6197,17,2,2024-11-24,67,0.51,Smart TV,TV App,False
6198,63,21,2025-03-31,94,0.61,Smart TV,Android,False
6199,301,2,2024-09-13,104,0.79,Desktop,iOS,False
6200,594,9,2025-04-17,103,0.75,Smart TV,Web,False
6201,982,22,2025-02-26,92,0.77,Mobile,Android,False
6202,527,14,2024-08-26,53,0.41,Mobile,iOS,False
6203,813,19,2025-04-25,97,0.78,Mobile,Android,False
6204,659,14,2025-03-10,74,0.57,Laptop,Web,False
6205,801,1,2025-03-30,96,0.82,Tablet,Android,False
6206,656,21,2025-04-29,94,0.61,Laptop,Android,False
6207,558,22,2025-02-24,84,0.7,Smart TV,iOS,True
6208,341,13,2025-04-15,106,0.76,Smart TV,iOS,False
6209,1027,1,2025-03-20,84,0.72,Mobile,TV App,False
6210,151,23,2025-04-07,66,0.6,Mobile,iOS,False
6211,634,13,2025-04-18,103,0.74,Laptop,Android,False
6212,895,24,2025-04-23,59,0.57,Smart TV,iOS,True
6213,440,19,2025-04-15,70,0.56,Tablet,Web,True
6214,529,13,2025-04-20,114,0.82,Smart TV,Android,False
6215,452,13,2025-03-25,71,0.51,Smart TV,Web,False
6216,897,4,2025-03-16,88,0.82,Mobile,iOS,False
6217,544,5,2024-09-15,68,0.56,Laptop,iOS,False
6218,239,7,2024-12-26,44,0.49,Mobile,Android,False
6219,1183,9,2025-04-09,114,0.83,Smart TV,TV App,False
6220,796,10,2024-11-14,71,0.62,Mobile,TV App,False
6221,255,15,2025-03-26,90,0.76,Mobile,Web,False
6222,518,3,2025-02-20,108,0.75,Smart TV,Android,False
6223,1057,19,2025-04-26,76,0.61,Mobile,TV App,True
6224,208,14,2024-11-01,97,0.75,Mobile,iOS,False
6225,280,8,2025-03-14,51,0.59,Mobile,Android,False
6226,785,10,2024-10-21,92,0.8,Laptop,iOS,True
6227,562,24,2025-02-14,81,0.78,Mobile,TV App,False
6228,955,24,2025-03-11,57,0.55,Smart TV,Web,False
6229,42,25,2024-07-24,122,0.91,Smart TV,Android,False
6230,723,10,2024-08-22,80,0.7,Laptop,Android,False
6231,918,4,2025-02-15,90,0.84,Desktop,Android,False
6232,884,19,2025-04-12,73,0.59,Desktop,iOS,False
6233,328,19,2025-04-28,81,0.65,Laptop,Android,False
6234,985,4,2025-02-18,101,0.94,Tablet,Web,True
6235,634,17,2025-01-17,62,0.73,Mobile,iOS,False
6236,684,4,2025-03-14,108,1.0,Mobile,Web,False
6237,385,13,2025-04-22,85,0.61,Tablet,TV App,False
6238,237,18,2025-04-09,119,0.84,Smart TV,Android,False
6239,298,18,2025-03-22,86,0.61,Mobile,iOS,False
6240,71,14,2024-07-17,72,0.56,Smart TV,Web,True
6241,935,1,2025-04-08,100,0.85,Mobile,iOS,True
6242,1057,18,2025-01-30,134,0.95,Tablet,Web,True
6243,958,25,2025-02-09,125,0.93,Tablet,iOS,False
6244,172,17,2025-04-13,63,0.75,Laptop,Android,False
6245,308,16,2025-01-12,63,0.65,Mobile,Web,False
6246,103,7,2025-01-27,44,0.49,Mobile,TV App,False
6247,285,25,2024-11-18,93,0.69,Laptop,iOS,False
6248,276,25,2024-09-22,87,0.65,Laptop,Android,False
6249,980,3,2025-04-13,117,0.81,Laptop,TV App,False
6250,704,13,2025-04-10,100,0.72,Smart TV,Android,False
6251,292,6,2025-03-10,50,0.53,Tablet,iOS,False
6252,949,2,2024-11-06,67,0.51,Smart TV,iOS,False
6253,595,7,2025-01-05,26,0.29,Mobile,Web,False
6254,307,5,2024-11-05,101,0.83,Smart TV,TV App,False
6255,955,25,2024-11-12,102,0.76,Mobile,iOS,False
6256,583,1,2025-04-11,99,0.84,Smart TV,Web,False
6257,506,4,2025-02-22,61,0.57,Mobile,Web,True
6258,506,1,2025-04-29,88,0.75,Smart TV,Android,False
6259,1001,12,2025-02-11,88,0.87,Tablet,Web,True
6260,490,18,2024-11-25,124,0.88,Smart TV,TV App,False
6261,997,11,2025-04-18,77,0.61,Smart TV,Web,False
6262,448,7,2025-01-23,33,0.37,Laptop,Android,False
6263,832,24,2025-01-02,95,0.91,Smart TV,Web,True
6264,853,14,2024-09-19,96,0.74,Laptop,Web,True
6265,180,22,2025-01-28,57,0.48,Smart TV,Android,False
6266,587,17,2025-04-15,77,0.91,Mobile,TV App,True
6267,970,24,2025-01-21,60,0.58,Desktop,iOS,False
6268,1182,12,2025-04-30,87,0.86,Smart TV,Web,False
6269,62,1,2025-04-22,83,0.71,Tablet,Android,False
6270,42,17,2025-01-21,65,0.77,Smart TV,TV App,False
6271,106,2,2024-10-01,95,0.72,Laptop,TV App,True
6272,13,23,2025-04-11,99,0.9,Laptop,iOS,False
6273,887,9,2025-04-26,67,0.49,Smart TV,TV App,False
6274,318,3,2025-01-31,124,0.86,Smart TV,Web,False
6275,357,15,2025-03-14,91,0.77,Mobile,iOS,True
6276,942,13,2025-03-22,99,0.71,Tablet,iOS,False
6277,77,19,2025-04-28,80,0.64,Mobile,Android,False
6278,1065,14,2024-07-05,96,0.74,Smart TV,Web,False
6279,728,10,2024-11-25,94,0.82,Smart TV,iOS,False
6280,1199,25,2025-03-24,102,0.76,Smart TV,Web,True
6281,660,13,2025-04-04,102,0.73,Smart TV,iOS,True
6282,991,24,2025-03-14,55,0.53,Smart TV,Android,False
6283,287,3,2024-11-27,85,0.59,Smart TV,Android,False
6284,52,3,2025-04-09,131,0.91,Mobile,Android,False
6285,643,25,2025-01-20,135,1.0,Mobile,TV App,False
6286,1073,1,2025-01-24,103,0.88,Laptop,TV App,False
6287,166,11,2025-04-27,49,0.39,Laptop,Android,False
6288,912,14,2025-03-12,84,0.65,Laptop,Android,True
6289,1194,1,2025-03-14,102,0.87,Mobile,TV App,False
6290,409,13,2025-04-16,85,0.61,Mobile,iOS,False
6291,457,9,2025-04-14,84,0.61,Smart TV,Web,False
6292,540,5,2024-10-31,122,1.0,Smart TV,iOS,False
6293,612,15,2025-03-19,86,0.73,Laptop,Android,False
6294,172,25,2024-12-01,68,0.51,Tablet,TV App,False
6295,779,20,2024-09-16,48,0.53,Laptop,TV App,False
6296,604,15,2025-03-24,86,0.73,Mobile,iOS,False
6297,960,8,2025-02-03,35,0.4,Desktop,Web,True
6298,775,21,2025-04-25,79,0.51,Smart TV,TV App,False
6299,1177,16,2024-11-19,51,0.53,Tablet,iOS,False
6300,896,1,2025-04-04,79,0.67,Laptop,Web,False
6301,872,1,2025-03-11,106,0.9,Laptop,Android,False
6302,826,9,2025-04-06,121,0.88,Smart TV,Android,True
6303,88,12,2025-04-03,68,0.67,Mobile,TV App,False
6304,465,13,2025-04-25,77,0.55,Tablet,iOS,False
6305,1043,11,2025-04-17,93,0.74,Tablet,iOS,False
6306,949,15,2025-04-18,84,0.71,Smart TV,Web,False
6307,263,15,2025-04-22,52,0.44,Tablet,Android,True
6308,1081,22,2025-02-28,81,0.68,Mobile,Android,False
6309,793,19,2025-04-25,57,0.46,Laptop,TV App,True
6310,295,10,2024-12-21,73,0.64,Smart TV,Android,False
6311,692,19,2025-04-19,106,0.85,Smart TV,iOS,False
6312,57,10,2025-01-02,90,0.79,Smart TV,Web,True
6313,230,19,2025-04-17,102,0.82,Desktop,TV App,False
6314,132,7,2025-01-24,65,0.73,Smart TV,Android,False
6315,223,19,2025-04-16,95,0.76,Smart TV,Android,False
6316,368,5,2024-12-15,119,0.98,Mobile,TV App,False
6317,981,22,2024-12-12,114,0.95,Smart TV,Android,False
6318,409,1,2025-01-31,95,0.81,Smart TV,Web,False
6319,149,9,2025-04-14,99,0.72,Tablet,iOS,False
6320,549,25,2025-03-19,93,0.69,Smart TV,iOS,False
6321,611,11,2025-04-30,91,0.72,Mobile,Web,False
6322,111,2,2025-02-03,72,0.55,Mobile,Web,False
6323,530,16,2024-11-19,81,0.83,Smart TV,iOS,False
6324,689,13,2025-04-02,106,0.76,Mobile,iOS,True
6325,1175,15,2025-03-13,99,0.84,Laptop,Web,True
6326,696,22,2025-04-02,82,0.69,Laptop,iOS,False
6327,842,2,2024-11-23,129,0.98,Mobile,TV App,True
6328,95,9,2025-04-17,107,0.78,Mobile,iOS,True
6329,164,13,2025-04-26,91,0.65,Laptop,iOS,False
6330,518,18,2024-10-12,106,0.75,Smart TV,iOS,False
6331,1182,24,2025-02-05,90,0.86,Smart TV,Web,False
6332,1116,13,2025-04-29,65,0.47,Laptop,Android,False
6333,176,15,2025-04-23,74,0.63,Smart TV,Android,False
6334,229,13,2025-04-15,60,0.43,Laptop,Web,False
6335,575,3,2025-04-30,69,0.48,Tablet,Web,False
6336,902,12,2025-02-07,61,0.6,Laptop,iOS,False
6337,879,3,2025-04-02,145,1.0,Tablet,iOS,False
6338,145,23,2025-02-18,72,0.66,Laptop,Android,False
6339,297,15,2025-04-19,89,0.75,Mobile,TV App,False
6340,467,3,2025-03-02,102,0.71,Smart TV,iOS,True
6341,598,22,2024-11-22,88,0.74,Smart TV,Android,False
6342,1085,17,2025-02-17,56,0.67,Tablet,iOS,False
6343,1070,25,2025-01-07,98,0.73,Smart TV,Web,False
6344,441,13,2025-04-27,96,0.69,Desktop,TV App,False
6345,549,9,2025-04-30,104,0.76,Laptop,iOS,False
6346,393,25,2024-09-17,83,0.62,Tablet,iOS,False
6347,980,23,2025-04-28,107,0.98,Desktop,Web,True
6348,479,1,2025-01-25,87,0.74,Mobile,Web,False
6349,827,11,2025-02-23,93,0.74,Tablet,Android,False
6350,696,13,2025-03-18,105,0.75,Mobile,iOS,False
6351,804,1,2025-04-27,115,0.98,Mobile,Web,False
6352,444,20,2024-09-05,37,0.41,Mobile,iOS,False
6353,254,19,2025-04-22,100,0.8,Smart TV,iOS,False
6354,401,11,2025-02-12,53,0.42,Tablet,iOS,False
6355,452,3,2024-12-08,145,1.0,Smart TV,TV App,False
6356,533,1,2025-02-22,107,0.91,Mobile,iOS,False
6357,1167,4,2025-02-26,75,0.7,Mobile,iOS,False
6358,786,16,2024-11-30,86,0.88,Laptop,iOS,False
6359,1049,2,2024-12-01,96,0.73,Smart TV,iOS,False
6360,182,19,2025-04-29,90,0.72,Mobile,TV App,False
6361,567,13,2025-04-09,68,0.49,Smart TV,iOS,False
6362,802,13,2025-04-16,86,0.62,Smart TV,Web,True
6363,1131,5,2024-10-04,67,0.55,Laptop,Android,False
6364,110,16,2024-12-18,66,0.68,Mobile,Web,False
6365,1099,15,2025-03-05,119,1.0,Smart TV,Android,False
6366,356,6,2025-03-19,28,0.3,Mobile,iOS,False
6367,414,12,2024-12-12,81,0.8,Mobile,Android,False
6368,1187,13,2025-03-29,123,0.88,Mobile,iOS,False
6369,1043,22,2024-11-18,120,1.0,Mobile,Web,False
6370,591,3,2024-12-14,139,0.96,Smart TV,iOS,False
6371,121,6,2025-04-29,41,0.44,Smart TV,TV App,False
6372,1065,5,2024-11-03,122,1.0,Mobile,TV App,False
6373,747,4,2025-04-15,79,0.74,Smart TV,iOS,False
6374,853,25,2024-11-14,103,0.77,Smart TV,Android,False
6375,147,25,2024-08-08,133,0.99,Smart TV,iOS,True
6376,979,6,2025-04-15,48,0.51,Mobile,iOS,False
6377,210,1,2025-04-08,107,0.91,Mobile,Android,False
6378,1154,19,2025-04-28,98,0.79,Mobile,TV App,True
6379,528,19,2025-04-13,76,0.61,Mobile,TV App,False
6380,264,1,2025-02-03,116,0.99,Tablet,TV App,True
6381,601,11,2025-02-20,74,0.59,Smart TV,Android,True
6382,1020,15,2025-04-23,103,0.87,Laptop,Web,False
6383,587,10,2025-03-29,65,0.57,Laptop,Web,False
6384,328,5,2025-02-05,93,0.77,Smart TV,TV App,False
6385,384,18,2025-04-04,116,0.82,Laptop,Android,False
6386,102,2,2025-02-22,108,0.82,Laptop,TV App,False
6387,793,7,2024-12-16,59,0.66,Laptop,Android,False
6388,1200,21,2025-04-21,155,1.0,Mobile,TV App,False
6389,182,25,2024-09-11,110,0.82,Smart TV,TV App,False
6390,1058,2,2024-11-25,64,0.49,Smart TV,TV App,False
6391,341,23,2025-03-19,77,0.7,Mobile,iOS,False
6392,490,13,2025-04-04,91,0.65,Mobile,Web,False
6393,561,5,2025-02-15,62,0.51,Smart TV,Web,False
6394,822,10,2024-09-08,109,0.95,Tablet,Android,False
6395,138,22,2025-02-16,73,0.61,Tablet,iOS,False
6396,884,10,2025-02-01,93,0.81,Desktop,Android,False
6397,602,13,2025-04-06,82,0.59,Smart TV,iOS,False
6398,559,8,2025-03-25,31,0.36,Smart TV,Web,False
6399,456,2,2025-02-02,79,0.6,Desktop,Web,False
6400,958,13,2025-04-03,140,1.0,Tablet,iOS,False
6401,761,19,2025-04-14,85,0.68,Mobile,Web,False
6402,163,20,2024-09-16,22,0.24,Mobile,Android,False
6403,116,15,2025-03-05,45,0.38,Smart TV,Web,False
6404,959,21,2025-04-13,120,0.78,Laptop,iOS,True
6405,701,13,2025-04-08,127,0.91,Mobile,iOS,False
6406,891,4,2025-03-09,74,0.69,Desktop,TV App,False
6407,290,1,2025-01-17,114,0.97,Smart TV,iOS,False
6408,285,24,2025-04-16,66,0.63,Tablet,TV App,False
6409,821,1,2025-03-05,100,0.85,Smart TV,TV App,True
6410,225,22,2025-03-26,105,0.88,Mobile,iOS,False
6411,1066,3,2025-03-09,110,0.76,Desktop,TV App,False
6412,773,10,2024-08-10,105,0.92,Smart TV,Web,False
6413,630,5,2024-12-17,89,0.73,Laptop,Android,False
6414,572,21,2025-03-31,99,0.64,Laptop,iOS,False
6415,587,1,2025-04-18,89,0.76,Mobile,iOS,True
6416,215,24,2025-01-13,82,0.79,Tablet,Web,False
6417,311,12,2025-04-23,75,0.74,Mobile,Android,False
6418,1140,13,2025-04-20,140,1.0,Tablet,Android,False
6419,797,2,2024-09-08,116,0.88,Mobile,Android,False
6420,1024,15,2025-04-02,98,0.83,Laptop,Android,False
6421,790,20,2024-08-20,57,0.62,Mobile,Android,True
6422,703,2,2024-11-01,104,0.79,Laptop,Web,False
6423,152,13,2025-04-08,100,0.72,Laptop,TV App,False
6424,839,9,2025-04-09,57,0.42,Mobile,Web,True
6425,920,5,2024-09-13,84,0.69,Laptop,Web,True
6426,385,5,2025-04-26,74,0.61,Smart TV,Web,False
6427,758,15,2025-03-08,97,0.82,Laptop,Android,False
6428,933,25,2024-11-30,122,0.91,Laptop,Web,False
6429,1138,2,2025-02-15,95,0.72,Laptop,iOS,False
6430,238,13,2025-04-25,130,0.93,Mobile,TV App,False
6431,134,12,2024-10-17,77,0.76,Laptop,Android,False
6432,1059,25,2024-08-09,87,0.65,Laptop,Web,False
6433,551,9,2025-04-30,129,0.94,Laptop,iOS,False
6434,326,5,2024-11-05,90,0.74,Mobile,iOS,False
6435,333,22,2025-04-19,74,0.62,Laptop,Android,False
6436,930,23,2025-02-17,108,0.99,Mobile,iOS,False
6437,1053,24,2025-04-06,56,0.54,Tablet,iOS,False
6438,1043,11,2025-03-08,109,0.86,Smart TV,Android,True
6439,878,5,2025-01-16,106,0.87,Mobile,Android,False
6440,878,1,2025-02-16,102,0.87,Mobile,Android,False
6441,42,19,2025-04-25,81,0.65,Laptop,iOS,False
6442,1162,15,2025-03-14,65,0.55,Mobile,Web,False
6443,312,24,2025-03-29,61,0.59,Laptop,Web,True
6444,134,9,2025-04-06,124,0.9,Mobile,Web,False
6445,218,18,2024-12-06,102,0.72,Desktop,iOS,False
6446,807,1,2025-01-18,101,0.86,Desktop,Android,False
6447,433,21,2025-04-17,83,0.54,Tablet,Android,False
6448,448,10,2024-08-03,90,0.79,Smart TV,TV App,False
6449,522,18,2024-10-28,89,0.63,Mobile,TV App,False
6450,824,8,2025-01-29,59,0.68,Laptop,iOS,False
6451,661,22,2024-11-26,88,0.74,Laptop,Android,False
6452,1149,9,2025-04-20,63,0.46,Tablet,iOS,False
6453,371,25,2024-09-18,135,1.0,Smart TV,iOS,True
6454,754,1,2025-03-16,100,0.85,Smart TV,iOS,False
6455,818,20,2024-08-31,55,0.6,Mobile,Web,False
6456,105,4,2025-04-27,81,0.75,Smart TV,iOS,False
6457,548,3,2025-01-05,107,0.74,Smart TV,Android,False
6458,183,21,2025-03-30,125,0.81,Smart TV,Android,False
6459,370,13,2025-04-16,67,0.48,Mobile,Android,False
6460,210,23,2025-04-26,90,0.82,Smart TV,Web,True
6461,1111,11,2025-04-21,92,0.73,Smart TV,iOS,True
6462,1195,3,2025-02-19,107,0.74,Mobile,iOS,True
6463,718,8,2025-02-21,56,0.64,Desktop,Web,False
6464,230,10,2025-03-28,72,0.63,Laptop,Web,True
6465,1129,13,2025-03-26,110,0.79,Laptop,Android,True
6466,213,23,2025-03-03,97,0.89,Mobile,Android,False
6467,318,1,2025-02-08,81,0.69,Mobile,Web,False
6468,95,14,2024-06-15,130,1.0,Mobile,iOS,False
6469,701,9,2025-04-29,92,0.67,Mobile,iOS,False
6470,601,5,2025-04-05,82,0.68,Smart TV,Android,False
6471,1121,22,2024-11-12,73,0.61,Mobile,Android,False
6472,222,21,2025-04-01,71,0.46,Smart TV,Web,True
6473,259,25,2025-04-10,130,0.97,Mobile,Android,False
6474,1037,11,2025-02-02,73,0.58,Mobile,iOS,False
6475,221,16,2025-01-25,77,0.79,Tablet,Web,False
6476,741,5,2025-03-12,113,0.93,Mobile,iOS,True
6477,461,13,2025-04-01,131,0.94,Laptop,Web,False
6478,197,11,2025-03-06,90,0.71,Smart TV,Web,False
6479,311,21,2025-04-25,124,0.8,Mobile,iOS,False
6480,404,5,2024-11-18,90,0.74,Laptop,Web,False
6481,711,19,2025-04-24,76,0.61,Smart TV,Android,False
6482,1084,13,2025-04-17,119,0.85,Smart TV,iOS,False
6483,104,5,2024-12-20,120,0.99,Tablet,iOS,True
6484,661,19,2025-04-22,67,0.54,Smart TV,iOS,False
6485,84,4,2025-03-12,48,0.45,Mobile,iOS,False
6486,833,14,2025-04-13,80,0.62,Mobile,TV App,True
6487,355,13,2025-04-07,113,0.81,Smart TV,Web,True
6488,49,21,2025-04-20,142,0.92,Desktop,iOS,False
6489,1026,15,2025-04-03,99,0.84,Smart TV,Web,True
6490,1024,9,2025-04-08,120,0.87,Smart TV,iOS,False
6491,362,15,2025-03-23,92,0.78,Smart TV,Android,False
6492,893,1,2025-03-06,97,0.83,Desktop,iOS,False
6493,231,24,2025-04-29,73,0.7,Mobile,iOS,False
6494,594,14,2025-01-18,107,0.83,Smart TV,Android,False
6495,22,11,2025-02-22,86,0.68,Mobile,Web,False
6496,462,10,2024-11-14,70,0.61,Laptop,Android,False
6497,143,19,2025-04-29,112,0.9,Mobile,Android,False
6498,349,22,2025-02-19,76,0.64,Mobile,TV App,False
6499,658,1,2025-01-20,82,0.7,Mobile,Web,False
6500,702,9,2025-04-28,97,0.71,Mobile,TV App,False
6501,874,9,2025-04-05,62,0.45,Smart TV,iOS,False
6502,405,17,2025-02-10,55,0.65,Laptop,Web,False
6503,990,2,2024-08-31,92,0.7,Laptop,Web,False
6504,760,22,2024-12-24,93,0.78,Mobile,Android,False
6505,578,2,2024-11-24,104,0.79,Smart TV,iOS,True
6506,448,1,2025-01-31,80,0.68,Smart TV,Web,True
6507,22,24,2025-04-23,91,0.87,Smart TV,Android,False
6508,147,23,2025-02-24,78,0.71,Tablet,Web,False
6509,120,13,2025-03-20,102,0.73,Mobile,Web,False
6510,527,6,2025-03-29,35,0.37,Mobile,iOS,False
6511,621,1,2025-01-23,114,0.97,Smart TV,iOS,False
6512,22,23,2025-04-18,71,0.65,Tablet,Web,True
6513,474,21,2025-04-03,155,1.0,Desktop,Web,False
6514,809,7,2025-01-19,47,0.53,Smart TV,Android,False
6515,274,5,2024-12-23,73,0.6,Smart TV,Android,False
6516,175,11,2025-03-14,106,0.84,Tablet,Web,True
6517,731,2,2024-09-12,84,0.64,Mobile,Android,False
6518,1044,16,2024-11-10,81,0.83,Smart TV,Android,False
6519,510,12,2024-12-20,54,0.53,Tablet,Web,False
6520,219,11,2025-04-08,92,0.73,Smart TV,iOS,False
6521,456,2,2024-12-28,93,0.71,Laptop,Web,False
6522,325,1,2025-01-17,92,0.78,Smart TV,Android,False
6523,626,10,2025-03-10,115,1.0,Smart TV,Web,False
6524,171,13,2025-04-25,102,0.73,Smart TV,Web,False
6525,612,21,2025-04-20,155,1.0,Mobile,iOS,False
6526,249,2,2025-02-26,129,0.98,Mobile,Android,False
6527,160,2,2025-02-16,83,0.63,Laptop,TV App,True
6528,629,13,2025-03-23,103,0.74,Mobile,Web,True
6529,847,1,2025-02-01,118,1.0,Desktop,Android,True
6530,63,6,2025-04-01,30,0.32,Desktop,iOS,False
6531,432,21,2025-04-12,155,1.0,Smart TV,Web,False
6532,560,15,2025-04-07,119,1.0,Mobile,TV App,False
6533,15,1,2025-04-21,96,0.82,Smart TV,iOS,False
6534,610,5,2025-01-27,85,0.7,Mobile,TV App,False
6535,47,24,2025-03-25,76,0.73,Smart TV,iOS,False
6536,641,25,2024-12-06,112,0.83,Smart TV,iOS,False
6537,938,17,2025-04-26,51,0.61,Mobile,Android,False
6538,580,24,2025-03-12,44,0.42,Laptop,Web,False
6539,412,11,2025-04-18,109,0.86,Laptop,Android,True
6540,620,5,2024-11-01,82,0.68,Mobile,Android,False
6541,1150,19,2025-04-16,87,0.7,Smart TV,Web,False
6542,27,7,2024-12-25,61,0.68,Laptop,iOS,False
6543,584,25,2024-12-13,118,0.88,Smart TV,iOS,False
6544,674,15,2025-04-14,96,0.81,Smart TV,Android,False
6545,288,13,2025-04-26,102,0.73,Laptop,Web,False
6546,1187,23,2025-03-12,73,0.67,Smart TV,TV App,False
6547,478,5,2025-04-20,92,0.76,Mobile,iOS,False
6548,859,14,2024-12-03,119,0.92,Laptop,TV App,False
6549,934,15,2025-04-14,91,0.77,Mobile,Web,False
6550,985,2,2024-12-05,132,1.0,Mobile,Android,False
6551,126,6,2025-03-10,64,0.68,Smart TV,TV App,False
6552,546,7,2025-01-07,65,0.73,Smart TV,TV App,False
6553,46,13,2025-04-05,107,0.77,Tablet,Web,True
6554,850,5,2024-11-18,102,0.84,Tablet,Android,False
6555,257,5,2025-04-09,89,0.73,Tablet,iOS,True
6556,1103,22,2025-04-26,103,0.86,Laptop,Android,False
6557,798,24,2025-02-15,65,0.62,Tablet,Web,False
6558,759,21,2025-04-03,96,0.62,Smart TV,iOS,True
6559,427,3,2025-02-21,89,0.62,Tablet,TV App,False
6560,974,17,2025-02-16,62,0.73,Mobile,Web,False
6561,949,15,2025-03-05,60,0.51,Laptop,TV App,False
6562,480,21,2025-04-04,111,0.72,Laptop,iOS,True
6563,489,13,2025-04-18,86,0.62,Mobile,iOS,False
6564,657,5,2024-12-22,107,0.88,Smart TV,TV App,False
6565,1138,4,2025-04-30,74,0.69,Mobile,Web,False
6566,839,3,2025-02-13,102,0.71,Desktop,iOS,False
6567,794,3,2025-01-31,88,0.61,Laptop,Web,False
6568,7,25,2024-07-20,116,0.86,Smart TV,Android,False
6569,613,16,2025-01-22,77,0.79,Smart TV,iOS,False
6570,830,4,2025-02-27,55,0.51,Tablet,Web,False
6571,610,18,2024-12-07,95,0.67,Smart TV,Web,False
6572,298,23,2025-02-21,75,0.69,Smart TV,Android,False
6573,1139,18,2024-10-11,142,1.0,Mobile,iOS,True
6574,1195,10,2025-02-07,82,0.72,Laptop,iOS,False
6575,484,15,2025-04-07,66,0.56,Mobile,iOS,False
6576,351,11,2025-04-12,78,0.62,Mobile,Web,True
6577,985,25,2024-12-19,89,0.66,Mobile,iOS,False
6578,1104,19,2025-04-28,86,0.69,Desktop,TV App,False
6579,81,16,2025-03-23,89,0.91,Smart TV,iOS,False
6580,292,11,2025-03-30,76,0.6,Mobile,Web,False
6581,306,2,2025-03-02,112,0.85,Mobile,Android,False
6582,1182,15,2025-03-31,70,0.59,Smart TV,iOS,False
6583,591,24,2025-04-09,102,0.98,Mobile,iOS,False
6584,554,4,2025-02-24,95,0.88,Smart TV,Android,True
6585,833,1,2025-04-18,113,0.96,Laptop,Web,False
6586,703,25,2024-07-27,85,0.63,Tablet,Android,False
6587,725,1,2025-03-22,118,1.0,Laptop,TV App,False
6588,142,3,2025-02-04,129,0.89,Mobile,iOS,False
6589,437,14,2024-11-12,94,0.73,Laptop,Web,False
6590,21,2,2024-10-01,63,0.48,Smart TV,Web,False
6591,561,8,2025-02-06,14,0.17,Tablet,Android,False
6592,480,13,2025-04-09,121,0.87,Tablet,Web,False
6593,1116,2,2024-08-30,116,0.88,Mobile,Web,False
6594,1186,25,2024-12-06,82,0.61,Laptop,Android,True
6595,1097,3,2025-01-25,133,0.92,Smart TV,Android,False
6596,152,12,2025-02-10,74,0.73,Laptop,Web,False
6597,723,24,2025-03-25,90,0.86,Mobile,Web,False
6598,785,19,2025-04-29,87,0.7,Tablet,iOS,False
6599,627,20,2024-10-02,30,0.33,Mobile,TV App,False
6600,145,24,2025-01-15,94,0.9,Mobile,Android,True
6601,429,8,2025-02-01,36,0.41,Tablet,Web,False
6602,644,11,2025-02-12,77,0.61,Laptop,Web,False
6603,580,19,2025-04-25,68,0.55,Smart TV,Web,False
6604,919,16,2024-12-19,98,1.0,Smart TV,Web,True
6605,728,16,2025-01-31,60,0.62,Smart TV,Web,False
6606,982,24,2025-03-26,63,0.6,Laptop,Android,True
6607,422,11,2025-02-10,86,0.68,Smart TV,iOS,False
6608,1137,24,2024-12-29,96,0.92,Mobile,Web,False
6609,928,19,2025-04-16,66,0.53,Smart TV,TV App,False
6610,801,1,2025-01-21,77,0.66,Laptop,iOS,False
6611,815,4,2025-03-22,86,0.8,Smart TV,iOS,False
6612,1099,8,2025-02-17,15,0.18,Smart TV,iOS,False
6613,416,16,2025-04-23,78,0.8,Mobile,iOS,False
6614,78,23,2025-04-04,79,0.72,Mobile,iOS,False
6615,969,5,2025-03-15,92,0.76,Smart TV,iOS,False
6616,1011,14,2024-08-28,101,0.78,Mobile,TV App,False
6617,321,10,2025-03-08,62,0.54,Smart TV,iOS,False
6618,82,1,2025-02-19,108,0.92,Smart TV,Android,False
6619,88,16,2024-12-24,91,0.93,Tablet,iOS,False
6620,1009,11,2025-04-25,93,0.74,Mobile,Web,False
6621,1013,21,2025-04-28,110,0.71,Laptop,Web,False
6622,705,10,2024-11-14,89,0.78,Desktop,Android,False
6623,1177,9,2025-04-07,99,0.72,Laptop,TV App,True
6624,736,19,2025-04-27,82,0.66,Smart TV,Android,False
6625,804,2,2024-08-31,128,0.97,Mobile,Web,True
6626,884,4,2025-04-18,79,0.74,Laptop,Android,False
6627,1178,1,2025-02-04,101,0.86,Mobile,iOS,False
6628,542,6,2025-04-06,38,0.4,Tablet,iOS,False
6629,483,6,2025-04-13,53,0.56,Smart TV,Android,True
6630,227,16,2025-03-08,69,0.71,Desktop,iOS,True
6631,402,5,2025-02-09,98,0.81,Smart TV,TV App,False
6632,678,18,2025-04-10,93,0.66,Tablet,Android,False
6633,159,10,2024-10-07,32,0.28,Smart TV,iOS,True
6634,195,16,2024-11-20,86,0.88,Mobile,iOS,True
6635,164,21,2025-04-22,147,0.95,Desktop,TV App,False
6636,364,18,2025-03-04,120,0.85,Mobile,Android,False
6637,29,17,2025-02-13,69,0.82,Tablet,Android,False
6638,8,4,2025-02-24,76,0.71,Smart TV,TV App,False
6639,1032,1,2025-04-15,101,0.86,Smart TV,iOS,False
6640,254,21,2025-04-20,69,0.45,Smart TV,Android,False
6641,691,3,2025-04-06,111,0.77,Laptop,iOS,False
6642,566,25,2024-08-04,83,0.62,Mobile,Web,False
6643,556,18,2025-01-24,112,0.79,Tablet,iOS,False
6644,1111,2,2025-03-27,105,0.8,Smart TV,TV App,False
6645,213,19,2025-04-18,78,0.63,Laptop,Web,False
6646,938,13,2025-04-15,77,0.55,Laptop,Android,False
6647,226,12,2025-02-14,72,0.71,Laptop,Web,False
6648,739,11,2025-04-03,97,0.77,Smart TV,iOS,True
6649,95,3,2025-04-19,78,0.54,Mobile,Android,False
6650,857,24,2025-04-22,71,0.68,Tablet,iOS,False
6651,933,1,2025-01-23,101,0.86,Mobile,Android,False
6652,898,9,2025-04-12,82,0.6,Smart TV,iOS,False
6653,692,4,2025-03-21,43,0.4,Smart TV,Android,False
6654,1071,18,2025-01-02,109,0.77,Laptop,Web,False
6655,874,12,2025-03-19,78,0.77,Laptop,Web,False
6656,1077,10,2025-03-20,82,0.72,Smart TV,TV App,True
6657,874,25,2024-11-19,124,0.92,Smart TV,Android,False
6658,824,5,2024-09-08,92,0.76,Smart TV,TV App,False
6659,577,2,2024-11-29,89,0.68,Mobile,Web,False
6660,1140,3,2025-01-11,110,0.76,Mobile,Web,False
6661,960,15,2025-04-05,82,0.69,Smart TV,iOS,False
6662,1100,23,2025-04-20,110,1.0,Mobile,Android,False
6663,815,3,2025-02-03,105,0.73,Smart TV,iOS,False
6664,536,19,2025-04-26,103,0.83,Laptop,Android,False
6665,200,8,2025-02-02,43,0.49,Smart TV,Web,False
6666,793,5,2025-02-24,92,0.76,Laptop,Web,False
6667,390,21,2025-04-29,88,0.57,Laptop,iOS,False
6668,1158,1,2025-02-13,118,1.0,Mobile,Android,True
6669,947,16,2025-03-03,50,0.52,Smart TV,iOS,False
6670,487,5,2025-03-05,95,0.78,Smart TV,iOS,False
6671,125,2,2025-04-04,91,0.69,Mobile,Web,False
6672,731,23,2025-04-13,84,0.77,Smart TV,Android,True
6673,685,13,2025-04-08,103,0.74,Mobile,TV App,False
6674,1055,3,2025-03-31,101,0.7,Smart TV,Android,False
6675,110,5,2025-03-05,68,0.56,Desktop,iOS,False
6676,277,25,2025-02-08,122,0.91,Desktop,Android,False
6677,180,4,2025-03-02,84,0.78,Smart TV,iOS,False
6678,807,15,2025-04-16,116,0.98,Smart TV,Web,True
6679,839,22,2025-03-22,120,1.0,Smart TV,Android,True
6680,652,2,2025-03-23,95,0.72,Smart TV,Web,False
6681,929,1,2025-03-07,92,0.78,Laptop,TV App,True
6682,2,8,2025-02-25,59,0.68,Smart TV,Web,False
6683,1051,4,2025-03-19,78,0.73,Tablet,Android,True
6684,1028,22,2025-02-15,62,0.52,Smart TV,Web,True
6685,103,6,2025-04-23,25,0.27,Desktop,Android,True
6686,802,19,2025-04-24,80,0.64,Tablet,Web,True
6687,725,19,2025-04-26,82,0.66,Laptop,Web,True
6688,381,19,2025-04-17,55,0.44,Smart TV,TV App,False
6689,834,9,2025-04-13,88,0.64,Smart TV,TV App,True
6690,77,24,2025-04-29,65,0.62,Laptop,iOS,False
6691,337,10,2024-12-19,80,0.7,Mobile,Android,False
6692,980,16,2025-03-16,85,0.87,Smart TV,iOS,False
6693,1054,4,2025-02-24,85,0.79,Smart TV,Web,False
6694,375,24,2025-03-23,65,0.62,Tablet,Web,False
6695,918,7,2025-01-26,38,0.43,Laptop,Web,False
6696,36,13,2025-04-02,120,0.86,Laptop,iOS,False
6697,749,22,2024-11-30,110,0.92,Mobile,Android,False
6698,1181,22,2025-01-07,76,0.64,Mobile,iOS,True
6699,498,18,2025-02-14,93,0.66,Smart TV,Android,False
6700,429,21,2025-04-30,113,0.73,Laptop,iOS,False
6701,668,22,2025-04-26,66,0.55,Smart TV,iOS,False
6702,1081,4,2025-04-09,88,0.82,Desktop,iOS,False
6703,770,19,2025-04-16,72,0.58,Smart TV,TV App,False
6704,385,23,2025-02-26,72,0.66,Smart TV,Web,False
6705,827,14,2024-11-29,130,1.0,Smart TV,Web,False
6706,386,17,2025-02-14,57,0.68,Smart TV,Android,False
6707,241,21,2025-04-26,134,0.87,Smart TV,Web,True
6708,226,2,2024-08-15,93,0.71,Laptop,iOS,False
6709,1143,13,2025-04-11,135,0.97,Laptop,Web,False
6710,1148,1,2025-01-19,87,0.74,Mobile,Web,False
6711,218,2,2024-09-17,117,0.89,Laptop,iOS,False
6712,595,10,2025-02-05,94,0.82,Smart TV,Web,False
6713,1158,22,2025-03-12,66,0.55,Desktop,Web,True
6714,654,6,2025-04-02,38,0.4,Smart TV,Web,False
6715,113,12,2024-10-17,82,0.81,Smart TV,Android,False
6716,1121,21,2025-04-12,119,0.77,Smart TV,Web,False
6717,1050,18,2025-04-15,99,0.7,Laptop,iOS,False
6718,818,25,2024-11-16,56,0.42,Desktop,iOS,False
6719,20,21,2025-04-04,103,0.67,Desktop,Android,False
6720,1168,22,2024-11-10,61,0.51,Laptop,iOS,False
6721,131,11,2025-04-14,58,0.46,Desktop,iOS,False
6722,610,17,2025-03-03,46,0.55,Desktop,iOS,False
6723,699,13,2025-03-19,116,0.83,Laptop,Web,False
6724,743,12,2024-12-15,62,0.61,Desktop,Web,True
6725,580,7,2025-02-08,49,0.55,Laptop,iOS,False
6726,121,4,2025-02-26,75,0.7,Smart TV,TV App,False
6727,59,19,2025-04-26,111,0.89,Tablet,Web,False
6728,1102,23,2025-02-25,82,0.75,Desktop,TV App,True
6729,185,2,2025-04-06,87,0.66,Laptop,TV App,False
6730,1088,6,2025-03-17,87,0.92,Mobile,iOS,False
6731,1069,1,2025-04-16,112,0.95,Tablet,Android,False
6732,1049,4,2025-04-18,75,0.7,Laptop,iOS,False
6733,698,3,2025-03-10,84,0.58,Mobile,TV App,True
6734,705,21,2025-04-09,99,0.64,Mobile,Android,False
6735,1121,23,2025-04-16,64,0.59,Desktop,iOS,False
6736,900,20,2024-10-04,30,0.33,Smart TV,iOS,True
6737,1080,18,2024-12-23,93,0.66,Mobile,Web,False
6738,369,24,2025-02-22,86,0.82,Mobile,Web,False
6739,619,11,2025-04-13,95,0.75,Mobile,Android,False
6740,454,21,2025-04-02,128,0.83,Smart TV,iOS,False
6741,114,9,2025-04-16,106,0.77,Smart TV,iOS,False
6742,276,14,2024-09-09,62,0.48,Tablet,iOS,False
6743,127,23,2025-03-03,74,0.68,Laptop,Web,False
6744,618,19,2025-04-30,106,0.85,Laptop,Web,False
6745,983,23,2025-02-19,110,1.0,Tablet,iOS,False
6746,803,1,2025-03-17,106,0.9,Smart TV,Web,False
6747,156,22,2025-02-19,73,0.61,Laptop,Web,False
6748,184,6,2025-03-27,58,0.62,Tablet,Web,False
6749,212,4,2025-03-06,91,0.85,Mobile,iOS,False
6750,692,1,2025-03-23,76,0.65,Laptop,iOS,False
6751,971,5,2024-11-10,78,0.64,Laptop,Web,True
6752,6,2,2025-02-12,88,0.67,Smart TV,Web,False
6753,1152,11,2025-03-24,113,0.89,Smart TV,Web,True
6754,656,7,2025-01-09,44,0.49,Tablet,Web,False
6755,213,8,2025-02-02,66,0.75,Smart TV,Android,False
6756,368,5,2024-12-19,97,0.8,Mobile,iOS,True
6757,501,1,2025-02-20,97,0.83,Mobile,Web,False
6758,397,21,2025-04-08,80,0.52,Laptop,iOS,False
6759,639,13,2025-04-27,137,0.98,Mobile,Android,False
6760,975,22,2025-04-27,106,0.89,Laptop,TV App,True
6761,117,19,2025-04-16,120,0.96,Laptop,Android,False
6762,266,8,2025-02-05,44,0.51,Laptop,iOS,False
6763,141,4,2025-02-23,87,0.81,Mobile,iOS,False
6764,1044,3,2025-01-01,137,0.95,Mobile,iOS,False
6765,370,20,2024-09-22,10,0.11,Mobile,iOS,False
6766,915,11,2025-02-17,77,0.61,Tablet,Web,False
6767,318,21,2025-03-30,114,0.74,Mobile,iOS,True
6768,210,21,2025-04-21,105,0.68,Smart TV,iOS,False
6769,725,19,2025-04-13,77,0.62,Laptop,TV App,False
6770,281,20,2024-10-01,46,0.51,Laptop,Web,False
6771,38,4,2025-04-07,79,0.74,Mobile,TV App,False
6772,802,9,2025-04-10,113,0.82,Laptop,Web,False
6773,251,25,2024-09-21,129,0.96,Tablet,Web,False
6774,168,1,2025-01-25,107,0.91,Laptop,Web,False
6775,1094,10,2025-01-05,55,0.48,Mobile,iOS,False
6776,259,4,2025-03-02,108,1.0,Smart TV,Web,False
6777,769,2,2025-01-19,120,0.91,Laptop,Web,False
6778,499,19,2025-04-17,102,0.82,Smart TV,iOS,False
6779,339,22,2025-01-02,91,0.76,Smart TV,TV App,True
6780,644,12,2024-11-16,94,0.93,Mobile,TV App,False
6781,968,21,2025-04-26,96,0.62,Mobile,Android,True
6782,874,5,2025-01-15,122,1.0,Laptop,Web,False
6783,907,3,2025-01-14,97,0.67,Mobile,Android,False
6784,291,2,2025-04-28,114,0.87,Smart TV,Web,True
6785,665,19,2025-04-25,76,0.61,Smart TV,Android,False
6786,450,2,2024-12-13,99,0.75,Mobile,Web,False
6787,1179,13,2025-03-25,89,0.64,Mobile,TV App,False
6788,709,17,2025-01-11,50,0.59,Smart TV,Web,False
6789,298,4,2025-02-21,81,0.75,Mobile,Web,False
6790,833,1,2025-03-28,95,0.81,Smart TV,iOS,False
6791,716,9,2025-04-07,114,0.83,Mobile,iOS,False
6792,402,13,2025-04-26,93,0.67,Mobile,Web,False
6793,667,15,2025-03-13,79,0.67,Laptop,iOS,True
6794,1082,19,2025-04-17,85,0.68,Laptop,Web,False
6795,1178,23,2025-04-26,75,0.69,Laptop,iOS,False
6796,94,25,2024-09-16,103,0.77,Laptop,Web,False
6797,563,5,2024-09-27,73,0.6,Mobile,Web,True
6798,562,15,2025-04-22,78,0.66,Smart TV,iOS,False
6799,474,17,2025-02-05,72,0.85,Smart TV,iOS,False
6800,244,18,2025-02-08,80,0.57,Tablet,Android,False
6801,23,11,2025-02-20,90,0.71,Smart TV,Web,True
6802,230,25,2024-08-15,135,1.0,Smart TV,TV App,False
6803,1070,14,2024-07-07,106,0.82,Tablet,Web,True
6804,873,20,2024-09-01,67,0.73,Mobile,Android,True
6805,1174,23,2025-02-28,29,0.27,Mobile,Android,False
6806,1200,1,2025-01-19,116,0.99,Smart TV,Web,False
6807,718,9,2025-04-20,95,0.69,Tablet,Web,False
6808,122,22,2024-12-06,99,0.83,Smart TV,Android,False
6809,951,12,2025-03-28,71,0.7,Laptop,TV App,False
6810,875,4,2025-03-16,82,0.76,Laptop,iOS,False
6811,75,24,2025-02-14,99,0.95,Smart TV,iOS,False
6812,830,5,2025-03-02,84,0.69,Laptop,Android,False
6813,507,14,2025-01-28,94,0.73,Smart TV,TV App,False
6814,276,18,2024-10-04,89,0.63,Mobile,iOS,False
6815,1163,23,2025-04-11,42,0.39,Mobile,Android,False
6816,218,1,2025-03-26,90,0.77,Desktop,Web,False
6817,451,16,2025-03-31,75,0.77,Mobile,TV App,False
6818,509,24,2025-03-20,59,0.57,Mobile,iOS,False
6819,1003,21,2025-04-02,125,0.81,Mobile,iOS,True
6820,1024,1,2025-01-25,95,0.81,Laptop,TV App,False
6821,616,8,2025-03-08,57,0.65,Desktop,iOS,False
6822,943,9,2025-04-21,75,0.55,Tablet,Android,False
6823,70,21,2025-04-17,128,0.83,Mobile,Web,False
6824,934,16,2024-12-08,64,0.66,Mobile,Android,False
6825,7,9,2025-04-15,107,0.78,Tablet,Android,False
6826,846,18,2025-01-21,100,0.71,Laptop,Web,False
6827,1122,16,2025-04-08,82,0.84,Mobile,Android,False
6828,1180,19,2025-04-30,96,0.77,Smart TV,iOS,True
6829,124,5,2025-03-29,100,0.82,Smart TV,iOS,True
6830,935,1,2025-04-14,102,0.87,Mobile,TV App,False
6831,398,16,2024-12-08,66,0.68,Mobile,Web,False
6832,1037,25,2024-07-16,129,0.96,Mobile,Web,False
6833,839,13,2025-03-29,77,0.55,Mobile,Web,False
6834,166,12,2025-04-13,72,0.71,Mobile,iOS,False
6835,405,21,2025-04-19,127,0.82,Mobile,Web,True
6836,206,15,2025-04-17,119,1.0,Mobile,iOS,False
6837,170,11,2025-02-18,127,1.0,Laptop,iOS,False
6838,359,1,2025-02-13,108,0.92,Mobile,TV App,False
6839,1186,14,2025-04-02,76,0.59,Smart TV,iOS,True
6840,54,6,2025-03-23,44,0.47,Smart TV,iOS,False
6841,593,1,2025-04-08,118,1.0,Mobile,Web,False
6842,405,9,2025-04-12,92,0.67,Mobile,Web,False
6843,625,25,2024-07-04,101,0.75,Mobile,iOS,False
6844,341,14,2025-02-24,113,0.87,Laptop,TV App,False
6845,776,15,2025-03-16,80,0.68,Laptop,iOS,True
6846,1170,1,2025-01-23,106,0.9,Laptop,TV App,False
6847,814,9,2025-04-06,102,0.74,Desktop,iOS,True
6848,125,2,2024-11-06,126,0.96,Laptop,iOS,False
6849,710,6,2025-03-23,57,0.6,Laptop,iOS,False
6850,692,2,2025-01-02,83,0.63,Tablet,Web,False
6851,1154,1,2025-03-09,87,0.74,Mobile,Android,False
6852,164,15,2025-03-12,119,1.0,Tablet,iOS,True
6853,981,14,2024-11-20,98,0.76,Mobile,TV App,False
6854,1072,19,2025-04-30,66,0.53,Mobile,Android,False
6855,1001,16,2024-12-15,54,0.56,Smart TV,Android,False
6856,609,15,2025-04-11,83,0.7,Laptop,iOS,False
6857,132,7,2024-12-14,44,0.49,Laptop,Android,False
6858,848,9,2025-04-29,133,0.97,Smart TV,iOS,True
6859,542,11,2025-04-23,100,0.79,Smart TV,iOS,False
6860,728,5,2024-11-09,84,0.69,Mobile,iOS,False
6861,951,13,2025-04-18,89,0.64,Laptop,Android,False
6862,951,19,2025-04-24,73,0.59,Smart TV,Android,False
6863,276,2,2025-03-07,85,0.65,Laptop,iOS,False
6864,920,9,2025-04-14,85,0.62,Smart TV,Android,False
6865,556,23,2025-02-15,75,0.69,Smart TV,iOS,False
6866,926,1,2025-01-31,112,0.95,Smart TV,TV App,False
6867,683,12,2025-02-07,66,0.65,Mobile,iOS,False
6868,43,6,2025-04-07,56,0.59,Tablet,Web,False
6869,591,3,2025-01-24,47,0.33,Tablet,iOS,False
6870,1087,8,2025-03-29,47,0.54,Desktop,Web,False
6871,817,25,2024-11-09,72,0.54,Smart TV,iOS,False
6872,602,19,2025-04-16,103,0.83,Smart TV,iOS,False
6873,13,19,2025-04-18,93,0.75,Smart TV,iOS,False
6874,898,1,2025-01-18,101,0.86,Mobile,TV App,False
6875,1034,21,2025-03-28,108,0.7,Smart TV,iOS,False
6876,878,11,2025-04-26,80,0.63,Tablet,Android,False
6877,41,15,2025-03-31,84,0.71,Tablet,iOS,False
6878,657,1,2025-02-11,82,0.7,Mobile,Android,False
6879,382,13,2025-04-06,91,0.65,Smart TV,Android,False
6880,453,12,2025-01-07,89,0.88,Mobile,iOS,False
6881,391,13,2025-03-23,81,0.58,Laptop,iOS,False
6882,34,24,2025-03-14,54,0.52,Desktop,iOS,False
6883,403,18,2024-11-20,80,0.57,Smart TV,Android,False
6884,376,3,2025-02-16,81,0.56,Smart TV,Web,False
6885,339,15,2025-04-27,114,0.96,Smart TV,Web,False
6886,91,24,2025-02-13,51,0.49,Smart TV,iOS,False
6887,62,22,2025-02-24,88,0.74,Tablet,iOS,False
6888,694,21,2025-03-31,94,0.61,Smart TV,Web,False
6889,693,25,2025-04-21,70,0.52,Smart TV,Web,False
6890,779,21,2025-04-14,139,0.9,Smart TV,TV App,False
6891,1055,8,2025-03-02,74,0.85,Mobile,iOS,False
6892,350,11,2025-03-13,90,0.71,Laptop,Android,False
6893,505,1,2025-03-20,114,0.97,Tablet,Android,False
6894,714,9,2025-04-28,86,0.63,Laptop,TV App,True
6895,438,19,2025-04-25,101,0.81,Smart TV,Web,False
6896,723,12,2025-04-26,66,0.65,Mobile,Web,False
6897,551,19,2025-04-23,116,0.93,Mobile,Web,False
6898,761,1,2025-03-23,100,0.85,Smart TV,TV App,False
6899,676,9,2025-04-24,129,0.94,Smart TV,Web,False
6900,627,15,2025-04-29,97,0.82,Laptop,TV App,False
6901,366,15,2025-04-10,80,0.68,Tablet,TV App,False
6902,638,23,2025-02-20,79,0.72,Laptop,iOS,False
6903,355,3,2025-01-14,104,0.72,Laptop,TV App,False
6904,479,9,2025-04-08,135,0.98,Smart TV,Android,False
6905,170,3,2025-03-02,97,0.67,Smart TV,Web,False
6906,1101,7,2025-01-18,45,0.51,Laptop,Web,True
6907,1103,9,2025-04-15,84,0.61,Mobile,TV App,False
6908,16,14,2025-03-13,104,0.8,Laptop,Web,False
6909,429,1,2025-04-18,102,0.87,Smart TV,iOS,False
6910,890,6,2025-03-09,63,0.67,Desktop,Android,False
6911,710,13,2025-04-05,88,0.63,Tablet,iOS,False
6912,124,23,2025-03-02,78,0.71,Smart TV,Web,False
6913,191,25,2024-08-10,81,0.6,Desktop,TV App,False
6914,977,10,2024-11-04,90,0.79,Smart TV,iOS,False
6915,380,19,2025-04-19,96,0.77,Laptop,iOS,False
6916,65,19,2025-04-26,87,0.7,Smart TV,Android,False
6917,418,9,2025-04-19,100,0.73,Smart TV,Android,True
6918,192,23,2025-02-18,52,0.48,Mobile,TV App,False
6919,275,8,2025-03-26,38,0.44,Mobile,Web,True
6920,470,25,2024-12-09,91,0.68,Smart TV,iOS,True
6921,134,4,2025-04-26,98,0.91,Tablet,Web,False
6922,918,2,2024-12-24,73,0.56,Smart TV,iOS,False
6923,940,9,2025-04-17,89,0.65,Smart TV,iOS,False
6924,1070,16,2024-12-02,81,0.83,Laptop,Web,True
6925,336,6,2025-04-11,57,0.6,Tablet,Android,False
6926,823,16,2025-01-23,50,0.52,Laptop,iOS,False
6927,923,2,2025-03-21,95,0.72,Tablet,Web,False
6928,437,13,2025-04-02,75,0.54,Smart TV,Web,False
6929,601,13,2025-04-06,116,0.83,Desktop,iOS,False
6930,444,11,2025-03-24,105,0.83,Smart TV,iOS,False
6931,105,21,2025-04-10,124,0.8,Smart TV,TV App,False
6932,1110,13,2025-04-24,106,0.76,Mobile,Android,False
6933,426,1,2025-01-16,107,0.91,Smart TV,iOS,False
6934,1070,22,2025-04-02,94,0.79,Laptop,iOS,False
6935,639,1,2025-01-18,105,0.89,Smart TV,Web,False
6936,415,1,2025-03-24,96,0.82,Desktop,TV App,False
6937,549,9,2025-04-30,96,0.7,Tablet,iOS,False
6938,377,15,2025-04-16,96,0.81,Mobile,Web,False
6939,578,13,2025-04-20,102,0.73,Smart TV,TV App,False
6940,411,8,2025-03-18,44,0.51,Mobile,TV App,False
6941,1107,16,2025-01-24,98,1.0,Tablet,Web,False
6942,832,11,2025-03-20,109,0.86,Mobile,Web,False
6943,997,19,2025-04-16,103,0.83,Mobile,iOS,False
6944,826,14,2025-03-10,74,0.57,Smart TV,Android,True
6945,310,16,2024-11-08,65,0.67,Mobile,Web,True
6946,1165,9,2025-04-09,81,0.59,Smart TV,Android,False
6947,660,1,2025-04-29,101,0.86,Smart TV,Android,False
6948,890,11,2025-04-23,83,0.66,Smart TV,TV App,False
6949,809,9,2025-04-10,103,0.75,Laptop,TV App,False
6950,520,22,2025-01-05,100,0.84,Smart TV,TV App,True
6951,679,2,2024-11-05,85,0.65,Mobile,iOS,False
6952,95,23,2025-03-03,75,0.69,Laptop,iOS,True
6953,947,13,2025-04-21,95,0.68,Mobile,Web,False
6954,848,1,2025-01-19,90,0.77,Mobile,iOS,False
6955,565,13,2025-04-12,85,0.61,Laptop,Web,True
6956,371,1,2025-01-30,94,0.8,Desktop,iOS,False
6957,1042,21,2025-04-13,102,0.66,Mobile,Web,False
6958,61,21,2025-04-16,114,0.74,Smart TV,Web,False
6959,370,14,2024-10-13,92,0.71,Mobile,TV App,False
6960,1116,8,2025-02-09,62,0.71,Mobile,Web,False
6961,899,18,2025-04-26,117,0.83,Mobile,iOS,False
6962,946,4,2025-03-16,96,0.89,Mobile,iOS,False
6963,718,18,2024-11-01,79,0.56,Smart TV,iOS,False
6964,430,1,2025-01-24,95,0.81,Smart TV,Web,True
6965,741,7,2025-01-05,28,0.32,Smart TV,Android,False
6966,313,21,2025-04-03,116,0.75,Laptop,Android,False
6967,718,19,2025-04-14,83,0.67,Smart TV,Android,False
6968,931,23,2025-02-26,88,0.8,Tablet,iOS,False
6969,762,5,2025-04-04,63,0.52,Laptop,iOS,False
6970,1186,8,2025-02-06,57,0.65,Laptop,Web,False
6971,952,25,2025-01-26,117,0.87,Smart TV,Web,False
6972,719,14,2024-10-18,120,0.93,Smart TV,Web,False
6973,37,24,2025-03-18,85,0.81,Laptop,Web,True
6974,901,19,2025-04-20,46,0.37,Smart TV,iOS,False
6975,348,11,2025-04-18,102,0.81,Desktop,Android,True
6976,256,6,2025-03-11,14,0.15,Mobile,iOS,True
6977,851,9,2025-04-10,99,0.72,Mobile,Android,False
6978,486,1,2025-01-17,99,0.84,Smart TV,Web,False
6979,1058,23,2025-03-28,73,0.67,Laptop,iOS,False
6980,750,1,2025-01-31,94,0.8,Mobile,Web,True
6981,1059,25,2024-10-16,108,0.8,Tablet,iOS,False
6982,326,4,2025-03-27,69,0.64,Laptop,iOS,False
6983,986,21,2025-04-09,127,0.82,Mobile,iOS,True
6984,366,5,2024-10-18,111,0.91,Smart TV,Android,False
6985,179,6,2025-04-15,75,0.79,Tablet,iOS,True
6986,145,1,2025-04-22,118,1.0,Mobile,iOS,False
6987,573,25,2024-08-01,82,0.61,Desktop,Web,False
6988,172,9,2025-04-05,93,0.68,Smart TV,Web,False
6989,887,9,2025-04-25,91,0.66,Mobile,TV App,False
6990,332,21,2025-04-21,134,0.87,Mobile,Web,False
6991,504,1,2025-04-04,106,0.9,Tablet,iOS,False
6992,729,13,2025-04-06,120,0.86,Smart TV,Android,False
6993,596,24,2025-01-06,55,0.53,Smart TV,TV App,False
6994,513,4,2025-03-27,82,0.76,Smart TV,iOS,False
6995,485,7,2024-12-31,72,0.8,Desktop,iOS,False
6996,1101,8,2025-02-19,40,0.46,Smart TV,Android,False
6997,1132,21,2025-04-03,155,1.0,Smart TV,iOS,False
6998,757,11,2025-03-16,121,0.96,Tablet,iOS,False
6999,398,23,2025-03-30,80,0.73,Desktop,Web,False
7000,596,4,2025-04-24,95,0.88,Smart TV,Web,False
7001,474,25,2025-02-03,93,0.69,Mobile,Web,False
7002,702,17,2025-01-30,82,0.97,Smart TV,TV App,False
7003,104,24,2025-01-29,76,0.73,Laptop,Web,True
7004,1139,18,2025-02-08,105,0.74,Desktop,iOS,True
7005,623,19,2025-04-17,100,0.8,Mobile,iOS,False
7006,64,20,2024-10-16,35,0.39,Mobile,iOS,False
7007,940,15,2025-04-05,86,0.73,Mobile,TV App,False
7008,735,9,2025-04-26,115,0.84,Mobile,iOS,False
7009,909,16,2025-04-15,98,1.0,Mobile,iOS,False
7010,1147,13,2025-04-17,106,0.76,Laptop,iOS,False
7011,78,10,2024-08-03,47,0.41,Smart TV,Web,False
7012,273,23,2025-02-08,92,0.84,Laptop,TV App,False
7013,944,4,2025-02-23,82,0.76,Desktop,TV App,False
7014,1121,24,2025-03-21,75,0.72,Smart TV,Android,False
7015,798,15,2025-03-01,86,0.73,Mobile,Web,False
7016,747,3,2025-01-20,136,0.94,Mobile,Android,False
7017,785,13,2025-03-28,121,0.87,Mobile,TV App,False
7018,87,20,2024-09-08,36,0.4,Mobile,TV App,False
7019,355,2,2024-11-19,66,0.5,Smart TV,Android,True
7020,377,4,2025-04-11,65,0.61,Smart TV,Android,False
7021,639,1,2025-04-20,100,0.85,Laptop,Web,False
7022,807,7,2025-01-21,90,1.0,Mobile,Android,False
7023,596,13,2025-04-12,100,0.72,Tablet,TV App,False
7024,949,2,2025-04-22,93,0.71,Smart TV,TV App,False
7025,450,19,2025-04-12,112,0.9,Laptop,Web,False
7026,419,7,2025-01-15,20,0.23,Smart TV,Web,False
7027,695,21,2025-04-12,148,0.96,Smart TV,Android,True
7028,694,21,2025-03-30,91,0.59,Desktop,iOS,False
7029,30,22,2024-12-04,90,0.75,Mobile,iOS,True
7030,76,4,2025-03-01,78,0.73,Mobile,Web,False
7031,946,22,2024-12-12,55,0.46,Smart TV,Android,False
7032,1075,13,2025-03-20,98,0.7,Desktop,iOS,False
7033,46,18,2025-02-10,90,0.64,Mobile,Android,False
7034,45,24,2025-03-30,73,0.7,Mobile,iOS,False
7035,1118,13,2025-04-09,71,0.51,Smart TV,Web,False
7036,1019,23,2025-03-02,110,1.0,Tablet,TV App,False
7037,750,11,2025-02-04,91,0.72,Laptop,iOS,False
7038,277,19,2025-04-14,125,1.0,Mobile,iOS,False
7039,169,11,2025-03-28,113,0.89,Mobile,TV App,False
7040,2,1,2025-03-22,118,1.0,Smart TV,TV App,True
7041,869,11,2025-03-28,115,0.91,Smart TV,iOS,False
7042,446,23,2025-04-13,102,0.93,Desktop,iOS,False
7043,683,3,2025-01-26,126,0.87,Smart TV,Android,False
7044,346,20,2024-08-20,34,0.38,Mobile,TV App,True
7045,683,24,2025-04-20,78,0.75,Smart TV,Android,False
7046,468,8,2025-03-17,36,0.42,Laptop,Web,False
7047,154,13,2025-04-06,140,1.0,Smart TV,iOS,False
7048,574,18,2025-03-06,93,0.66,Tablet,Web,False
7049,602,12,2025-01-28,102,1.0,Smart TV,iOS,False
7050,846,19,2025-04-27,117,0.94,Tablet,iOS,False
7051,19,14,2024-10-24,97,0.75,Smart TV,Web,False
7052,738,11,2025-04-15,105,0.83,Smart TV,iOS,False
7053,239,1,2025-03-30,92,0.78,Mobile,Android,False
7054,83,2,2025-03-27,101,0.77,Tablet,iOS,False
7055,188,6,2025-04-02,37,0.39,Mobile,iOS,True
7056,1141,21,2025-04-29,94,0.61,Laptop,Android,False
7057,917,20,2024-09-05,55,0.6,Mobile,Web,False
7058,130,15,2025-04-24,119,1.0,Mobile,Web,False
7059,619,13,2025-04-21,130,0.93,Smart TV,iOS,False
7060,874,13,2025-04-09,103,0.74,Smart TV,iOS,False
7061,746,5,2025-04-03,90,0.74,Tablet,TV App,False
7062,432,4,2025-02-21,103,0.96,Smart TV,Android,False
7063,1131,11,2025-02-09,99,0.78,Smart TV,TV App,True
7064,1190,9,2025-04-22,113,0.82,Smart TV,Android,False
7065,36,14,2025-01-21,87,0.67,Mobile,Web,False
7066,1155,4,2025-03-17,98,0.91,Tablet,iOS,True
7067,597,24,2025-02-03,80,0.77,Smart TV,Web,False
7068,1076,9,2025-04-29,114,0.83,Tablet,Web,False
7069,562,9,2025-04-24,66,0.48,Laptop,Android,False
7070,911,3,2024-12-29,59,0.41,Laptop,TV App,False
7071,553,22,2025-03-01,97,0.81,Mobile,Web,False
7072,564,16,2025-03-05,79,0.81,Smart TV,Android,False
7073,442,19,2025-04-25,87,0.7,Mobile,iOS,False
7074,26,18,2024-10-22,130,0.92,Laptop,Web,False
7075,1039,9,2025-04-26,75,0.55,Laptop,iOS,False
7076,824,1,2025-01-22,102,0.87,Tablet,TV App,False
7077,713,4,2025-03-13,60,0.56,Laptop,Android,True
7078,408,11,2025-04-12,95,0.75,Mobile,Android,False
7079,511,10,2025-03-24,85,0.74,Smart TV,Android,True
7080,1170,14,2025-01-26,101,0.78,Mobile,iOS,False
7081,569,16,2025-02-06,93,0.95,Desktop,TV App,True
7082,1103,6,2025-03-04,58,0.62,Tablet,Web,False
7083,219,15,2025-03-19,82,0.69,Smart TV,TV App,False
7084,954,23,2025-03-11,75,0.69,Mobile,Web,True
7085,196,22,2025-01-14,58,0.49,Mobile,iOS,False
7086,431,1,2025-02-20,118,1.0,Smart TV,Web,False
7087,539,11,2025-03-20,76,0.6,Smart TV,iOS,False
7088,788,5,2025-03-22,90,0.74,Laptop,Android,False
7089,1074,18,2025-03-27,129,0.91,Laptop,iOS,False
7090,1137,18,2024-12-22,112,0.79,Laptop,Web,False
7091,1020,22,2025-02-05,79,0.66,Smart TV,Web,True
7092,697,5,2024-12-15,93,0.77,Smart TV,Web,False
7093,460,25,2025-04-09,108,0.8,Laptop,Web,False
7094,609,2,2024-10-30,102,0.78,Laptop,Android,False
7095,1016,5,2024-12-05,112,0.92,Smart TV,iOS,False
7096,1128,23,2025-02-16,38,0.35,Smart TV,Web,False
7097,757,19,2025-04-21,68,0.55,Smart TV,iOS,False
7098,853,8,2025-03-07,55,0.63,Smart TV,iOS,False
7099,1002,1,2025-02-11,118,1.0,Mobile,Web,True
7100,374,15,2025-03-09,67,0.57,Smart TV,Web,False
7101,1130,15,2025-04-02,95,0.8,Mobile,Android,False
7102,1160,1,2025-04-27,118,1.0,Smart TV,Android,False
7103,1183,1,2025-02-03,107,0.91,Mobile,iOS,True
7104,1092,10,2024-08-14,81,0.71,Laptop,Android,False
7105,247,15,2025-03-27,91,0.77,Tablet,iOS,False
7106,467,8,2025-01-31,17,0.2,Tablet,iOS,True
7107,188,23,2025-03-31,67,0.61,Laptop,iOS,True
7108,1106,9,2025-04-30,133,0.97,Smart TV,iOS,True
7109,44,8,2025-02-22,43,0.49,Laptop,Android,False
7110,308,4,2025-02-16,82,0.76,Smart TV,Web,False
7111,1098,1,2025-02-06,107,0.91,Laptop,Android,False
7112,1008,2,2025-04-09,113,0.86,Mobile,TV App,False
7113,524,22,2025-04-28,80,0.67,Desktop,Android,True
7114,939,21,2025-04-29,142,0.92,Smart TV,iOS,False
7115,179,7,2024-12-13,45,0.5,Smart TV,Web,False
7116,633,13,2025-03-22,74,0.53,Laptop,iOS,True
7117,464,19,2025-04-27,121,0.97,Tablet,iOS,False
7118,598,17,2025-04-17,72,0.85,Smart TV,Web,False
7119,1035,15,2025-03-15,92,0.78,Tablet,Android,False
7120,22,21,2025-04-17,153,0.99,Mobile,TV App,True
7121,1005,24,2025-02-06,71,0.68,Smart TV,TV App,False
7122,576,21,2025-04-19,93,0.6,Mobile,iOS,False
7123,628,1,2025-04-14,103,0.88,Mobile,TV App,True
7124,1194,7,2025-02-02,60,0.67,Smart TV,iOS,False
7125,119,21,2025-04-13,155,1.0,Mobile,iOS,False
7126,1013,21,2025-04-03,89,0.58,Mobile,Android,False
7127,1128,4,2025-03-30,91,0.85,Tablet,Web,False
7128,178,13,2025-03-30,106,0.76,Mobile,Web,False
7129,445,23,2025-04-22,73,0.67,Mobile,iOS,False
7130,220,21,2025-04-10,133,0.86,Desktop,Web,False
7131,596,19,2025-04-27,92,0.74,Smart TV,Web,False
7132,791,1,2025-04-20,101,0.86,Mobile,TV App,False
7133,835,1,2025-04-27,102,0.87,Laptop,Web,False
7134,557,19,2025-04-16,118,0.95,Tablet,TV App,True
7135,146,10,2025-02-28,94,0.82,Mobile,Android,False
7136,1099,6,2025-03-30,52,0.55,Mobile,Android,False
7137,946,22,2025-04-28,97,0.81,Laptop,Web,False
7138,715,25,2025-03-08,86,0.64,Tablet,Android,False
7139,390,13,2025-03-28,92,0.66,Laptop,Web,False
7140,1076,16,2025-04-09,64,0.66,Smart TV,TV App,False
7141,1104,3,2025-04-23,89,0.62,Smart TV,Web,False
7142,871,13,2025-04-22,84,0.6,Smart TV,Web,True
7143,1067,5,2024-11-20,98,0.81,Desktop,Web,False
7144,1181,16,2025-02-28,83,0.85,Smart TV,Android,False
7145,502,23,2025-04-11,85,0.78,Mobile,Web,False
7146,297,3,2025-04-10,114,0.79,Smart TV,Android,False
7147,154,1,2025-02-04,90,0.77,Laptop,Android,False
7148,117,1,2025-04-24,101,0.86,Tablet,Web,False
7149,1182,1,2025-02-06,100,0.85,Mobile,iOS,False
7150,669,24,2025-02-27,63,0.6,Mobile,Web,False
7151,840,1,2025-04-24,114,0.97,Laptop,Android,False
7152,621,10,2024-08-04,71,0.62,Mobile,Android,False
7153,751,8,2025-01-31,22,0.26,Mobile,Web,False
7154,878,3,2025-01-07,130,0.9,Mobile,Web,False
7155,277,19,2025-04-21,75,0.6,Mobile,iOS,False
7156,326,21,2025-04-28,124,0.8,Tablet,Web,False
7157,826,1,2025-04-18,106,0.9,Mobile,Web,True
7158,307,15,2025-04-04,58,0.49,Desktop,iOS,False
7159,424,1,2025-03-16,106,0.9,Tablet,Android,False
7160,926,1,2025-01-29,114,0.97,Mobile,Web,True
7161,537,20,2024-09-20,49,0.54,Laptop,TV App,False
7162,687,5,2024-09-27,56,0.46,Mobile,iOS,False
7163,417,15,2025-04-29,57,0.48,Smart TV,iOS,False
7164,39,1,2025-03-14,95,0.81,Smart TV,Android,False
7165,196,22,2025-03-26,87,0.73,Mobile,TV App,False
7166,279,24,2025-03-27,71,0.68,Mobile,TV App,False
7167,1124,22,2025-03-29,118,0.99,Laptop,iOS,True
7168,183,11,2025-01-30,95,0.75,Smart TV,Web,False
7169,558,8,2025-03-28,30,0.35,Laptop,iOS,False
7170,1098,23,2025-04-19,61,0.56,Laptop,iOS,False
7171,783,9,2025-04-26,80,0.58,Smart TV,iOS,False
7172,160,18,2024-12-14,107,0.76,Smart TV,iOS,True
7173,305,3,2025-01-21,104,0.72,Smart TV,iOS,False
7174,1061,18,2025-01-04,124,0.88,Laptop,iOS,False
7175,920,5,2024-11-09,73,0.6,Smart TV,Android,True
7176,555,15,2025-03-21,83,0.7,Laptop,iOS,False
7177,78,4,2025-02-24,81,0.75,Mobile,Android,False
7178,823,13,2025-04-27,68,0.49,Smart TV,Android,True
7179,949,1,2025-04-29,89,0.76,Smart TV,iOS,False
7180,35,1,2025-04-19,100,0.85,Smart TV,TV App,False
7181,1059,10,2024-09-09,81,0.71,Smart TV,iOS,False
7182,628,23,2025-03-05,79,0.72,Mobile,Web,False
7183,1117,13,2025-04-12,92,0.66,Mobile,iOS,False
7184,807,5,2025-03-30,100,0.82,Smart TV,iOS,False
7185,90,8,2025-03-16,61,0.7,Laptop,Web,True
7186,107,21,2025-04-22,120,0.78,Laptop,TV App,True
7187,322,11,2025-02-07,92,0.73,Tablet,Android,False
7188,97,1,2025-03-21,118,1.0,Smart TV,TV App,True
7189,298,13,2025-03-28,67,0.48,Laptop,iOS,False
7190,1021,25,2025-01-19,93,0.69,Smart TV,iOS,False
7191,360,13,2025-04-09,95,0.68,Mobile,Android,False
7192,31,10,2025-04-25,72,0.63,Smart TV,Web,False
7193,528,17,2025-03-30,47,0.56,Laptop,Android,False
7194,302,7,2025-01-30,50,0.56,Tablet,iOS,False
7195,245,5,2024-12-17,98,0.81,Laptop,Web,False
7196,514,19,2025-04-23,92,0.74,Mobile,iOS,False
7197,905,10,2025-02-23,70,0.61,Tablet,Web,False
7198,329,4,2025-03-12,87,0.81,Mobile,iOS,True
7199,793,4,2025-03-18,85,0.79,Laptop,iOS,True
7200,1006,21,2025-04-03,93,0.6,Smart TV,iOS,False
7201,793,10,2025-03-10,78,0.68,Laptop,Web,False
7202,341,19,2025-04-28,102,0.82,Desktop,TV App,True
7203,80,13,2025-03-29,57,0.41,Smart TV,Web,False
7204,949,1,2025-03-27,106,0.9,Mobile,Web,False
7205,1041,18,2025-01-27,102,0.72,Smart TV,iOS,False
7206,987,13,2025-04-10,100,0.72,Mobile,iOS,True
7207,607,15,2025-04-10,67,0.57,Mobile,Web,False
7208,629,18,2025-03-11,97,0.69,Laptop,Android,False
7209,674,11,2025-01-30,91,0.72,Desktop,Web,False
7210,228,15,2025-03-06,72,0.61,Smart TV,iOS,False
7211,545,15,2025-04-20,95,0.8,Tablet,iOS,True
7212,122,2,2024-10-13,125,0.95,Laptop,Android,False
7213,85,11,2025-02-07,121,0.96,Smart TV,iOS,False
7214,79,9,2025-04-30,121,0.88,Mobile,Android,False
7215,977,1,2025-02-22,105,0.89,Desktop,Android,False
7216,1143,25,2025-02-04,82,0.61,Mobile,TV App,False
7217,682,24,2025-01-23,66,0.63,Smart TV,Web,False
7218,589,15,2025-04-30,97,0.82,Smart TV,iOS,False
7219,239,13,2025-03-23,68,0.49,Laptop,TV App,False
7220,549,25,2024-07-13,99,0.74,Smart TV,Android,False
7221,954,2,2025-01-10,96,0.73,Desktop,Web,True
7222,973,8,2025-03-25,24,0.28,Smart TV,Android,False
7223,1035,12,2025-02-03,69,0.68,Laptop,iOS,False
7224,581,3,2025-02-13,136,0.94,Smart TV,iOS,False
7225,33,2,2024-08-26,81,0.62,Mobile,Web,False
7226,389,14,2024-07-15,102,0.79,Smart TV,iOS,False
7227,384,10,2025-03-16,93,0.81,Mobile,TV App,False
7228,958,23,2025-02-23,89,0.81,Mobile,Android,False
7229,736,23,2025-02-26,89,0.81,Smart TV,Android,True
7230,394,22,2025-04-17,120,1.0,Mobile,TV App,False
7231,895,3,2025-02-02,131,0.91,Laptop,TV App,False
7232,107,18,2024-12-02,112,0.79,Tablet,Web,False
7233,385,23,2025-03-04,102,0.93,Smart TV,Android,True
7234,112,2,2024-10-24,132,1.0,Laptop,Android,False
7235,826,13,2025-04-21,128,0.92,Smart TV,Android,False
7236,542,16,2025-02-11,48,0.49,Mobile,TV App,False
7237,162,17,2025-04-09,73,0.86,Smart TV,Android,False
7238,78,21,2025-04-13,88,0.57,Laptop,TV App,False
7239,359,11,2025-03-05,114,0.9,Mobile,TV App,False
7240,1063,4,2025-03-25,78,0.73,Mobile,TV App,False
7241,889,13,2025-04-13,113,0.81,Smart TV,TV App,True
7242,8,14,2025-02-09,92,0.71,Smart TV,TV App,False
7243,901,7,2025-01-15,50,0.56,Mobile,iOS,False
7244,445,14,2024-06-23,109,0.84,Laptop,Android,False
7245,1018,19,2025-04-16,87,0.7,Mobile,Android,False
7246,370,17,2025-02-10,63,0.75,Mobile,iOS,True
7247,840,17,2025-03-13,55,0.65,Smart TV,TV App,False
7248,187,3,2024-12-20,94,0.65,Laptop,TV App,False
7249,327,9,2025-04-28,133,0.97,Laptop,Web,True
7250,625,14,2025-01-16,107,0.83,Laptop,iOS,True
7251,518,4,2025-03-25,74,0.69,Smart TV,iOS,True
7252,35,21,2025-04-04,105,0.68,Laptop,iOS,False
7253,196,19,2025-04-15,105,0.84,Mobile,Web,False
7254,206,15,2025-03-15,105,0.89,Mobile,TV App,True
7255,50,23,2025-04-03,85,0.78,Mobile,iOS,False
7256,465,1,2025-01-30,94,0.8,Mobile,iOS,False
7257,174,5,2025-03-13,119,0.98,Laptop,iOS,False
7258,1144,2,2025-03-13,132,1.0,Mobile,Web,False
7259,588,9,2025-04-10,85,0.62,Smart TV,Android,False
7260,560,3,2025-03-04,97,0.67,Smart TV,Android,False
7261,30,22,2025-04-22,87,0.73,Mobile,Web,False
7262,671,2,2025-02-03,83,0.63,Tablet,iOS,True
7263,949,5,2025-01-15,95,0.78,Mobile,Web,False
7264,261,21,2025-03-25,116,0.75,Tablet,Web,False
7265,19,22,2025-04-24,99,0.83,Laptop,Web,False
7266,600,9,2025-04-06,81,0.59,Tablet,TV App,False
7267,999,4,2025-02-25,70,0.65,Mobile,iOS,False
7268,1010,16,2025-03-23,95,0.97,Laptop,iOS,False
7269,769,18,2024-10-22,123,0.87,Mobile,Web,False
7270,430,15,2025-04-27,83,0.7,Mobile,Web,False
7271,881,18,2024-11-10,105,0.74,Desktop,iOS,False
7272,1128,13,2025-04-29,140,1.0,Desktop,Web,False
7273,806,1,2025-03-22,109,0.93,Laptop,iOS,False
7274,518,1,2025-01-25,108,0.92,Mobile,iOS,False
7275,857,13,2025-04-19,82,0.59,Mobile,iOS,False
7276,507,6,2025-03-06,64,0.68,Laptop,Android,False
7277,776,8,2025-02-09,25,0.29,Mobile,Android,False
7278,400,1,2025-01-15,95,0.81,Laptop,Android,False
7279,773,10,2025-03-07,73,0.64,Smart TV,Android,False
7280,1083,8,2025-02-21,31,0.36,Smart TV,Android,True
7281,693,19,2025-04-29,102,0.82,Smart TV,iOS,False
7282,970,11,2025-03-17,92,0.73,Laptop,Web,False
7283,862,18,2024-09-28,92,0.65,Desktop,Android,False
7284,622,13,2025-04-28,91,0.65,Mobile,Android,True
7285,208,21,2025-03-28,65,0.42,Laptop,iOS,False
7286,1180,10,2025-01-15,93,0.81,Smart TV,Web,False
7287,1105,19,2025-04-12,88,0.71,Mobile,Android,True
7288,340,22,2025-01-16,74,0.62,Laptop,Web,False
7289,691,24,2025-03-25,43,0.41,Mobile,Web,False
7290,322,18,2025-02-23,106,0.75,Smart TV,Android,False
7291,577,10,2025-02-26,109,0.95,Laptop,Web,False
7292,469,9,2025-04-06,115,0.84,Mobile,TV App,True
7293,881,2,2025-02-07,130,0.99,Tablet,Web,False
7294,110,24,2025-03-20,46,0.44,Smart TV,Android,False
7295,1099,23,2025-02-08,96,0.88,Smart TV,iOS,False
7296,192,22,2025-01-26,76,0.64,Smart TV,iOS,False
7297,783,19,2025-04-20,61,0.49,Smart TV,Android,False
7298,699,16,2024-11-10,49,0.5,Smart TV,iOS,False
7299,640,18,2025-02-06,92,0.65,Tablet,iOS,True
7300,235,11,2025-02-20,113,0.89,Mobile,Android,True
7301,53,5,2024-10-05,120,0.99,Mobile,Web,False
7302,949,13,2025-04-20,124,0.89,Smart TV,iOS,False
7303,204,11,2025-04-26,85,0.67,Smart TV,TV App,False
7304,30,1,2025-01-24,94,0.8,Mobile,iOS,False
7305,482,22,2025-04-24,70,0.59,Smart TV,iOS,False
7306,650,21,2025-04-28,110,0.71,Laptop,TV App,False
7307,1173,22,2024-11-20,72,0.6,Mobile,Web,False
7308,1152,16,2025-03-31,77,0.79,Desktop,Android,False
7309,266,13,2025-04-15,109,0.78,Mobile,Web,False
7310,1197,21,2025-04-09,93,0.6,Tablet,iOS,False
7311,693,21,2025-04-12,147,0.95,Laptop,Web,True
7312,119,5,2025-02-09,98,0.81,Mobile,TV App,False
7313,131,25,2024-08-25,90,0.67,Laptop,Web,False
7314,1159,1,2025-01-20,101,0.86,Smart TV,Web,False
7315,450,21,2025-04-14,124,0.8,Mobile,iOS,True
7316,290,12,2025-03-03,59,0.58,Laptop,iOS,False
7317,667,11,2025-03-21,82,0.65,Smart TV,iOS,True
7318,241,18,2025-03-22,83,0.59,Mobile,Web,False
7319,218,3,2025-04-16,108,0.75,Mobile,Web,False
7320,787,10,2024-11-14,73,0.64,Desktop,iOS,False
7321,174,1,2025-04-20,102,0.87,Mobile,iOS,False
7322,742,22,2024-12-12,110,0.92,Mobile,iOS,False
7323,585,21,2025-04-26,82,0.53,Smart TV,Android,False
7324,571,14,2024-10-25,67,0.52,Tablet,iOS,False
7325,596,1,2025-01-16,112,0.95,Laptop,iOS,False
7326,713,13,2025-03-26,127,0.91,Smart TV,TV App,False
7327,654,19,2025-04-17,120,0.96,Laptop,Android,True
7328,606,9,2025-04-17,75,0.55,Laptop,Web,False
7329,402,23,2025-04-12,77,0.7,Smart TV,Web,False
7330,328,11,2025-02-25,99,0.78,Smart TV,Web,True
7331,959,7,2025-02-06,49,0.55,Mobile,Android,False
7332,922,15,2025-04-19,76,0.64,Smart TV,Web,False
7333,734,1,2025-03-21,115,0.98,Smart TV,Web,False
7334,983,11,2025-04-22,101,0.8,Laptop,iOS,False
7335,358,21,2025-03-27,155,1.0,Smart TV,iOS,False
7336,876,23,2025-03-18,90,0.82,Smart TV,iOS,False
7337,1094,18,2025-03-09,132,0.93,Smart TV,TV App,False
7338,96,14,2024-06-27,76,0.59,Smart TV,Web,False
7339,611,24,2025-01-24,73,0.7,Smart TV,Android,False
7340,205,9,2025-04-22,97,0.71,Mobile,iOS,False
7341,298,1,2025-02-28,118,1.0,Smart TV,Web,False
7342,1001,19,2025-04-26,112,0.9,Mobile,iOS,False
7343,740,25,2024-12-08,102,0.76,Mobile,iOS,False
7344,1067,25,2025-01-08,116,0.86,Smart TV,iOS,False
7345,827,1,2025-02-04,108,0.92,Smart TV,Web,True
7346,1128,13,2025-04-02,140,1.0,Mobile,TV App,False
7347,180,19,2025-04-16,75,0.6,Smart TV,TV App,False
7348,796,23,2025-03-21,79,0.72,Smart TV,TV App,False
7349,159,1,2025-02-02,101,0.86,Smart TV,Android,False
7350,14,11,2025-02-15,60,0.48,Mobile,iOS,False
7351,271,13,2025-03-31,102,0.73,Smart TV,Android,True
7352,555,19,2025-04-12,100,0.8,Tablet,TV App,False
7353,83,7,2024-12-18,64,0.72,Mobile,Web,True
7354,877,2,2024-10-01,87,0.66,Tablet,iOS,True
7355,738,11,2025-02-21,114,0.9,Mobile,Android,False
7356,654,19,2025-04-15,102,0.82,Tablet,Web,False
7357,178,21,2025-04-14,110,0.71,Mobile,Web,True
7358,1182,19,2025-04-20,111,0.89,Mobile,TV App,False
7359,557,18,2024-09-30,99,0.7,Mobile,iOS,False
7360,325,21,2025-03-31,99,0.64,Smart TV,TV App,True
7361,1161,13,2025-04-02,85,0.61,Smart TV,TV App,False
7362,1062,9,2025-04-21,91,0.66,Laptop,iOS,False
7363,352,18,2025-02-07,79,0.56,Smart TV,iOS,True
7364,72,1,2025-01-17,118,1.0,Mobile,Android,False
7365,834,1,2025-03-26,99,0.84,Mobile,Android,False
7366,142,13,2025-03-25,107,0.77,Laptop,Web,False
7367,557,5,2024-12-21,87,0.72,Mobile,iOS,False
7368,1027,24,2025-04-05,98,0.94,Mobile,Android,True
7369,614,15,2025-04-16,78,0.66,Laptop,Web,False
7370,636,6,2025-04-01,69,0.73,Laptop,Web,False
7371,206,12,2025-01-12,71,0.7,Mobile,TV App,False
7372,88,17,2025-04-15,53,0.63,Mobile,Web,False
7373,208,1,2025-02-14,93,0.79,Smart TV,Web,False
7374,666,11,2025-02-12,97,0.77,Mobile,Android,True
7375,849,9,2025-04-28,74,0.54,Mobile,Web,False
7376,725,15,2025-03-30,110,0.93,Laptop,Android,False
7377,128,25,2024-09-28,101,0.75,Smart TV,TV App,True
7378,91,24,2025-01-31,99,0.95,Tablet,TV App,False
7379,643,3,2024-12-15,79,0.55,Smart TV,Web,False
7380,210,22,2024-11-07,81,0.68,Mobile,iOS,False
7381,529,19,2025-04-30,93,0.75,Laptop,Web,False
7382,480,3,2024-12-11,137,0.95,Mobile,TV App,False
7383,7,9,2025-04-27,117,0.85,Desktop,TV App,True
7384,716,23,2025-02-24,66,0.6,Mobile,iOS,False
7385,989,13,2025-04-26,106,0.76,Laptop,Android,True
7386,337,22,2025-04-08,60,0.5,Smart TV,iOS,False
7387,519,18,2025-01-06,97,0.69,Tablet,iOS,False
7388,857,11,2025-04-15,86,0.68,Mobile,iOS,False
7389,346,6,2025-04-02,56,0.59,Laptop,iOS,False
7390,1124,22,2025-03-29,90,0.75,Laptop,Web,False
7391,698,15,2025-04-21,76,0.64,Laptop,Android,False
7392,706,8,2025-02-18,34,0.39,Mobile,Android,True
7393,768,16,2025-02-06,33,0.34,Smart TV,iOS,False
7394,886,19,2025-04-20,113,0.91,Smart TV,Web,False
7395,180,20,2024-09-06,66,0.72,Tablet,Android,False
7396,54,9,2025-04-21,138,1.0,Laptop,Web,False
7397,250,5,2025-02-21,101,0.83,Smart TV,Android,False
7398,498,4,2025-04-26,86,0.8,Mobile,iOS,False
7399,32,10,2024-10-17,54,0.47,Mobile,Web,False
7400,914,6,2025-04-26,40,0.43,Mobile,Web,False
7401,928,19,2025-04-19,108,0.87,Smart TV,Android,False
7402,282,22,2025-01-03,75,0.63,Tablet,Android,False
7403,256,25,2024-11-14,118,0.88,Mobile,Android,False
7404,538,23,2025-04-26,79,0.72,Tablet,Android,False
7405,423,7,2025-01-08,38,0.43,Mobile,Web,False
7406,830,21,2025-04-29,119,0.77,Smart TV,iOS,False
7407,734,5,2025-04-10,93,0.77,Desktop,iOS,True
7408,1076,25,2024-10-19,83,0.62,Mobile,Android,True
7409,123,2,2024-11-08,117,0.89,Smart TV,Android,False
7410,500,10,2024-11-25,52,0.46,Mobile,Android,True
7411,413,2,2024-10-02,76,0.58,Mobile,Android,True
7412,252,21,2025-04-09,131,0.85,Smart TV,iOS,False
7413,753,1,2025-03-08,90,0.77,Laptop,Android,False
7414,107,19,2025-04-13,60,0.48,Tablet,iOS,False
7415,634,15,2025-04-12,92,0.78,Smart TV,TV App,False
7416,826,9,2025-04-07,138,1.0,Mobile,iOS,False
7417,1120,1,2025-02-14,113,0.96,Laptop,iOS,False
7418,632,22,2025-04-06,108,0.9,Laptop,iOS,False
7419,29,21,2025-04-22,139,0.9,Laptop,iOS,True
7420,1169,4,2025-02-14,82,0.76,Smart TV,iOS,False
7421,278,2,2024-11-11,96,0.73,Tablet,iOS,False
7422,497,24,2025-03-04,72,0.69,Mobile,Android,False
7423,1044,10,2025-01-16,109,0.95,Smart TV,Web,False
7424,905,4,2025-02-22,91,0.85,Desktop,Web,False
7425,44,5,2024-12-28,56,0.46,Smart TV,Web,False
7426,527,4,2025-03-29,87,0.81,Mobile,iOS,False
7427,1136,9,2025-04-26,104,0.76,Mobile,Web,False
7428,735,11,2025-02-09,85,0.67,Laptop,TV App,False
7429,820,2,2024-10-27,95,0.72,Tablet,Web,False
7430,11,12,2024-12-09,53,0.52,Laptop,Android,False
7431,1083,1,2025-04-13,112,0.95,Tablet,Android,False
7432,213,19,2025-04-15,48,0.39,Mobile,Android,True
7433,836,15,2025-04-20,104,0.88,Smart TV,Android,False
7434,538,23,2025-02-22,46,0.42,Smart TV,Android,False
7435,811,21,2025-04-26,153,0.99,Laptop,iOS,False
7436,712,7,2025-01-01,31,0.35,Laptop,Web,False
7437,1146,22,2025-02-21,94,0.79,Smart TV,iOS,True
7438,491,9,2025-04-23,107,0.78,Smart TV,Android,False
7439,116,1,2025-02-20,96,0.82,Tablet,iOS,False
7440,793,1,2025-01-16,105,0.89,Smart TV,Android,False
7441,694,14,2025-02-15,107,0.83,Mobile,Android,False
7442,850,12,2024-11-19,79,0.78,Tablet,iOS,False
7443,322,11,2025-02-28,127,1.0,Mobile,Web,False
7444,552,2,2024-11-29,85,0.65,Mobile,Web,False
7445,440,16,2025-01-16,72,0.74,Smart TV,TV App,False
7446,174,16,2025-02-13,75,0.77,Laptop,iOS,False
7447,49,13,2025-04-23,93,0.67,Smart TV,Android,False
7448,671,1,2025-02-16,89,0.76,Laptop,iOS,False
7449,352,25,2025-02-05,101,0.75,Mobile,TV App,False
7450,149,13,2025-04-24,117,0.84,Laptop,iOS,False
7451,359,23,2025-02-12,58,0.53,Tablet,iOS,False
7452,294,25,2024-12-04,52,0.39,Smart TV,TV App,False
7453,607,5,2025-04-30,107,0.88,Smart TV,Android,False
7454,1073,1,2025-02-08,114,0.97,Mobile,Android,False
7455,511,19,2025-04-12,90,0.72,Smart TV,iOS,False
7456,568,11,2025-02-24,118,0.93,Laptop,Web,False
7457,572,19,2025-04-25,90,0.72,Smart TV,Android,False
7458,650,20,2024-09-24,28,0.31,Mobile,Android,False
7459,726,3,2025-03-10,113,0.78,Mobile,iOS,True
7460,227,1,2025-02-23,115,0.98,Tablet,Android,True
7461,328,6,2025-03-12,57,0.61,Desktop,Web,False
7462,177,13,2025-04-18,95,0.68,Smart TV,Web,False
7463,763,19,2025-04-14,76,0.61,Mobile,iOS,True
7464,943,10,2025-03-15,83,0.73,Smart TV,Web,False
7465,203,1,2025-04-19,89,0.76,Laptop,Web,False
7466,660,13,2025-04-11,140,1.0,Laptop,iOS,False
7467,901,2,2025-02-14,100,0.76,Smart TV,Web,False
7468,925,1,2025-03-12,86,0.73,Mobile,iOS,False
7469,657,24,2024-12-30,85,0.81,Laptop,Web,False
7470,366,1,2025-04-04,110,0.94,Tablet,Web,False
7471,1019,23,2025-02-19,82,0.75,Smart TV,Web,False
7472,615,15,2025-03-09,98,0.83,Smart TV,Web,False
7473,703,14,2024-06-02,111,0.86,Mobile,Web,False
7474,1159,2,2025-04-14,99,0.75,Desktop,TV App,False
7475,629,18,2024-12-02,126,0.89,Smart TV,Web,False
7476,537,25,2025-04-19,101,0.75,Laptop,TV App,False
7477,1079,8,2025-02-03,16,0.19,Tablet,Android,False
7478,350,21,2025-04-14,99,0.64,Mobile,Android,False
7479,164,22,2024-11-14,105,0.88,Mobile,iOS,False
7480,539,20,2024-08-30,28,0.31,Laptop,Web,False
7481,12,23,2025-04-07,71,0.65,Smart TV,Web,False
7482,703,3,2025-03-09,123,0.85,Mobile,Web,True
7483,625,15,2025-03-12,116,0.98,Desktop,Web,False
7484,202,1,2025-02-16,90,0.77,Desktop,Web,False
7485,794,10,2024-10-03,86,0.75,Smart TV,iOS,False
7486,13,16,2025-01-24,82,0.84,Smart TV,TV App,False
7487,411,19,2025-04-16,108,0.87,Laptop,iOS,True
7488,556,1,2025-04-10,106,0.9,Laptop,iOS,False
7489,906,19,2025-04-30,108,0.87,Smart TV,Android,False
7490,145,25,2025-01-11,99,0.74,Laptop,iOS,False
7491,604,14,2024-09-24,92,0.71,Mobile,TV App,False
7492,1168,3,2024-12-08,126,0.87,Tablet,iOS,False
7493,957,12,2025-02-25,60,0.59,Mobile,TV App,False
7494,355,25,2024-09-22,89,0.66,Mobile,TV App,True
7495,530,15,2025-04-13,74,0.63,Smart TV,Android,True
7496,1032,1,2025-03-05,90,0.77,Desktop,Web,False
7497,718,24,2025-02-18,63,0.6,Smart TV,iOS,False
7498,45,9,2025-04-19,133,0.97,Smart TV,iOS,False
7499,958,9,2025-04-27,136,0.99,Mobile,Android,False
7500,1133,9,2025-04-09,73,0.53,Tablet,Web,False
7501,727,24,2025-03-28,70,0.67,Tablet,Web,False
7502,1039,6,2025-04-27,62,0.66,Mobile,Android,False
7503,76,1,2025-01-30,94,0.8,Mobile,iOS,False
7504,181,24,2025-04-20,35,0.34,Smart TV,iOS,True
7505,1198,3,2025-02-18,97,0.67,Mobile,Android,True
7506,871,19,2025-04-21,113,0.91,Smart TV,TV App,False
7507,564,25,2024-09-05,75,0.56,Mobile,Web,True
7508,810,1,2025-03-30,118,1.0,Smart TV,Android,False
7509,614,21,2025-03-26,147,0.95,Laptop,iOS,False
7510,730,6,2025-04-27,44,0.47,Laptop,iOS,False
7511,638,24,2025-04-14,58,0.56,Smart TV,Android,False
7512,1172,13,2025-04-23,107,0.77,Laptop,TV App,False
7513,96,15,2025-04-04,83,0.7,Smart TV,Android,True
7514,1022,18,2024-11-12,119,0.84,Mobile,Web,False
7515,52,10,2025-04-26,73,0.64,Smart TV,TV App,True
7516,951,2,2024-11-22,76,0.58,Laptop,iOS,True
7517,760,1,2025-01-28,103,0.88,Smart TV,iOS,False
7518,491,16,2025-01-30,77,0.79,Smart TV,iOS,False
7519,743,10,2024-07-24,115,1.0,Smart TV,Web,False
7520,354,11,2025-02-23,78,0.62,Desktop,TV App,False
7521,992,9,2025-04-30,102,0.74,Tablet,TV App,False
7522,227,14,2024-09-06,130,1.0,Tablet,TV App,False
7523,117,1,2025-01-27,118,1.0,Smart TV,TV App,False
7524,35,2,2024-12-27,132,1.0,Smart TV,Android,False
7525,102,16,2025-03-22,66,0.68,Smart TV,Android,False
7526,454,24,2025-03-30,57,0.55,Laptop,Android,False
7527,310,18,2025-02-02,142,1.0,Smart TV,TV App,False
7528,1109,10,2025-04-22,110,0.96,Laptop,TV App,False
7529,505,9,2025-04-25,85,0.62,Desktop,Web,True
7530,692,2,2024-08-28,104,0.79,Smart TV,Web,False
7531,855,18,2025-02-18,116,0.82,Smart TV,Web,False
7532,1159,12,2025-04-21,77,0.76,Smart TV,Android,False
7533,183,3,2025-04-22,124,0.86,Smart TV,Web,False
7534,661,3,2025-01-21,139,0.96,Mobile,TV App,False
7535,475,22,2025-03-28,104,0.87,Desktop,Android,False
7536,1172,9,2025-04-15,115,0.84,Mobile,TV App,True
7537,270,6,2025-03-25,74,0.78,Smart TV,Web,False
7538,1045,10,2025-03-21,82,0.72,Smart TV,Web,False
7539,991,16,2024-12-12,64,0.66,Mobile,Web,False
7540,343,5,2024-10-13,122,1.0,Tablet,Web,False
7541,605,2,2024-10-22,88,0.67,Mobile,iOS,False
7542,202,21,2025-03-29,131,0.85,Tablet,Web,False
7543,976,12,2025-01-29,77,0.76,Laptop,TV App,False
7544,763,1,2025-04-18,96,0.82,Laptop,Android,False
7545,143,21,2025-04-09,150,0.97,Smart TV,iOS,False
7546,235,1,2025-04-04,116,0.99,Smart TV,Android,True
7547,609,2,2024-09-23,122,0.93,Mobile,Android,False
7548,519,8,2025-03-10,48,0.55,Laptop,Web,False
7549,1121,1,2025-03-24,113,0.96,Laptop,Android,False
7550,18,20,2024-08-20,42,0.46,Mobile,Web,False
7551,864,9,2025-04-08,102,0.74,Smart TV,iOS,False
7552,463,14,2024-11-19,106,0.82,Desktop,Web,False
7553,589,15,2025-04-12,116,0.98,Laptop,Android,False
7554,1131,4,2025-04-23,102,0.95,Smart TV,Web,False
7555,992,1,2025-01-17,105,0.89,Smart TV,iOS,False
7556,353,4,2025-02-25,85,0.79,Laptop,Android,False
7557,869,1,2025-01-25,92,0.78,Laptop,Web,False
7558,659,2,2025-03-08,104,0.79,Mobile,Android,False
7559,778,9,2025-04-20,60,0.44,Smart TV,Android,False
7560,307,24,2025-04-30,85,0.81,Laptop,iOS,False
7561,1183,24,2025-01-06,75,0.72,Laptop,TV App,False
7562,419,19,2025-04-15,58,0.47,Mobile,TV App,True
7563,394,21,2025-04-08,63,0.41,Laptop,iOS,True
7564,609,18,2025-03-09,93,0.66,Laptop,TV App,True
7565,1198,17,2025-04-09,48,0.57,Mobile,iOS,False
7566,131,18,2024-11-05,110,0.78,Smart TV,Android,False
7567,853,15,2025-04-24,77,0.65,Tablet,Android,False
7568,1125,24,2025-02-16,87,0.83,Laptop,Web,False
7569,1180,23,2025-03-22,81,0.74,Desktop,Web,True
7570,917,14,2025-03-19,53,0.41,Laptop,Android,False
7571,673,21,2025-04-25,142,0.92,Mobile,Android,False
7572,196,19,2025-04-17,65,0.52,Laptop,iOS,False
7573,752,25,2024-07-06,117,0.87,Mobile,iOS,False
7574,291,25,2025-03-14,78,0.58,Smart TV,Android,False
7575,1134,9,2025-04-29,88,0.64,Smart TV,iOS,False
7576,1007,1,2025-01-29,105,0.89,Laptop,TV App,False
7577,344,4,2025-04-06,87,0.81,Mobile,Android,False
7578,825,18,2024-10-23,86,0.61,Smart TV,TV App,False
7579,338,21,2025-04-05,127,0.82,Mobile,Android,True
7580,652,7,2025-02-08,43,0.48,Mobile,iOS,False
7581,660,10,2025-03-07,77,0.67,Smart TV,Web,True
7582,633,13,2025-04-19,100,0.72,Laptop,Android,False
7583,923,1,2025-04-02,97,0.83,Desktop,Web,False
7584,325,20,2024-08-26,92,1.0,Mobile,TV App,False
7585,902,1,2025-02-28,105,0.89,Smart TV,Web,True
7586,560,12,2025-04-01,83,0.82,Smart TV,Web,False
7587,568,20,2024-09-12,71,0.78,Smart TV,Web,False
7588,1065,13,2025-03-30,102,0.73,Smart TV,iOS,False
7589,935,9,2025-04-24,106,0.77,Mobile,Web,False
7590,1048,9,2025-04-12,75,0.55,Smart TV,Android,False
7591,131,15,2025-02-28,64,0.54,Mobile,Web,False
7592,200,15,2025-04-30,92,0.78,Tablet,iOS,False
7593,250,12,2025-04-23,51,0.5,Laptop,Web,False
7594,88,5,2024-10-22,113,0.93,Tablet,iOS,False
7595,191,14,2024-07-03,118,0.91,Tablet,iOS,False
7596,880,11,2025-04-12,58,0.46,Laptop,Web,False
7597,190,12,2024-10-29,94,0.93,Smart TV,Web,False
7598,448,21,2025-04-04,89,0.58,Mobile,TV App,False
7599,270,2,2024-11-12,96,0.73,Mobile,Web,False
7600,461,12,2024-11-26,82,0.81,Mobile,TV App,True
7601,578,3,2025-04-18,126,0.87,Laptop,iOS,False
7602,599,2,2024-11-10,93,0.71,Smart TV,iOS,False
7603,203,19,2025-04-18,83,0.67,Smart TV,TV App,False
7604,110,1,2025-03-09,83,0.71,Smart TV,Web,False
7605,639,6,2025-04-16,43,0.46,Mobile,Web,True
7606,873,23,2025-04-04,79,0.72,Mobile,Android,False
7607,884,11,2025-03-14,87,0.69,Smart TV,Web,False
7608,952,19,2025-04-16,87,0.7,Mobile,Android,False
7609,1015,1,2025-03-06,89,0.76,Laptop,TV App,False
7610,649,19,2025-04-12,122,0.98,Mobile,Android,False
7611,711,23,2025-02-21,75,0.69,Smart TV,TV App,True
7612,312,1,2025-01-17,109,0.93,Mobile,Android,False
7613,925,22,2025-01-17,106,0.89,Mobile,Android,True
7614,474,12,2025-03-21,62,0.61,Mobile,iOS,False
7615,995,24,2025-02-15,89,0.85,Mobile,Web,False
7616,401,13,2025-04-27,102,0.73,Smart TV,Web,False
7617,871,23,2025-03-04,110,1.0,Mobile,Android,True
7618,409,19,2025-04-27,117,0.94,Mobile,Android,False
7619,148,23,2025-02-11,77,0.7,Laptop,iOS,True
7620,571,9,2025-04-24,138,1.0,Smart TV,iOS,False
7621,830,19,2025-04-20,56,0.45,Desktop,Android,False
7622,817,1,2025-01-28,118,1.0,Laptop,Web,False
7623,479,2,2025-01-14,101,0.77,Laptop,iOS,True
7624,4,1,2025-01-20,95,0.81,Tablet,Android,False
7625,336,13,2025-04-15,112,0.8,Laptop,Android,False
7626,536,3,2025-01-03,133,0.92,Mobile,Web,False
7627,891,13,2025-04-17,106,0.76,Mobile,iOS,False
7628,792,1,2025-03-31,113,0.96,Smart TV,TV App,False
7629,636,5,2024-12-21,76,0.63,Smart TV,Web,False
7630,533,2,2024-08-11,87,0.66,Mobile,TV App,True
7631,14,4,2025-04-18,77,0.72,Mobile,Android,False
7632,352,7,2024-12-26,42,0.47,Smart TV,Android,False
7633,656,18,2025-02-06,92,0.65,Tablet,iOS,False
7634,29,1,2025-01-17,118,1.0,Mobile,Android,False
7635,286,18,2024-12-28,139,0.98,Mobile,Web,False
7636,810,5,2025-04-25,84,0.69,Mobile,TV App,True
7637,209,16,2025-01-08,75,0.77,Laptop,Android,False
7638,1011,21,2025-04-06,124,0.8,Smart TV,iOS,True
7639,108,11,2025-03-21,63,0.5,Mobile,TV App,True
7640,859,19,2025-04-13,102,0.82,Tablet,iOS,True
7641,922,9,2025-04-30,138,1.0,Mobile,TV App,True
7642,88,22,2025-02-18,87,0.73,Mobile,Android,False
7643,771,22,2025-03-18,100,0.84,Desktop,TV App,True
7644,573,4,2025-03-09,74,0.69,Mobile,Web,False
7645,1121,13,2025-03-19,140,1.0,Mobile,iOS,False
7646,220,23,2025-02-13,103,0.94,Smart TV,TV App,False
7647,861,1,2025-02-21,105,0.89,Smart TV,Web,False
7648,1086,8,2025-03-10,51,0.59,Desktop,iOS,False
7649,725,22,2025-02-13,97,0.81,Mobile,TV App,False
7650,337,11,2025-03-28,83,0.66,Smart TV,TV App,False
7651,158,11,2025-03-30,113,0.89,Mobile,TV App,True
7652,128,3,2024-12-08,124,0.86,Smart TV,Web,False
7653,420,13,2025-03-19,93,0.67,Desktop,Web,False
7654,155,7,2025-01-30,15,0.17,Mobile,iOS,True
7655,789,10,2025-01-01,39,0.34,Smart TV,Web,False
7656,981,1,2025-04-30,112,0.95,Laptop,Android,True
7657,107,4,2025-03-07,98,0.91,Laptop,Web,False
7658,288,15,2025-04-19,79,0.67,Smart TV,TV App,False
7659,1137,1,2025-01-23,118,1.0,Laptop,Web,False
7660,753,15,2025-03-09,113,0.95,Laptop,iOS,False
7661,1073,1,2025-02-06,114,0.97,Smart TV,TV App,False
7662,191,3,2025-03-07,114,0.79,Mobile,Web,True
7663,90,6,2025-04-07,55,0.58,Mobile,Android,False
7664,1007,8,2025-03-03,14,0.17,Mobile,iOS,False
7665,49,21,2025-04-03,114,0.74,Laptop,Web,False
7666,517,18,2025-04-02,93,0.66,Smart TV,Web,False
7667,716,19,2025-04-18,101,0.81,Smart TV,iOS,False
7668,353,19,2025-04-22,93,0.75,Mobile,iOS,False
7669,1038,19,2025-04-23,81,0.65,Smart TV,Android,False
7670,1148,22,2024-11-23,76,0.64,Smart TV,iOS,True
7671,620,21,2025-04-04,114,0.74,Desktop,Web,False
7672,189,10,2025-03-24,86,0.75,Mobile,iOS,False
7673,779,1,2025-02-11,102,0.87,Tablet,TV App,False
7674,760,18,2024-12-30,106,0.75,Smart TV,Web,False
7675,756,17,2025-02-03,77,0.91,Mobile,Android,False
7676,1180,1,2025-01-27,118,1.0,Laptop,Web,True
7677,799,4,2025-04-28,82,0.76,Laptop,Web,False
7678,734,23,2025-04-23,75,0.69,Smart TV,iOS,False
7679,116,5,2024-11-30,73,0.6,Laptop,Web,False
7680,432,5,2025-01-19,62,0.51,Smart TV,iOS,False
7681,890,12,2025-01-15,102,1.0,Mobile,Android,True
7682,82,2,2024-11-13,128,0.97,Smart TV,Android,False
7683,107,3,2025-02-26,116,0.8,Smart TV,Android,False
7684,18,21,2025-03-27,114,0.74,Smart TV,Web,False
7685,106,16,2025-04-17,66,0.68,Laptop,iOS,False
7686,628,20,2024-10-13,33,0.36,Laptop,Android,False
7687,636,14,2024-09-11,113,0.87,Mobile,Web,False
7688,883,4,2025-04-06,30,0.28,Desktop,Android,False
7689,532,1,2025-01-19,101,0.86,Smart TV,TV App,True
7690,435,18,2024-11-05,85,0.6,Mobile,Android,False
7691,850,13,2025-03-23,92,0.66,Desktop,Android,False
7692,223,19,2025-04-20,91,0.73,Smart TV,Android,False
7693,45,13,2025-04-07,105,0.75,Laptop,Android,False
7694,1123,13,2025-04-14,121,0.87,Smart TV,Web,True
7695,1162,21,2025-04-05,117,0.76,Laptop,TV App,False
7696,425,18,2025-02-13,107,0.76,Smart TV,Web,False
7697,628,1,2025-03-15,92,0.78,Smart TV,iOS,False
7698,394,18,2025-01-15,99,0.7,Tablet,Web,False
7699,965,6,2025-04-30,34,0.36,Desktop,TV App,False
7700,767,2,2024-08-15,105,0.8,Mobile,iOS,False
7701,944,3,2025-03-21,84,0.58,Mobile,iOS,True
7702,800,5,2025-04-05,100,0.82,Smart TV,iOS,False
7703,267,25,2025-04-20,91,0.68,Laptop,iOS,False
7704,1095,15,2025-04-05,91,0.77,Laptop,Web,False
7705,739,11,2025-03-23,96,0.76,Smart TV,Web,False
7706,476,8,2025-03-05,57,0.65,Smart TV,iOS,True
7707,1136,23,2025-02-24,69,0.63,Smart TV,Android,True
7708,395,2,2025-01-13,81,0.62,Laptop,Web,False
7709,938,23,2025-04-29,88,0.8,Tablet,Web,False
7710,98,12,2025-02-21,63,0.62,Smart TV,iOS,False
7711,1053,23,2025-03-28,79,0.72,Mobile,iOS,False
7712,102,9,2025-04-30,115,0.84,Tablet,Android,False
7713,866,10,2024-07-23,52,0.46,Mobile,TV App,False
7714,393,10,2025-03-04,79,0.69,Mobile,Web,False
7715,484,19,2025-04-25,90,0.72,Smart TV,TV App,False
7716,488,22,2025-03-05,76,0.64,Mobile,iOS,False
7717,496,1,2025-01-24,110,0.94,Smart TV,Android,False
7718,320,10,2024-10-29,81,0.71,Smart TV,iOS,False
7719,955,6,2025-04-25,58,0.62,Desktop,Web,False
7720,555,9,2025-04-12,84,0.61,Laptop,Android,False
7721,740,5,2024-12-02,95,0.78,Laptop,TV App,False
7722,207,1,2025-01-18,114,0.97,Tablet,Web,False
7723,1172,11,2025-04-30,63,0.5,Laptop,Android,False
7724,16,19,2025-04-22,90,0.72,Laptop,Web,False
7725,353,2,2024-12-18,81,0.62,Smart TV,iOS,False
7726,260,1,2025-01-22,114,0.97,Laptop,iOS,True
7727,317,13,2025-04-09,119,0.85,Tablet,Android,False
7728,714,13,2025-03-21,113,0.81,Smart TV,iOS,True
7729,28,3,2024-11-29,107,0.74,Desktop,Android,False
7730,281,17,2025-03-29,68,0.8,Smart TV,Web,True
7731,1013,19,2025-04-23,100,0.8,Smart TV,Web,False
7732,478,14,2025-01-21,81,0.63,Smart TV,iOS,True
7733,843,3,2025-03-10,145,1.0,Desktop,Android,True
7734,182,3,2025-03-22,98,0.68,Smart TV,TV App,False
7735,39,17,2025-02-02,73,0.86,Laptop,Android,False
7736,956,16,2025-03-17,54,0.56,Smart TV,iOS,False
7737,153,2,2024-08-17,92,0.7,Smart TV,iOS,False
7738,894,20,2024-08-30,39,0.43,Mobile,iOS,False
7739,405,1,2025-04-11,90,0.77,Mobile,Web,False
7740,216,19,2025-04-27,115,0.92,Laptop,iOS,False
7741,86,1,2025-02-01,97,0.83,Tablet,iOS,False
7742,550,19,2025-04-24,85,0.68,Laptop,Android,False
7743,389,5,2024-11-30,100,0.82,Laptop,Web,False
7744,1086,4,2025-03-26,85,0.79,Smart TV,Android,False
7745,718,11,2025-02-19,101,0.8,Tablet,Web,False
7746,983,3,2025-04-30,118,0.82,Mobile,TV App,True
7747,811,25,2024-07-14,59,0.44,Mobile,Android,False
7748,114,18,2025-01-02,126,0.89,Desktop,Android,False
7749,455,1,2025-04-23,114,0.97,Laptop,Android,False
7750,225,2,2024-11-10,83,0.63,Laptop,TV App,False
7751,529,1,2025-01-30,83,0.71,Smart TV,iOS,False
7752,1145,8,2025-03-28,67,0.77,Smart TV,Web,False
7753,381,11,2025-04-27,78,0.62,Smart TV,Android,False
7754,487,10,2025-02-26,75,0.66,Laptop,iOS,False
7755,681,5,2025-04-05,108,0.89,Mobile,Web,True
7756,1038,24,2025-04-27,73,0.7,Smart TV,iOS,False
7757,174,1,2025-04-06,93,0.79,Laptop,Android,False
7758,447,4,2025-04-14,92,0.86,Smart TV,iOS,False
7759,320,16,2024-11-14,79,0.81,Mobile,TV App,False
7760,289,17,2025-03-14,71,0.84,Mobile,iOS,False
7761,1073,9,2025-04-27,122,0.89,Tablet,Web,False
7762,648,5,2025-04-10,122,1.0,Smart TV,Android,False
7763,44,10,2024-08-19,51,0.45,Mobile,Android,False
7764,778,12,2024-10-29,71,0.7,Mobile,iOS,False
7765,582,14,2025-04-05,44,0.34,Laptop,iOS,False
7766,133,1,2025-02-03,95,0.81,Mobile,iOS,False
7767,124,15,2025-03-04,98,0.83,Tablet,TV App,False
7768,503,6,2025-03-03,50,0.53,Smart TV,Web,False
7769,731,4,2025-04-22,55,0.51,Mobile,TV App,False
7770,490,6,2025-03-16,65,0.69,Smart TV,Web,True
7771,345,11,2025-03-01,127,1.0,Desktop,Web,False
7772,883,1,2025-01-19,116,0.99,Mobile,Android,False
7773,165,15,2025-03-04,111,0.94,Smart TV,Web,False
7774,1042,2,2025-03-02,97,0.74,Tablet,Android,True
7775,636,4,2025-03-18,108,1.0,Mobile,TV App,False
7776,621,21,2025-04-10,113,0.73,Laptop,iOS,False
7777,406,1,2025-01-29,109,0.93,Smart TV,Web,False
7778,27,16,2025-01-18,88,0.9,Smart TV,Android,False
7779,725,3,2025-03-31,123,0.85,Smart TV,Android,False
7780,1026,12,2025-03-23,70,0.69,Laptop,iOS,False
7781,121,19,2025-04-17,120,0.96,Mobile,iOS,False
7782,402,23,2025-04-27,81,0.74,Mobile,Web,False
7783,987,11,2025-04-04,90,0.71,Smart TV,Android,False
7784,181,22,2024-12-25,116,0.97,Smart TV,iOS,False
7785,651,9,2025-04-25,81,0.59,Smart TV,iOS,False
7786,973,13,2025-04-27,113,0.81,Mobile,iOS,False
7787,526,13,2025-04-28,102,0.73,Laptop,Web,True
7788,604,6,2025-04-28,33,0.35,Smart TV,Web,False
7789,139,8,2025-02-12,48,0.55,Desktop,iOS,True
7790,914,2,2024-09-03,104,0.79,Smart TV,iOS,False
7791,162,16,2025-01-06,68,0.7,Smart TV,Web,True
7792,1126,1,2025-02-25,84,0.72,Mobile,TV App,False
7793,96,13,2025-04-22,124,0.89,Smart TV,Web,False
7794,199,24,2025-01-12,70,0.67,Smart TV,Web,False
7795,1130,1,2025-01-25,95,0.81,Smart TV,Android,False
7796,1109,1,2025-02-07,96,0.82,Desktop,iOS,False
7797,809,7,2025-01-17,58,0.65,Mobile,iOS,False
7798,105,21,2025-04-20,103,0.67,Smart TV,Android,False
7799,138,13,2025-03-30,86,0.62,Tablet,Web,True
7800,451,2,2024-11-04,63,0.48,Desktop,iOS,False
7801,139,18,2024-10-18,115,0.81,Laptop,Web,False
7802,539,24,2025-01-27,76,0.73,Smart TV,Web,False
7803,468,15,2025-04-07,83,0.7,Laptop,Android,False
7804,661,4,2025-03-06,72,0.67,Laptop,Web,False
7805,777,21,2025-04-13,114,0.74,Mobile,iOS,True
7806,620,16,2025-02-21,50,0.52,Laptop,iOS,False
7807,376,21,2025-04-08,108,0.7,Smart TV,Android,False
7808,598,19,2025-04-19,73,0.59,Mobile,Android,False
7809,177,21,2025-04-14,103,0.67,Mobile,TV App,False
7810,548,16,2025-04-28,49,0.51,Laptop,iOS,False
7811,518,4,2025-04-26,91,0.85,Desktop,Android,False
7812,431,4,2025-03-25,84,0.78,Mobile,Android,False
7813,971,21,2025-04-14,99,0.64,Smart TV,Android,False
7814,851,9,2025-04-28,81,0.59,Smart TV,iOS,False
7815,778,1,2025-03-27,105,0.89,Laptop,Web,False
7816,4,13,2025-03-18,50,0.36,Mobile,Web,False
7817,197,5,2024-12-14,65,0.54,Tablet,TV App,False
7818,167,3,2025-03-22,85,0.59,Smart TV,iOS,False
7819,1081,16,2025-01-28,66,0.68,Mobile,iOS,False
7820,214,2,2024-11-29,128,0.97,Mobile,iOS,False
7821,379,8,2025-02-22,38,0.44,Tablet,Web,False
7822,1117,6,2025-03-05,43,0.46,Smart TV,iOS,False
7823,428,22,2025-04-21,98,0.82,Smart TV,Android,False
7824,71,8,2025-02-11,35,0.4,Tablet,Web,True
7825,138,21,2025-04-29,108,0.7,Smart TV,Android,True
7826,1146,7,2025-01-17,48,0.54,Tablet,iOS,True
7827,1164,1,2025-01-18,112,0.95,Smart TV,iOS,True
7828,346,13,2025-03-29,74,0.53,Smart TV,TV App,False
7829,407,1,2025-03-02,107,0.91,Smart TV,Web,True
7830,916,3,2025-04-12,94,0.65,Laptop,iOS,False
7831,148,15,2025-04-26,113,0.95,Laptop,Web,False
7832,756,1,2025-02-06,110,0.94,Mobile,Web,False
7833,730,19,2025-04-24,101,0.81,Mobile,iOS,False
7834,817,18,2025-04-12,65,0.46,Mobile,Web,False
7835,598,6,2025-04-13,34,0.36,Smart TV,TV App,False
7836,200,17,2025-02-25,62,0.73,Laptop,Web,False
7837,406,21,2025-04-19,83,0.54,Laptop,Android,False
7838,290,5,2024-12-18,81,0.67,Mobile,Android,False
7839,43,11,2025-04-07,111,0.88,Mobile,iOS,False
7840,1154,21,2025-04-07,82,0.53,Smart TV,iOS,False
7841,641,6,2025-04-12,51,0.54,Mobile,Web,False
7842,222,22,2024-11-21,72,0.6,Desktop,Web,False
7843,906,3,2025-01-23,117,0.81,Mobile,TV App,False
7844,294,7,2024-12-16,47,0.53,Smart TV,TV App,False
7845,686,4,2025-03-14,77,0.72,Laptop,Web,False
7846,984,19,2025-04-28,110,0.88,Tablet,Web,False
7847,1103,22,2025-04-03,104,0.87,Laptop,iOS,False
7848,417,3,2025-01-17,137,0.95,Mobile,iOS,False
7849,673,1,2025-01-24,84,0.72,Mobile,TV App,False
7850,311,2,2024-08-27,114,0.87,Laptop,iOS,False
7851,771,11,2025-03-30,121,0.96,Smart TV,Web,False
7852,83,1,2025-04-15,81,0.69,Laptop,Web,False
7853,38,11,2025-02-26,63,0.5,Mobile,Web,False
7854,353,9,2025-04-14,81,0.59,Smart TV,TV App,False
7855,745,15,2025-03-27,73,0.62,Smart TV,iOS,False
7856,250,9,2025-04-15,53,0.39,Mobile,Android,False
7857,42,17,2025-04-16,73,0.86,Smart TV,iOS,False
7858,549,11,2025-04-06,85,0.67,Mobile,iOS,False
7859,35,5,2025-02-13,79,0.65,Tablet,Web,False
7860,718,13,2025-03-31,105,0.75,Smart TV,iOS,False
7861,1129,1,2025-03-14,118,1.0,Laptop,iOS,False
7862,910,9,2025-04-06,97,0.71,Mobile,iOS,False
7863,349,4,2025-04-21,88,0.82,Smart TV,iOS,False
7864,15,13,2025-04-04,110,0.79,Mobile,iOS,True
7865,554,1,2025-01-28,80,0.68,Mobile,iOS,False
7866,498,11,2025-04-08,99,0.78,Tablet,iOS,False
7867,917,8,2025-03-12,29,0.34,Tablet,Web,False
7868,74,13,2025-03-19,103,0.74,Tablet,iOS,True
7869,324,20,2024-09-26,53,0.58,Desktop,iOS,False
7870,70,11,2025-03-02,101,0.8,Tablet,iOS,False
7871,425,3,2025-03-17,129,0.89,Tablet,iOS,False
7872,376,19,2025-04-22,76,0.61,Mobile,TV App,False
7873,841,1,2025-02-20,95,0.81,Laptop,iOS,False
7874,730,17,2025-04-23,52,0.62,Smart TV,Android,False
7875,991,9,2025-04-30,89,0.65,Tablet,Web,True
7876,839,19,2025-04-12,75,0.6,Smart TV,iOS,False
7877,429,4,2025-04-21,69,0.64,Laptop,iOS,False
7878,47,4,2025-03-17,75,0.7,Mobile,iOS,True
7879,230,4,2025-04-08,76,0.71,Mobile,TV App,False
7880,497,1,2025-01-23,96,0.82,Smart TV,iOS,False
7881,606,3,2024-12-30,73,0.51,Smart TV,Web,False
7882,851,21,2025-04-09,116,0.75,Tablet,Web,False
7883,917,8,2025-03-18,53,0.61,Laptop,iOS,False
7884,700,1,2025-01-16,86,0.73,Smart TV,iOS,False
7885,87,1,2025-03-21,107,0.91,Smart TV,Web,False
7886,448,6,2025-03-13,37,0.39,Mobile,iOS,False
7887,347,14,2024-07-13,110,0.85,Mobile,Web,False
7888,889,24,2025-03-01,69,0.66,Mobile,Web,True
7889,268,22,2024-11-06,92,0.77,Smart TV,Web,False
7890,1127,22,2024-12-11,64,0.54,Smart TV,iOS,True
7891,918,14,2025-01-14,111,0.86,Mobile,Android,False
7892,1088,11,2025-04-15,119,0.94,Desktop,iOS,True
7893,1142,18,2024-12-24,102,0.72,Mobile,iOS,False
7894,643,18,2025-02-18,110,0.78,Mobile,Web,False
7895,209,1,2025-01-18,112,0.95,Desktop,TV App,False
7896,56,2,2025-04-02,108,0.82,Mobile,iOS,False
7897,1164,11,2025-02-22,78,0.62,Desktop,iOS,False
7898,838,1,2025-03-08,88,0.75,Tablet,Web,True
7899,78,11,2025-02-20,95,0.75,Laptop,Web,False
7900,2,21,2025-04-11,96,0.62,Mobile,iOS,False
7901,418,25,2024-12-29,112,0.83,Desktop,Android,False
7902,469,9,2025-04-26,85,0.62,Smart TV,iOS,False
7903,644,3,2024-12-10,123,0.85,Smart TV,Web,True
7904,458,10,2024-08-20,56,0.49,Laptop,iOS,False
7905,564,22,2024-12-19,111,0.93,Smart TV,Android,False
7906,754,16,2025-04-17,63,0.65,Smart TV,iOS,False
7907,325,17,2025-01-18,52,0.62,Desktop,Android,False
7908,1186,7,2025-01-08,42,0.47,Smart TV,Web,False
7909,236,16,2025-04-02,98,1.0,Laptop,iOS,False
7910,939,17,2025-04-09,47,0.56,Smart TV,Web,False
7911,788,15,2025-03-23,84,0.71,Mobile,Web,True
7912,1000,19,2025-04-30,66,0.53,Laptop,Web,True
7913,877,3,2025-04-09,104,0.72,Mobile,TV App,False
7914,665,9,2025-04-24,136,0.99,Laptop,Web,False
7915,343,23,2025-04-23,69,0.63,Laptop,Android,False
7916,651,11,2025-02-10,93,0.74,Smart TV,Web,False
7917,1062,18,2024-10-15,63,0.45,Smart TV,Android,False
7918,296,18,2024-11-21,105,0.74,Laptop,Web,False
7919,1121,3,2025-03-13,137,0.95,Mobile,iOS,False
7920,939,21,2025-04-10,111,0.72,Smart TV,Android,True
7921,919,23,2025-03-26,88,0.8,Smart TV,TV App,False
7922,323,1,2025-03-09,102,0.87,Smart TV,iOS,True
7923,1103,1,2025-03-04,99,0.84,Laptop,iOS,False
7924,1113,19,2025-04-28,86,0.69,Smart TV,TV App,False
7925,32,23,2025-04-14,90,0.82,Desktop,Android,True
7926,436,22,2024-12-21,86,0.72,Smart TV,Web,False
7927,274,8,2025-03-16,25,0.29,Smart TV,iOS,False
7928,403,24,2025-01-22,65,0.62,Desktop,iOS,True
7929,795,20,2024-09-11,32,0.35,Tablet,Android,False
7930,13,16,2025-01-28,68,0.7,Mobile,Web,False
7931,646,12,2025-01-16,96,0.95,Mobile,Web,False
7932,1127,16,2025-04-04,76,0.78,Tablet,Web,False
7933,905,21,2025-03-26,113,0.73,Smart TV,Android,False
7934,137,13,2025-04-16,110,0.79,Tablet,iOS,False
7935,619,21,2025-04-26,130,0.84,Laptop,iOS,False
7936,928,8,2025-02-11,50,0.57,Laptop,iOS,False
7937,237,23,2025-04-03,106,0.97,Smart TV,Web,False
7938,113,4,2025-04-15,82,0.76,Smart TV,iOS,False
7939,300,5,2025-03-12,90,0.74,Laptop,iOS,False
7940,325,5,2024-09-28,93,0.77,Mobile,iOS,False
7941,338,16,2025-03-27,75,0.77,Laptop,TV App,False
7942,842,22,2025-03-16,66,0.55,Mobile,iOS,True
7943,893,10,2024-12-28,87,0.76,Mobile,Web,False
7944,64,23,2025-02-14,89,0.81,Smart TV,Web,False
7945,912,1,2025-01-16,93,0.79,Laptop,Web,False
7946,1118,19,2025-04-16,107,0.86,Smart TV,Android,False
7947,785,22,2025-01-28,104,0.87,Mobile,Web,False
7948,767,1,2025-03-29,110,0.94,Laptop,TV App,False
7949,928,13,2025-03-31,96,0.69,Tablet,Web,False
7950,1063,4,2025-04-30,60,0.56,Smart TV,Web,False
7951,181,2,2024-10-12,122,0.93,Mobile,Web,False
7952,1036,24,2025-03-08,64,0.61,Mobile,iOS,False
7953,771,22,2025-04-26,54,0.45,Mobile,TV App,True
7954,13,1,2025-01-15,95,0.81,Smart TV,iOS,True
7955,447,14,2024-07-07,110,0.85,Mobile,iOS,False
7956,963,23,2025-04-23,110,1.0,Tablet,iOS,False
7957,371,2,2025-02-28,68,0.52,Smart TV,iOS,False
7958,566,22,2024-11-26,88,0.74,Mobile,TV App,False
7959,812,15,2025-04-04,98,0.83,Smart TV,iOS,False
7960,152,21,2025-04-07,151,0.98,Mobile,Web,False
7961,739,1,2025-02-25,102,0.87,Smart TV,iOS,False
7962,859,3,2025-03-23,98,0.68,Laptop,iOS,False
7963,197,1,2025-03-01,107,0.91,Smart TV,Web,False
7964,583,2,2024-12-13,100,0.76,Laptop,iOS,False
7965,205,4,2025-04-13,95,0.88,Laptop,iOS,False
7966,83,16,2025-03-21,72,0.74,Laptop,Web,False
7967,1032,5,2024-12-20,104,0.86,Mobile,Android,False
7968,1093,3,2025-04-06,107,0.74,Mobile,Web,False
7969,916,3,2024-12-10,140,0.97,Laptop,Android,False
7970,478,11,2025-03-13,80,0.63,Smart TV,Web,False
7971,568,25,2024-09-13,116,0.86,Laptop,iOS,True
7972,395,10,2024-12-16,90,0.79,Smart TV,iOS,False
7973,135,6,2025-04-05,45,0.48,Laptop,TV App,False
7974,48,10,2025-01-19,106,0.93,Laptop,iOS,False
7975,1093,15,2025-04-29,86,0.73,Mobile,Web,False
7976,50,5,2024-12-02,119,0.98,Laptop,iOS,False
7977,952,13,2025-04-15,88,0.63,Smart TV,Android,False
7978,393,15,2025-03-20,89,0.75,Smart TV,iOS,False
7979,1002,4,2025-04-24,38,0.36,Laptop,Android,True
7980,1070,9,2025-04-25,109,0.79,Laptop,Web,False
7981,1040,9,2025-04-13,104,0.76,Mobile,iOS,False
7982,1132,10,2024-12-21,93,0.81,Mobile,iOS,False
7983,488,23,2025-04-30,80,0.73,Mobile,Web,False
7984,911,1,2025-01-18,112,0.95,Smart TV,Web,False
7985,271,19,2025-04-26,87,0.7,Smart TV,TV App,False
7986,645,13,2025-04-13,98,0.7,Mobile,Web,False
7987,191,9,2025-04-11,93,0.68,Mobile,iOS,True
7988,885,2,2025-04-16,132,1.0,Smart TV,Android,False
7989,1093,4,2025-04-19,78,0.73,Smart TV,Android,False
7990,960,22,2025-03-31,102,0.85,Mobile,iOS,False
7991,23,9,2025-04-30,107,0.78,Mobile,Web,False
7992,398,22,2024-12-18,104,0.87,Mobile,iOS,False
7993,34,25,2025-02-01,83,0.62,Laptop,iOS,False
7994,927,13,2025-04-08,116,0.83,Smart TV,iOS,False
7995,18,8,2025-02-08,34,0.39,Mobile,TV App,False
7996,128,24,2025-03-24,79,0.76,Tablet,Android,False
7997,169,9,2025-04-25,125,0.91,Laptop,iOS,True
7998,700,1,2025-02-19,100,0.85,Mobile,Android,False
7999,1155,19,2025-04-14,125,1.0,Mobile,Android,False
8000,238,11,2025-02-27,92,0.73,Mobile,iOS,False
8001,562,25,2025-01-14,90,0.67,Smart TV,Android,False
8002,713,22,2024-11-25,76,0.64,Tablet,Web,False
8003,996,1,2025-04-12,110,0.94,Mobile,TV App,False
8004,90,1,2025-03-25,84,0.72,Smart TV,TV App,False
8005,237,18,2025-03-02,78,0.55,Mobile,iOS,False
8006,478,17,2025-03-07,69,0.82,Smart TV,Android,False
8007,1004,11,2025-03-27,109,0.86,Mobile,Web,False
8008,1070,14,2024-10-09,80,0.62,Smart TV,Web,False
8009,423,4,2025-02-14,79,0.74,Smart TV,TV App,False
8010,548,2,2024-09-18,99,0.75,Smart TV,iOS,False
8011,858,5,2025-03-19,97,0.8,Smart TV,iOS,False
8012,44,17,2025-02-25,72,0.85,Smart TV,iOS,False
8013,435,16,2025-02-08,89,0.91,Mobile,Web,True
8014,865,3,2025-02-11,120,0.83,Mobile,Web,False
8015,697,5,2025-01-16,96,0.79,Tablet,iOS,False
8016,347,25,2024-11-28,108,0.8,Smart TV,TV App,False
8017,1194,9,2025-04-09,92,0.67,Smart TV,iOS,False
8018,741,3,2025-01-18,88,0.61,Smart TV,Web,False
8019,821,13,2025-04-26,105,0.75,Mobile,Web,False
8020,58,21,2025-04-12,120,0.78,Smart TV,Web,False
8021,1022,22,2025-04-05,60,0.5,Mobile,iOS,False
8022,542,11,2025-04-20,101,0.8,Laptop,TV App,True
8023,360,15,2025-04-28,55,0.47,Mobile,TV App,False
8024,377,3,2025-04-27,124,0.86,Mobile,iOS,False
8025,1065,19,2025-04-16,120,0.96,Laptop,Web,False
8026,418,23,2025-02-11,56,0.51,Mobile,Android,False
8027,7,1,2025-03-15,118,1.0,Laptop,Android,False
8028,465,19,2025-04-19,77,0.62,Smart TV,TV App,False
8029,397,1,2025-03-26,86,0.73,Smart TV,iOS,False
8030,430,10,2024-09-15,90,0.79,Smart TV,iOS,False
8031,163,21,2025-04-20,108,0.7,Mobile,Android,False
8032,87,15,2025-04-22,119,1.0,Smart TV,Android,False
8033,652,25,2024-09-12,102,0.76,Smart TV,Web,False
8034,312,4,2025-03-14,87,0.81,Smart TV,iOS,False
8035,776,15,2025-04-15,85,0.72,Tablet,iOS,True
8036,451,14,2025-04-26,84,0.65,Tablet,Web,False
8037,337,13,2025-04-28,98,0.7,Smart TV,Web,False
8038,1087,23,2025-04-09,50,0.46,Smart TV,Web,False
8039,1037,9,2025-04-11,110,0.8,Mobile,Web,False
8040,796,6,2025-03-25,72,0.76,Laptop,TV App,True
8041,11,23,2025-03-17,66,0.6,Mobile,Web,False
8042,277,22,2025-01-04,67,0.56,Mobile,Web,False
8043,2,11,2025-02-21,121,0.96,Smart TV,Web,False
8044,173,22,2024-12-19,96,0.8,Smart TV,iOS,False
8045,1063,4,2025-03-24,65,0.61,Laptop,Android,True
8046,1120,21,2025-04-17,71,0.46,Smart TV,Web,False
8047,110,11,2025-04-10,97,0.77,Smart TV,iOS,False
8048,512,19,2025-04-18,88,0.71,Tablet,Web,False
8049,596,15,2025-03-27,117,0.99,Mobile,Web,False
8050,756,14,2024-07-12,114,0.88,Laptop,iOS,False
8051,338,9,2025-04-21,102,0.74,Smart TV,Web,False
8052,993,19,2025-04-12,62,0.5,Mobile,iOS,False
8053,998,1,2025-04-19,100,0.85,Smart TV,iOS,False
8054,860,24,2024-12-31,70,0.67,Smart TV,iOS,False
8055,727,25,2025-01-14,75,0.56,Laptop,iOS,False
8056,212,25,2024-12-14,122,0.91,Desktop,iOS,False
8057,1176,10,2025-03-26,103,0.9,Mobile,Android,False
8058,923,21,2025-04-19,134,0.87,Smart TV,Web,False
8059,1065,12,2025-02-01,58,0.57,Laptop,Android,False
8060,534,3,2024-11-30,105,0.73,Laptop,iOS,False
8061,602,13,2025-04-19,89,0.64,Smart TV,iOS,True
8062,952,7,2024-12-30,26,0.29,Laptop,Web,True
8063,716,1,2025-02-21,114,0.97,Tablet,iOS,False
8064,590,22,2025-03-11,92,0.77,Smart TV,Web,False
8065,619,18,2025-02-08,102,0.72,Mobile,TV App,False
8066,584,15,2025-03-26,103,0.87,Mobile,TV App,False
8067,832,5,2025-01-06,68,0.56,Mobile,Android,False
8068,925,18,2024-10-05,95,0.67,Laptop,Web,False
8069,204,15,2025-03-17,114,0.96,Laptop,TV App,True
8070,880,9,2025-04-07,74,0.54,Laptop,Android,False
8071,476,5,2024-12-05,106,0.87,Smart TV,iOS,False
8072,681,25,2024-09-26,113,0.84,Mobile,Web,False
8073,845,1,2025-02-28,90,0.77,Laptop,TV App,False
8074,1189,18,2024-11-25,76,0.54,Mobile,TV App,False
8075,707,10,2025-02-07,81,0.71,Laptop,Android,False
8076,359,13,2025-04-13,114,0.82,Smart TV,Android,False
8077,508,14,2024-08-01,105,0.81,Mobile,Web,False
8078,1135,1,2025-01-22,116,0.99,Mobile,iOS,False
8079,15,15,2025-02-28,86,0.73,Laptop,iOS,False
8080,984,21,2025-04-08,94,0.61,Laptop,TV App,False
8081,871,19,2025-04-18,103,0.83,Mobile,iOS,False
8082,779,13,2025-04-18,60,0.43,Laptop,iOS,False
8083,766,14,2024-09-21,84,0.65,Tablet,Web,False
8084,1150,4,2025-04-14,72,0.67,Laptop,iOS,False
8085,838,25,2025-03-27,81,0.6,Tablet,TV App,False
8086,649,18,2024-09-29,126,0.89,Mobile,TV App,False
8087,1059,10,2025-04-21,85,0.74,Mobile,Android,False
8088,372,1,2025-03-09,118,1.0,Smart TV,iOS,False
8089,126,4,2025-04-10,65,0.61,Tablet,TV App,False
8090,657,1,2025-01-24,100,0.85,Laptop,Web,False
8091,724,23,2025-02-28,79,0.72,Mobile,Android,False
8092,463,3,2025-03-29,117,0.81,Mobile,Web,False
8093,400,11,2025-02-21,123,0.97,Mobile,iOS,False
8094,473,1,2025-04-02,113,0.96,Desktop,Android,False
8095,161,24,2025-04-09,71,0.68,Mobile,iOS,False
8096,629,16,2024-12-28,64,0.66,Smart TV,Web,False
8097,1101,16,2025-02-04,49,0.51,Laptop,Web,False
8098,165,3,2025-02-06,120,0.83,Mobile,iOS,False
8099,359,3,2024-12-11,87,0.6,Tablet,Web,False
8100,751,11,2025-02-25,125,0.99,Laptop,Web,False
8101,699,4,2025-04-11,63,0.59,Laptop,iOS,False
8102,590,1,2025-02-09,118,1.0,Mobile,Android,False
8103,250,20,2024-10-16,36,0.4,Smart TV,iOS,False
8104,176,25,2024-07-11,103,0.77,Laptop,Android,False
8105,40,1,2025-01-31,92,0.78,Mobile,Web,False
8106,13,14,2025-01-17,111,0.86,Laptop,iOS,False
8107,183,9,2025-04-21,96,0.7,Smart TV,Android,False
8108,831,21,2025-03-29,155,1.0,Laptop,iOS,False
8109,992,8,2025-02-28,34,0.39,Laptop,Android,False
8110,214,16,2025-03-11,82,0.84,Mobile,Web,True
8111,1124,24,2025-01-06,70,0.67,Mobile,Android,False
8112,10,10,2024-09-09,79,0.69,Mobile,TV App,False
8113,251,3,2025-02-01,102,0.71,Mobile,Web,False
8114,64,5,2024-09-22,96,0.79,Mobile,iOS,True
8115,586,23,2025-03-23,78,0.71,Laptop,Web,False
8116,316,24,2025-03-18,64,0.61,Smart TV,TV App,False
8117,647,21,2025-03-26,83,0.54,Smart TV,iOS,False
8118,292,21,2025-04-13,119,0.77,Mobile,Web,False
8119,911,19,2025-04-19,105,0.84,Tablet,iOS,False
8120,1131,2,2025-01-29,83,0.63,Tablet,Web,False
8121,830,23,2025-03-11,96,0.88,Mobile,iOS,False
8122,543,23,2025-03-13,52,0.48,Tablet,TV App,False
8123,45,3,2025-04-16,116,0.8,Laptop,iOS,True
8124,737,18,2024-10-17,97,0.69,Laptop,Web,False
8125,1078,1,2025-04-15,107,0.91,Smart TV,iOS,False
8126,319,23,2025-04-10,77,0.7,Laptop,Android,False
8127,44,2,2025-03-25,93,0.71,Mobile,Web,False
8128,120,3,2024-12-04,85,0.59,Laptop,iOS,False
8129,1196,24,2025-01-10,69,0.66,Smart TV,TV App,False
8130,1141,23,2025-03-08,86,0.79,Laptop,Android,False
8131,372,13,2025-03-19,99,0.71,Laptop,iOS,False
8132,966,18,2024-11-08,120,0.85,Laptop,Web,False
8133,19,23,2025-04-18,71,0.65,Laptop,iOS,False
8134,761,19,2025-04-27,95,0.76,Laptop,Web,False
8135,903,3,2025-04-08,114,0.79,Smart TV,Web,False
8136,617,14,2024-08-13,85,0.66,Laptop,Web,False
8137,527,12,2025-04-19,70,0.69,Tablet,iOS,False
8138,546,3,2025-03-21,111,0.77,Smart TV,Android,False
8139,1123,11,2025-02-02,76,0.6,Mobile,iOS,False
8140,225,17,2025-04-23,62,0.74,Laptop,iOS,True
8141,597,1,2025-01-22,94,0.8,Mobile,Android,False
8142,43,21,2025-04-30,62,0.4,Smart TV,iOS,False
8143,441,19,2025-04-28,70,0.56,Laptop,Web,False
8144,11,13,2025-04-26,112,0.8,Smart TV,Web,False
8145,114,7,2025-02-04,19,0.22,Tablet,iOS,False
8146,656,3,2025-02-07,131,0.91,Laptop,Web,False
8147,105,21,2025-04-18,122,0.79,Smart TV,iOS,False
8148,788,14,2025-03-25,92,0.71,Mobile,Web,False
8149,965,23,2025-04-11,84,0.77,Desktop,Android,False
8150,165,17,2025-02-12,61,0.72,Desktop,iOS,False
8151,1129,19,2025-04-15,57,0.46,Smart TV,Android,False
8152,104,12,2024-10-22,62,0.61,Tablet,iOS,True
8153,945,16,2025-04-24,66,0.68,Mobile,iOS,False
8154,279,17,2025-01-25,54,0.64,Laptop,TV App,True
8155,452,25,2024-10-01,70,0.52,Smart TV,TV App,False
8156,153,9,2025-04-05,128,0.93,Mobile,Web,False
8157,781,7,2024-12-23,66,0.74,Laptop,iOS,False
8158,754,19,2025-04-23,116,0.93,Mobile,iOS,False
8159,402,3,2025-04-05,123,0.85,Mobile,Web,False
8160,704,1,2025-04-16,89,0.76,Desktop,Web,False
8161,1172,13,2025-04-19,96,0.69,Mobile,Android,False
8162,42,24,2025-01-02,91,0.87,Smart TV,Android,True
8163,987,12,2025-03-27,102,1.0,Tablet,Web,False
8164,541,16,2025-03-15,63,0.65,Tablet,iOS,False
8165,490,11,2025-04-14,127,1.0,Laptop,TV App,True
8166,613,5,2025-01-15,87,0.72,Mobile,Android,False
8167,264,9,2025-04-22,63,0.46,Smart TV,iOS,False
8168,328,15,2025-04-25,119,1.0,Smart TV,TV App,False
8169,613,18,2025-02-24,133,0.94,Desktop,Web,False
8170,860,10,2024-10-10,72,0.63,Mobile,iOS,True
8171,462,13,2025-03-23,114,0.82,Desktop,TV App,False
8172,562,13,2025-04-05,74,0.53,Smart TV,iOS,False
8173,1122,21,2025-04-16,100,0.65,Laptop,Android,False
8174,1061,2,2024-09-12,77,0.59,Mobile,Android,False
8175,378,14,2024-10-22,89,0.69,Smart TV,iOS,True
8176,339,22,2025-04-15,87,0.73,Mobile,Android,False
8177,912,21,2025-04-23,136,0.88,Mobile,Web,False
8178,680,25,2025-04-20,101,0.75,Laptop,iOS,False
8179,1183,15,2025-03-15,54,0.46,Smart TV,Web,False
8180,429,9,2025-04-19,97,0.71,Smart TV,Web,False
8181,792,4,2025-02-14,84,0.78,Smart TV,iOS,True
8182,319,19,2025-04-23,93,0.75,Laptop,Web,False
8183,872,2,2024-10-24,116,0.88,Smart TV,TV App,False
8184,1134,1,2025-04-13,103,0.88,Laptop,Android,False
8185,1143,23,2025-03-25,73,0.67,Smart TV,iOS,False
8186,1186,22,2025-04-10,103,0.86,Tablet,iOS,False
8187,1112,15,2025-04-14,103,0.87,Mobile,iOS,False
8188,739,11,2025-02-05,85,0.67,Mobile,Web,True
8189,465,16,2025-01-23,66,0.68,Smart TV,iOS,True
8190,156,9,2025-04-16,103,0.75,Mobile,Web,False
8191,1113,15,2025-03-13,116,0.98,Laptop,Web,False
8192,943,2,2025-02-18,64,0.49,Mobile,iOS,False
8193,149,9,2025-04-30,120,0.87,Tablet,Android,False
8194,608,24,2025-03-11,64,0.61,Laptop,TV App,False
8195,389,22,2025-02-11,81,0.68,Mobile,iOS,False
8196,730,8,2025-03-17,53,0.61,Smart TV,Android,False
8197,30,2,2025-01-21,124,0.94,Mobile,Android,False
8198,97,17,2025-04-28,62,0.74,Mobile,iOS,False
8199,255,4,2025-04-16,32,0.3,Tablet,iOS,True
8200,40,5,2024-10-12,79,0.65,Mobile,iOS,False
8201,1080,1,2025-01-18,106,0.9,Smart TV,Android,False
8202,918,5,2025-01-04,78,0.64,Smart TV,TV App,False
8203,1005,25,2024-10-06,102,0.76,Desktop,Web,False
8204,229,9,2025-04-14,135,0.98,Smart TV,Web,False
8205,112,14,2024-08-04,130,1.0,Smart TV,Android,False
8206,248,1,2025-02-05,107,0.91,Mobile,Android,False
8207,679,3,2024-12-03,114,0.79,Mobile,Android,True
8208,658,9,2025-04-19,91,0.66,Laptop,Web,False
8209,508,18,2024-10-07,110,0.78,Smart TV,Android,False
8210,826,17,2025-02-05,47,0.56,Mobile,iOS,False
8211,728,18,2025-04-27,95,0.67,Mobile,Web,False
8212,937,23,2025-03-15,88,0.8,Tablet,iOS,True
8213,410,13,2025-04-27,96,0.69,Mobile,iOS,False
8214,1188,19,2025-04-12,77,0.62,Mobile,Web,False
8215,527,11,2025-04-19,81,0.64,Smart TV,iOS,False
8216,868,3,2025-04-22,113,0.78,Smart TV,Web,False
8217,355,18,2025-01-08,97,0.69,Smart TV,iOS,False
8218,1162,22,2025-04-05,86,0.72,Smart TV,iOS,False
8219,1101,1,2025-04-17,89,0.76,Desktop,TV App,False
8220,681,23,2025-03-13,73,0.67,Laptop,iOS,False
8221,839,13,2025-04-25,117,0.84,Mobile,iOS,False
8222,440,13,2025-04-12,140,1.0,Mobile,Web,False
8223,468,1,2025-03-09,75,0.64,Smart TV,iOS,True
8224,961,14,2025-04-02,119,0.92,Tablet,TV App,False
8225,1176,7,2025-01-19,66,0.74,Smart TV,Web,False
8226,792,15,2025-03-22,79,0.67,Mobile,iOS,False
8227,266,1,2025-03-16,100,0.85,Tablet,iOS,True
8228,1104,18,2024-10-24,120,0.85,Smart TV,Web,False
8229,905,10,2025-03-14,78,0.68,Smart TV,Android,False
8230,999,13,2025-04-01,99,0.71,Smart TV,TV App,False
8231,1000,25,2024-07-29,121,0.9,Mobile,Web,True
8232,1171,15,2025-03-25,76,0.64,Laptop,TV App,True
8233,894,5,2025-01-14,92,0.76,Smart TV,TV App,True
8234,585,8,2025-02-26,34,0.39,Laptop,iOS,False
8235,724,14,2025-01-24,122,0.94,Desktop,Android,True
8236,852,25,2024-11-13,91,0.68,Mobile,Android,False
8237,1051,1,2025-04-25,113,0.96,Mobile,iOS,True
8238,1090,21,2025-04-05,145,0.94,Mobile,TV App,True
8239,1155,11,2025-03-09,52,0.41,Laptop,Web,False
8240,280,12,2024-12-16,62,0.61,Laptop,Web,False
8241,826,16,2024-12-26,69,0.71,Smart TV,iOS,False
8242,871,9,2025-04-28,96,0.7,Tablet,Web,False
8243,832,1,2025-01-26,113,0.96,Tablet,Web,True
8244,294,11,2025-04-02,96,0.76,Desktop,Web,False
8245,61,19,2025-04-18,102,0.82,Mobile,iOS,False
8246,272,23,2025-02-08,63,0.58,Mobile,iOS,False
8247,442,19,2025-04-15,82,0.66,Smart TV,TV App,False
8248,869,1,2025-03-22,81,0.69,Tablet,Web,False
8249,119,22,2025-03-20,84,0.7,Mobile,Android,False
8250,679,22,2025-02-22,42,0.35,Desktop,iOS,False
8251,331,2,2024-11-02,124,0.94,Mobile,iOS,False
8252,1151,21,2025-04-12,155,1.0,Desktop,iOS,True
8253,685,25,2024-11-05,108,0.8,Smart TV,Android,False
8254,518,25,2024-08-06,94,0.7,Smart TV,iOS,False
8255,672,1,2025-02-12,108,0.92,Tablet,TV App,False
8256,896,1,2025-01-28,99,0.84,Laptop,Web,False
8257,705,3,2025-02-14,145,1.0,Mobile,Web,False
8258,482,1,2025-03-19,114,0.97,Mobile,Android,False
8259,394,20,2024-09-07,60,0.66,Smart TV,Android,False
8260,697,11,2025-04-15,101,0.8,Smart TV,Android,False
8261,1001,18,2025-03-03,127,0.9,Smart TV,Android,False
8262,810,7,2024-12-14,45,0.5,Mobile,Android,False
8263,540,11,2025-04-21,77,0.61,Mobile,iOS,False
8264,655,25,2024-09-22,72,0.54,Tablet,Android,False
8265,99,23,2025-03-19,80,0.73,Mobile,TV App,True
8266,621,9,2025-04-15,138,1.0,Laptop,TV App,False
8267,712,18,2025-03-19,112,0.79,Laptop,iOS,False
8268,93,15,2025-04-12,64,0.54,Mobile,Android,False
8269,455,1,2025-03-24,118,1.0,Mobile,iOS,False
8270,616,3,2024-11-22,92,0.64,Smart TV,Android,False
8271,739,12,2025-03-17,65,0.64,Mobile,Web,False
8272,648,6,2025-03-03,33,0.35,Tablet,Android,False
8273,773,22,2025-03-07,103,0.86,Mobile,iOS,False
8274,968,6,2025-04-18,62,0.66,Desktop,Web,False
8275,961,23,2025-04-09,68,0.62,Smart TV,Android,False
8276,825,9,2025-04-13,93,0.68,Mobile,Web,False
8277,78,13,2025-04-21,114,0.82,Mobile,iOS,False
8278,328,1,2025-03-23,109,0.93,Smart TV,Web,False
8279,1140,19,2025-04-20,75,0.6,Mobile,Web,False
8280,382,11,2025-04-05,50,0.4,Smart TV,Web,False
8281,500,15,2025-03-31,110,0.93,Smart TV,Web,True
8282,399,19,2025-04-16,105,0.84,Tablet,Android,False
8283,1031,1,2025-01-28,109,0.93,Tablet,iOS,False
8284,851,7,2025-01-10,42,0.47,Mobile,TV App,False
8285,1154,21,2025-04-26,105,0.68,Mobile,iOS,False
8286,1184,23,2025-04-27,85,0.78,Smart TV,Web,False
8287,231,2,2025-02-04,110,0.84,Tablet,TV App,False
8288,515,8,2025-03-23,44,0.51,Laptop,iOS,False
8289,701,19,2025-04-15,92,0.74,Mobile,Web,False
8290,329,21,2025-04-03,97,0.63,Mobile,Android,False
8291,462,22,2025-04-28,100,0.84,Smart TV,TV App,False
8292,963,17,2025-02-09,68,0.81,Tablet,iOS,False
8293,256,3,2025-02-06,116,0.8,Smart TV,iOS,False
8294,1196,16,2025-01-19,98,1.0,Smart TV,iOS,False
8295,622,22,2025-02-06,90,0.75,Smart TV,Web,False
8296,1200,14,2025-03-26,83,0.64,Mobile,Android,False
8297,363,25,2024-10-22,86,0.64,Smart TV,iOS,False
8298,363,15,2025-04-30,79,0.67,Smart TV,Android,False
8299,550,25,2024-09-24,83,0.62,Mobile,iOS,False
8300,522,4,2025-02-19,52,0.49,Laptop,TV App,False
8301,415,11,2025-04-07,72,0.57,Smart TV,Android,False
8302,881,2,2025-03-05,132,1.0,Desktop,Android,False
8303,617,13,2025-04-14,105,0.75,Smart TV,iOS,False
8304,1,1,2025-03-04,112,0.95,Mobile,Web,False
8305,713,16,2024-11-21,59,0.61,Smart TV,Web,False
8306,345,24,2025-01-03,73,0.7,Laptop,iOS,False
8307,400,12,2025-04-09,64,0.63,Smart TV,iOS,False
8308,205,19,2025-04-28,97,0.78,Laptop,TV App,False
8309,323,4,2025-04-28,104,0.97,Mobile,Web,True
8310,773,19,2025-04-27,78,0.63,Desktop,TV App,False
8311,1033,2,2025-01-02,125,0.95,Laptop,Web,False
8312,849,11,2025-03-08,97,0.77,Smart TV,Web,False
8313,635,1,2025-02-25,118,1.0,Smart TV,Android,False
8314,1035,21,2025-03-28,102,0.66,Smart TV,Web,False
8315,3,15,2025-04-24,80,0.68,Mobile,iOS,False
8316,92,22,2025-04-23,88,0.74,Mobile,TV App,False
8317,1085,9,2025-04-28,71,0.52,Laptop,TV App,False
8318,606,21,2025-03-30,155,1.0,Smart TV,iOS,False
8319,1148,13,2025-04-06,117,0.84,Smart TV,Android,False
8320,32,1,2025-03-21,108,0.92,Tablet,Web,False
8321,606,25,2025-03-25,116,0.86,Smart TV,Android,True
8322,772,19,2025-04-14,105,0.84,Smart TV,Web,False
8323,1012,13,2025-03-29,140,1.0,Mobile,TV App,False
8324,455,14,2025-04-07,104,0.8,Smart TV,iOS,False
8325,391,9,2025-04-24,86,0.63,Mobile,iOS,False
8326,989,13,2025-04-03,117,0.84,Laptop,iOS,False
8327,126,19,2025-04-13,82,0.66,Mobile,iOS,False
8328,109,1,2025-03-22,118,1.0,Smart TV,Web,False
8329,358,19,2025-04-28,107,0.86,Laptop,Android,False
8330,682,9,2025-04-12,75,0.55,Mobile,Android,False
8331,1198,1,2025-03-30,106,0.9,Tablet,TV App,True
8332,262,21,2025-04-15,113,0.73,Smart TV,Web,False
8333,57,7,2025-01-06,47,0.53,Tablet,Android,False
8334,887,17,2025-01-27,58,0.69,Mobile,Android,True
8335,103,25,2024-11-20,90,0.67,Mobile,iOS,False
8336,226,20,2024-10-12,56,0.61,Smart TV,Web,False
8337,719,25,2025-01-17,76,0.57,Smart TV,Web,False
8338,1057,10,2024-09-06,78,0.68,Smart TV,iOS,False
8339,303,9,2025-04-17,125,0.91,Mobile,iOS,False
8340,659,10,2025-02-04,87,0.76,Mobile,TV App,False
8341,910,19,2025-04-13,117,0.94,Laptop,iOS,False
8342,341,22,2024-12-28,75,0.63,Mobile,Android,False
8343,529,1,2025-04-12,118,1.0,Smart TV,Android,False
8344,1194,12,2025-03-17,77,0.76,Mobile,iOS,True
8345,889,12,2025-02-28,102,1.0,Smart TV,Android,False
8346,413,22,2025-02-08,102,0.85,Laptop,Web,False
8347,523,12,2025-01-02,45,0.45,Mobile,Android,False
8348,998,21,2025-04-05,130,0.84,Smart TV,Web,True
8349,919,5,2024-10-30,86,0.71,Tablet,iOS,False
8350,384,23,2025-03-14,96,0.88,Smart TV,Web,True
8351,1060,18,2024-12-11,75,0.53,Mobile,TV App,False
8352,751,3,2024-12-09,92,0.64,Smart TV,iOS,False
8353,806,15,2025-03-15,89,0.75,Desktop,iOS,False
8354,20,23,2025-02-17,71,0.65,Mobile,iOS,False
8355,43,11,2025-02-17,74,0.59,Smart TV,TV App,False
8356,1113,25,2024-10-29,117,0.87,Smart TV,TV App,False
8357,1183,1,2025-03-02,97,0.83,Laptop,Android,False
8358,318,19,2025-04-22,97,0.78,Smart TV,iOS,False
8359,700,7,2024-12-27,81,0.9,Laptop,iOS,True
8360,515,25,2024-11-27,98,0.73,Mobile,iOS,False
8361,851,18,2025-01-14,92,0.65,Smart TV,Web,False
8362,480,23,2025-04-20,63,0.58,Smart TV,Android,False
8363,602,24,2025-01-04,74,0.71,Laptop,Web,False
8364,208,2,2024-10-13,132,1.0,Laptop,Android,False
8365,1153,11,2025-04-18,76,0.6,Smart TV,iOS,False
8366,573,10,2025-03-29,96,0.84,Tablet,TV App,False
8367,112,22,2025-01-14,104,0.87,Mobile,Android,False
8368,57,12,2025-02-06,59,0.58,Smart TV,iOS,False
8369,771,21,2025-04-09,139,0.9,Mobile,Web,True
8370,538,4,2025-03-03,84,0.78,Mobile,iOS,True
8371,1190,12,2024-10-26,97,0.96,Smart TV,Android,False
8372,145,2,2024-10-25,100,0.76,Laptop,iOS,False
8373,560,16,2025-04-08,78,0.8,Smart TV,Android,False
8374,189,19,2025-04-14,110,0.88,Mobile,Android,False
8375,774,3,2025-04-03,85,0.59,Tablet,Web,False
8376,747,18,2025-03-22,119,0.84,Mobile,Web,False
8377,1139,4,2025-04-24,63,0.59,Mobile,Android,False
8378,297,1,2025-04-20,112,0.95,Smart TV,Web,False
8379,614,11,2025-03-17,57,0.45,Laptop,TV App,False
8380,10,3,2025-02-04,107,0.74,Desktop,Web,False
8381,648,4,2025-02-17,78,0.73,Mobile,Web,False
8382,85,13,2025-04-29,93,0.67,Mobile,iOS,False
8383,311,1,2025-02-08,95,0.81,Mobile,Web,False
8384,909,1,2025-01-19,95,0.81,Smart TV,iOS,True
8385,816,22,2025-04-23,116,0.97,Laptop,Android,False
8386,352,9,2025-04-18,124,0.9,Desktop,Android,False
8387,786,15,2025-03-24,89,0.75,Tablet,TV App,False
8388,432,16,2024-12-05,67,0.69,Smart TV,TV App,False
8389,543,3,2025-02-05,73,0.51,Mobile,iOS,False
8390,635,15,2025-04-10,82,0.69,Mobile,iOS,False
8391,142,22,2024-12-17,90,0.75,Laptop,Android,True
8392,660,11,2025-04-17,93,0.74,Smart TV,Android,True
8393,197,10,2024-12-09,78,0.68,Mobile,Android,False
8394,984,15,2025-04-19,115,0.97,Smart TV,Android,False
8395,379,4,2025-02-25,103,0.96,Smart TV,TV App,False
8396,315,22,2024-12-11,52,0.44,Smart TV,Android,False
8397,468,7,2025-01-06,19,0.22,Desktop,TV App,False
8398,793,18,2024-11-15,130,0.92,Laptop,iOS,True
8399,175,25,2024-12-30,130,0.97,Laptop,iOS,False
8400,452,18,2024-11-02,137,0.97,Smart TV,iOS,False
8401,19,24,2025-03-20,85,0.81,Smart TV,Android,True
8402,289,25,2025-01-26,93,0.69,Desktop,Web,False
8403,819,1,2025-03-22,89,0.76,Laptop,Android,True
8404,1009,13,2025-03-27,84,0.6,Laptop,iOS,False
8405,802,23,2025-02-15,102,0.93,Mobile,Web,True
8406,1091,11,2025-04-19,86,0.68,Smart TV,Web,False
8407,460,11,2025-04-11,119,0.94,Laptop,Web,False
8408,667,5,2025-02-24,95,0.78,Laptop,Android,False
8409,1044,23,2025-03-04,94,0.86,Smart TV,Web,False
8410,120,9,2025-04-16,102,0.74,Tablet,iOS,False
8411,445,17,2025-02-02,74,0.88,Smart TV,Web,False
8412,687,7,2025-01-23,22,0.25,Mobile,iOS,True
8413,738,11,2025-02-18,114,0.9,Laptop,Android,True
8414,777,9,2025-04-26,85,0.62,Mobile,Web,False
8415,799,1,2025-02-12,118,1.0,Mobile,iOS,True
8416,323,17,2025-03-05,59,0.7,Mobile,Web,False
8417,245,16,2025-04-26,81,0.83,Mobile,Android,False
8418,670,13,2025-04-05,81,0.58,Tablet,Web,False
8419,1088,14,2024-09-12,127,0.98,Tablet,Web,False
8420,435,1,2025-02-16,109,0.93,Smart TV,Web,False
8421,321,23,2025-03-09,110,1.0,Tablet,iOS,False
8422,764,24,2025-04-08,84,0.8,Smart TV,Android,False
8423,599,1,2025-02-11,97,0.83,Laptop,iOS,False
8424,582,9,2025-04-16,106,0.77,Laptop,iOS,False
8425,506,1,2025-03-11,95,0.81,Laptop,Web,False
8426,601,11,2025-04-12,96,0.76,Mobile,Web,False
8427,852,5,2025-02-08,109,0.9,Smart TV,TV App,False
8428,438,3,2024-12-31,140,0.97,Mobile,Android,False
8429,375,20,2024-09-23,41,0.45,Mobile,Android,False
8430,514,13,2025-04-15,86,0.62,Laptop,TV App,False
8431,1114,4,2025-04-10,108,1.0,Laptop,Android,False
8432,268,5,2025-01-11,93,0.77,Smart TV,iOS,True
8433,1173,11,2025-02-01,102,0.81,Smart TV,Web,False
8434,875,5,2025-02-17,69,0.57,Laptop,Android,True
8435,81,22,2024-11-14,88,0.74,Mobile,iOS,False
8436,610,11,2025-03-11,93,0.74,Mobile,Web,False
8437,140,11,2025-03-05,100,0.79,Smart TV,TV App,False
8438,167,23,2025-03-08,110,1.0,Mobile,Web,False
8439,503,3,2025-02-06,113,0.78,Mobile,Android,False
8440,555,15,2025-04-11,72,0.61,Smart TV,TV App,True
8441,303,14,2025-02-17,128,0.99,Mobile,TV App,False
8442,704,25,2024-08-04,99,0.74,Mobile,Android,False
8443,51,13,2025-04-09,93,0.67,Tablet,Web,False
8444,348,3,2025-02-17,121,0.84,Laptop,iOS,False
8445,351,22,2025-02-04,84,0.7,Smart TV,TV App,False
8446,290,16,2025-03-21,63,0.65,Mobile,Web,False
8447,160,22,2024-11-20,73,0.61,Smart TV,Android,False
8448,34,1,2025-02-21,108,0.92,Desktop,Android,False
8449,8,2,2025-03-25,83,0.63,Smart TV,iOS,False
8450,357,13,2025-03-18,84,0.6,Tablet,Android,False
8451,57,23,2025-03-25,86,0.79,Laptop,iOS,False
8452,127,4,2025-03-19,88,0.82,Laptop,iOS,False
8453,51,9,2025-04-29,106,0.77,Smart TV,TV App,False
8454,704,3,2024-12-06,98,0.68,Laptop,Android,False
8455,1108,10,2025-03-28,77,0.67,Smart TV,Android,False
8456,1063,9,2025-04-13,117,0.85,Tablet,Web,False
8457,685,23,2025-04-24,94,0.86,Mobile,Web,True
8458,56,4,2025-03-14,64,0.6,Smart TV,TV App,False
8459,73,4,2025-04-10,97,0.9,Mobile,iOS,False
8460,25,19,2025-04-29,86,0.69,Laptop,iOS,False
8461,102,15,2025-03-31,119,1.0,Mobile,TV App,False
8462,657,2,2025-04-19,69,0.53,Mobile,iOS,False
8463,151,2,2025-02-07,106,0.81,Mobile,iOS,False
8464,406,10,2025-02-21,100,0.87,Mobile,Android,False
8465,144,5,2025-02-15,106,0.87,Mobile,Android,False
8466,206,4,2025-04-30,86,0.8,Laptop,iOS,False
8467,308,18,2025-01-17,120,0.85,Laptop,iOS,False
8468,984,9,2025-04-14,106,0.77,Mobile,TV App,False
8469,733,1,2025-02-13,84,0.72,Smart TV,iOS,False
8470,617,14,2024-10-29,107,0.83,Desktop,iOS,False
8471,1162,13,2025-04-29,109,0.78,Smart TV,TV App,False
8472,754,14,2024-06-06,106,0.82,Smart TV,Android,False
8473,44,16,2024-11-07,66,0.68,Laptop,iOS,True
8474,259,3,2025-02-18,92,0.64,Laptop,TV App,False
8475,1108,1,2025-03-01,114,0.97,Laptop,Web,False
8476,268,6,2025-03-15,79,0.84,Mobile,iOS,False
8477,886,16,2025-02-18,56,0.58,Desktop,iOS,False
8478,1109,19,2025-04-27,103,0.83,Laptop,TV App,False
8479,163,15,2025-03-08,82,0.69,Laptop,Web,False
8480,492,11,2025-03-16,80,0.63,Smart TV,Web,False
8481,307,5,2024-12-21,80,0.66,Smart TV,Web,False
8482,117,3,2025-01-09,84,0.58,Desktop,iOS,False
8483,510,13,2025-03-28,99,0.71,Mobile,Web,False
8484,235,21,2025-04-29,151,0.98,Laptop,TV App,False
8485,238,1,2025-01-25,105,0.89,Smart TV,Web,False
8486,46,13,2025-04-04,77,0.55,Laptop,TV App,False
8487,1112,17,2025-01-22,40,0.48,Smart TV,iOS,False
8488,266,22,2024-12-22,64,0.54,Smart TV,Web,False
8489,525,10,2024-09-13,51,0.45,Laptop,Web,True
8490,28,11,2025-03-14,91,0.72,Laptop,iOS,False
8491,1154,11,2025-02-09,88,0.7,Laptop,iOS,False
8492,1140,19,2025-04-12,105,0.84,Mobile,Android,False
8493,536,23,2025-04-06,91,0.83,Smart TV,Web,False
8494,954,8,2025-02-01,51,0.59,Mobile,iOS,True
8495,423,1,2025-03-08,88,0.75,Smart TV,Web,False
8496,1118,10,2024-11-26,87,0.76,Smart TV,iOS,False
8497,1001,12,2024-12-08,61,0.6,Smart TV,Android,True
8498,531,11,2025-02-16,83,0.66,Smart TV,Android,False
8499,425,21,2025-04-12,46,0.3,Smart TV,Android,True
8500,584,23,2025-04-04,52,0.48,Tablet,Android,False
8501,759,1,2025-04-16,95,0.81,Smart TV,Android,False
8502,1145,13,2025-04-13,121,0.87,Mobile,Web,False
8503,1083,13,2025-03-19,137,0.98,Smart TV,iOS,False
8504,367,13,2025-04-18,77,0.55,Mobile,Web,False
8505,952,1,2025-01-18,96,0.82,Smart TV,TV App,False
8506,467,4,2025-03-14,82,0.76,Smart TV,Android,False
8507,521,3,2025-03-26,101,0.7,Tablet,TV App,True
8508,296,2,2025-03-23,126,0.96,Mobile,Web,False
8509,1003,22,2025-02-24,63,0.53,Mobile,Android,False
8510,314,19,2025-04-29,102,0.82,Laptop,Web,True
8511,229,2,2025-03-04,132,1.0,Laptop,Android,False
8512,1026,21,2025-04-26,127,0.82,Mobile,iOS,True
8513,208,11,2025-04-07,90,0.71,Mobile,iOS,False
8514,1025,9,2025-04-05,125,0.91,Smart TV,Web,False
8515,904,1,2025-02-25,92,0.78,Laptop,Web,False
8516,1059,1,2025-04-30,102,0.87,Smart TV,TV App,False
8517,878,9,2025-04-20,91,0.66,Tablet,Web,True
8518,7,2,2025-01-30,95,0.72,Smart TV,TV App,False
8519,194,23,2025-04-10,88,0.8,Laptop,iOS,False
8520,864,3,2024-12-09,136,0.94,Mobile,iOS,False
8521,105,6,2025-04-20,45,0.48,Laptop,Android,True
8522,758,18,2024-10-23,100,0.71,Smart TV,Web,True
8523,985,19,2025-04-17,96,0.77,Mobile,Web,False
8524,477,2,2025-01-15,83,0.63,Mobile,Web,False
8525,765,4,2025-02-14,97,0.9,Mobile,Android,False
8526,321,13,2025-04-24,128,0.92,Laptop,iOS,False
8527,23,2,2024-11-02,87,0.66,Mobile,Android,False
8528,194,22,2025-03-21,82,0.69,Smart TV,Web,True
8529,1047,18,2024-10-03,86,0.61,Laptop,TV App,False
8530,1092,25,2024-12-09,113,0.84,Laptop,iOS,False
8531,199,14,2024-06-23,117,0.9,Mobile,Web,False
8532,963,1,2025-01-16,107,0.91,Laptop,iOS,True
8533,158,7,2025-01-08,21,0.24,Laptop,iOS,False
8534,1061,11,2025-02-28,76,0.6,Smart TV,TV App,False
8535,286,4,2025-02-23,75,0.7,Tablet,TV App,False
8536,37,15,2025-04-30,91,0.77,Laptop,TV App,False
8537,360,11,2025-02-12,77,0.61,Mobile,iOS,False
8538,906,13,2025-03-18,133,0.95,Tablet,iOS,False
8539,288,15,2025-04-25,95,0.8,Mobile,iOS,True
8540,295,13,2025-04-16,106,0.76,Smart TV,iOS,False
8541,1142,5,2025-02-26,87,0.72,Smart TV,Android,False
8542,445,15,2025-04-03,76,0.64,Laptop,TV App,False
8543,318,4,2025-03-30,76,0.71,Mobile,TV App,False
8544,640,5,2025-03-11,118,0.97,Tablet,Web,False
8545,771,11,2025-02-23,96,0.76,Smart TV,Android,False
8546,1165,2,2024-08-27,87,0.66,Mobile,TV App,False
8547,493,12,2025-03-21,59,0.58,Mobile,Web,False
8548,554,1,2025-01-18,87,0.74,Laptop,iOS,False
8549,369,9,2025-04-18,81,0.59,Mobile,iOS,False
8550,145,4,2025-04-29,59,0.55,Laptop,TV App,False
8551,365,13,2025-04-25,77,0.55,Mobile,TV App,False
8552,560,9,2025-04-27,106,0.77,Desktop,TV App,False
8553,848,10,2024-08-28,92,0.8,Mobile,Android,False
8554,116,14,2025-01-17,118,0.91,Smart TV,Android,True
8555,969,14,2024-10-15,102,0.79,Smart TV,Android,False
8556,135,21,2025-04-13,108,0.7,Laptop,Android,False
8557,1199,24,2025-02-20,76,0.73,Smart TV,Web,False
8558,259,16,2024-12-13,67,0.69,Smart TV,iOS,False
8559,58,2,2025-01-27,104,0.79,Laptop,iOS,False
8560,501,25,2025-04-17,99,0.74,Mobile,iOS,False
8561,341,2,2025-02-03,113,0.86,Smart TV,Web,False
8562,619,23,2025-04-22,100,0.91,Mobile,Android,False
8563,926,1,2025-04-03,99,0.84,Mobile,Android,False
8564,65,24,2025-03-24,61,0.59,Smart TV,Android,False
8565,371,6,2025-03-22,53,0.56,Mobile,Android,False
8566,422,16,2025-03-02,78,0.8,Mobile,Web,False
8567,991,11,2025-01-31,92,0.73,Desktop,iOS,False
8568,984,3,2025-02-25,78,0.54,Laptop,iOS,False
8569,942,22,2024-12-25,92,0.77,Laptop,iOS,True
8570,919,15,2025-04-12,109,0.92,Smart TV,TV App,True
8571,714,8,2025-03-28,56,0.64,Smart TV,Web,False
8572,152,1,2025-01-24,109,0.93,Mobile,Web,False
8573,1115,18,2025-02-22,96,0.68,Smart TV,Android,True
8574,943,13,2025-04-04,134,0.96,Mobile,Web,True
8575,768,9,2025-04-26,82,0.6,Smart TV,Web,False
8576,636,14,2024-07-17,105,0.81,Smart TV,Android,False
8577,1004,19,2025-04-15,70,0.56,Mobile,Web,True
8578,241,13,2025-04-29,123,0.88,Desktop,Web,False
8579,59,14,2024-08-16,74,0.57,Mobile,iOS,False
8580,145,1,2025-01-27,112,0.95,Smart TV,Android,False
8581,201,20,2024-09-08,52,0.57,Laptop,Web,False
8582,256,11,2025-04-27,104,0.82,Smart TV,iOS,False
8583,142,4,2025-04-16,83,0.77,Smart TV,TV App,False
8584,1005,21,2025-04-01,99,0.64,Smart TV,Web,False
8585,456,16,2025-03-10,91,0.93,Mobile,Web,False
8586,265,6,2025-04-18,62,0.66,Mobile,iOS,False
8587,214,5,2024-10-28,91,0.75,Tablet,iOS,False
8588,117,18,2025-01-29,126,0.89,Tablet,Web,False
8589,150,1,2025-04-09,97,0.83,Tablet,TV App,False
8590,1068,13,2025-04-18,85,0.61,Desktop,Web,False
8591,1176,22,2025-03-30,81,0.68,Smart TV,Web,False
8592,1015,9,2025-04-30,113,0.82,Smart TV,Android,False
8593,782,3,2024-12-27,97,0.67,Smart TV,Web,False
8594,771,20,2024-09-03,39,0.43,Laptop,iOS,False
8595,133,9,2025-04-30,103,0.75,Mobile,Web,False
8596,684,4,2025-03-26,73,0.68,Laptop,Android,False
8597,476,7,2024-12-30,50,0.56,Smart TV,TV App,False
8598,637,6,2025-04-05,31,0.33,Mobile,Web,False
8599,566,1,2025-03-20,115,0.98,Laptop,iOS,False
8600,906,15,2025-04-05,95,0.8,Laptop,iOS,False
8601,814,1,2025-03-16,112,0.95,Laptop,iOS,False
8602,691,25,2025-01-06,118,0.88,Mobile,Web,False
8603,661,25,2025-03-07,97,0.72,Mobile,Web,False
8604,4,16,2024-11-15,62,0.64,Smart TV,Android,False
8605,1168,1,2025-01-25,118,1.0,Desktop,iOS,False
8606,315,1,2025-01-27,94,0.8,Laptop,Android,False
8607,911,4,2025-02-26,78,0.73,Laptop,iOS,False
8608,1114,13,2025-03-22,106,0.76,Smart TV,Android,False
8609,1080,10,2024-10-31,82,0.72,Mobile,Web,False
8610,583,11,2025-04-21,80,0.63,Mobile,Android,False
8611,1025,13,2025-04-05,100,0.72,Laptop,Web,False
8612,706,10,2025-01-09,86,0.75,Smart TV,Android,False
8613,1141,11,2025-03-24,105,0.83,Mobile,Android,False
8614,906,19,2025-04-14,90,0.72,Smart TV,iOS,False
8615,418,13,2025-03-26,109,0.78,Smart TV,Android,False
8616,254,21,2025-04-16,134,0.87,Smart TV,iOS,False
8617,601,23,2025-04-10,92,0.84,Laptop,Android,False
8618,251,21,2025-04-14,133,0.86,Tablet,iOS,False
8619,323,24,2025-04-23,82,0.79,Smart TV,iOS,False
8620,30,19,2025-04-15,93,0.75,Laptop,iOS,False
8621,1133,22,2024-12-20,106,0.89,Smart TV,Android,True
8622,1081,2,2024-09-05,120,0.91,Smart TV,Android,True
8623,1118,22,2025-04-05,99,0.83,Mobile,iOS,False
8624,494,21,2025-04-22,94,0.61,Mobile,Android,False
8625,324,11,2025-02-22,127,1.0,Smart TV,Web,False
8626,792,1,2025-01-31,101,0.86,Mobile,Android,False
8627,78,15,2025-04-20,114,0.96,Smart TV,Android,False
8628,1020,13,2025-03-31,113,0.81,Mobile,Web,False
8629,601,4,2025-02-27,95,0.88,Mobile,TV App,False
8630,153,19,2025-04-30,116,0.93,Mobile,Web,True
8631,942,2,2024-10-12,85,0.65,Mobile,iOS,False
8632,95,13,2025-04-16,128,0.92,Tablet,Web,False
8633,531,13,2025-03-26,98,0.7,Tablet,Android,False
8634,306,13,2025-03-29,88,0.63,Desktop,Web,False
8635,939,4,2025-04-10,92,0.86,Smart TV,Web,False
8636,82,8,2025-03-05,25,0.29,Desktop,iOS,False
8637,1163,21,2025-03-30,111,0.72,Tablet,iOS,False
8638,690,22,2025-04-24,120,1.0,Mobile,Web,False
8639,126,11,2025-02-07,86,0.68,Tablet,Web,False
8640,310,1,2025-01-30,118,1.0,Smart TV,TV App,False
8641,948,4,2025-03-02,95,0.88,Smart TV,Android,False
8642,519,12,2025-02-16,74,0.73,Desktop,Web,False
8643,275,11,2025-03-13,97,0.77,Mobile,iOS,False
8644,738,6,2025-03-06,40,0.43,Mobile,iOS,False
8645,437,11,2025-04-06,101,0.8,Desktop,Android,True
8646,117,5,2025-03-14,122,1.0,Laptop,TV App,False
8647,843,19,2025-04-13,96,0.77,Mobile,Android,False
8648,983,13,2025-04-18,93,0.67,Laptop,Web,False
8649,903,9,2025-04-26,97,0.71,Smart TV,Android,False
8650,39,15,2025-04-18,55,0.47,Desktop,iOS,False
8651,168,25,2024-07-09,76,0.57,Laptop,TV App,False
8652,842,9,2025-04-18,92,0.67,Mobile,Android,False
8653,884,21,2025-04-04,120,0.78,Tablet,Web,False
8654,840,21,2025-04-11,137,0.89,Mobile,Web,False
8655,56,9,2025-04-26,138,1.0,Mobile,Android,False
8656,729,5,2025-02-11,122,1.0,Desktop,TV App,False
8657,940,21,2025-03-25,108,0.7,Laptop,iOS,False
8658,790,19,2025-04-30,67,0.54,Smart TV,iOS,False
8659,486,15,2025-04-29,90,0.76,Mobile,Web,False
8660,1029,15,2025-02-28,78,0.66,Smart TV,Web,False
8661,364,9,2025-04-24,103,0.75,Tablet,Android,False
8662,314,9,2025-04-14,106,0.77,Smart TV,iOS,False
8663,959,8,2025-03-25,47,0.54,Smart TV,Web,False
8664,704,17,2025-02-13,65,0.77,Smart TV,Android,False
8665,688,3,2025-01-30,131,0.91,Tablet,Android,False
8666,1165,2,2024-08-17,79,0.6,Smart TV,TV App,False
8667,997,21,2025-03-30,133,0.86,Smart TV,Web,False
8668,1058,11,2025-04-06,109,0.86,Smart TV,Web,False
8669,216,15,2025-03-18,110,0.93,Smart TV,TV App,False
8670,262,10,2024-11-30,106,0.93,Mobile,Web,True
8671,471,25,2024-10-18,103,0.77,Mobile,iOS,False
8672,216,21,2025-04-09,136,0.88,Smart TV,iOS,True
8673,306,22,2025-02-19,100,0.84,Smart TV,iOS,False
8674,703,21,2025-04-19,125,0.81,Mobile,iOS,False
8675,717,21,2025-04-03,111,0.72,Smart TV,Web,True
8676,558,20,2024-09-14,35,0.39,Desktop,iOS,False
8677,81,25,2024-07-19,98,0.73,Laptop,iOS,False
8678,673,21,2025-04-14,116,0.75,Tablet,Web,False
8679,226,15,2025-04-06,52,0.44,Smart TV,Web,False
8680,986,19,2025-04-16,87,0.7,Smart TV,Android,False
8681,785,23,2025-03-04,83,0.76,Smart TV,Android,False
8682,1008,23,2025-04-17,90,0.82,Mobile,Android,False
8683,1124,12,2024-11-01,89,0.88,Tablet,TV App,False
8684,355,21,2025-04-23,111,0.72,Smart TV,TV App,False
8685,760,2,2024-10-25,117,0.89,Smart TV,Android,False
8686,996,1,2025-01-16,109,0.93,Smart TV,Android,False
8687,309,14,2025-03-05,85,0.66,Laptop,iOS,False
8688,130,1,2025-03-14,88,0.75,Laptop,Android,True
8689,56,1,2025-04-19,95,0.81,Smart TV,Web,False
8690,355,19,2025-04-21,75,0.6,Smart TV,Web,False
8691,968,9,2025-04-11,71,0.52,Desktop,Android,False
8692,1187,1,2025-04-30,112,0.95,Laptop,Android,False
8693,937,5,2024-12-06,93,0.77,Laptop,TV App,False
8694,563,25,2024-08-27,78,0.58,Smart TV,iOS,True
8695,511,14,2025-02-07,118,0.91,Mobile,Android,False
8696,793,24,2025-03-02,65,0.62,Smart TV,iOS,True
8697,180,13,2025-03-26,137,0.98,Smart TV,Web,False
8698,681,22,2025-03-07,91,0.76,Laptop,Android,False
8699,386,25,2024-07-19,87,0.65,Mobile,TV App,False
8700,34,2,2024-09-27,76,0.58,Smart TV,Web,False
8701,344,16,2024-11-08,46,0.47,Laptop,iOS,False
8702,929,13,2025-04-07,131,0.94,Mobile,Android,False
8703,1114,9,2025-04-30,100,0.73,Smart TV,iOS,False
8704,797,24,2025-02-02,68,0.65,Smart TV,iOS,False
8705,175,5,2025-04-19,98,0.81,Smart TV,TV App,False
8706,214,13,2025-04-05,98,0.7,Mobile,iOS,False
8707,453,9,2025-04-09,97,0.71,Smart TV,Android,True
8708,1035,2,2025-02-23,84,0.64,Smart TV,Web,False
8709,968,13,2025-04-23,128,0.92,Smart TV,TV App,False
8710,1117,15,2025-03-03,80,0.68,Smart TV,Web,False
8711,434,13,2025-03-21,100,0.72,Laptop,Web,False
8712,672,2,2025-01-31,93,0.71,Smart TV,iOS,False
8713,4,9,2025-04-22,124,0.9,Laptop,iOS,False
8714,1034,21,2025-04-22,124,0.8,Desktop,Android,False
8715,422,1,2025-03-24,112,0.95,Smart TV,iOS,False
8716,976,21,2025-03-27,86,0.56,Laptop,Web,False
8717,371,2,2025-02-22,121,0.92,Smart TV,Android,False
8718,688,1,2025-01-26,115,0.98,Mobile,TV App,False
8719,707,22,2024-11-24,74,0.62,Smart TV,Android,False
8720,25,1,2025-01-21,96,0.82,Laptop,TV App,False
8721,395,1,2025-01-24,96,0.82,Mobile,TV App,False
8722,435,25,2024-12-19,112,0.83,Smart TV,iOS,False
8723,627,18,2024-10-08,80,0.57,Laptop,iOS,True
8724,759,11,2025-02-02,93,0.74,Smart TV,Android,False
8725,771,5,2024-10-31,70,0.58,Mobile,iOS,False
8726,371,22,2025-01-22,120,1.0,Laptop,Web,False
8727,857,24,2024-12-30,94,0.9,Smart TV,iOS,False
8728,439,4,2025-03-26,98,0.91,Mobile,TV App,False
8729,374,7,2025-01-13,27,0.3,Smart TV,iOS,False
8730,573,1,2025-01-31,118,1.0,Tablet,iOS,True
8731,442,16,2025-01-01,67,0.69,Tablet,Web,True
8732,917,24,2025-01-28,72,0.69,Mobile,iOS,False
8733,952,1,2025-01-15,106,0.9,Smart TV,Android,False
8734,889,14,2025-02-04,92,0.71,Smart TV,Web,False
8735,170,4,2025-04-11,100,0.93,Smart TV,iOS,True
8736,923,24,2025-04-08,74,0.71,Smart TV,iOS,False
8737,953,25,2024-11-30,89,0.66,Mobile,TV App,False
8738,877,3,2025-03-27,127,0.88,Laptop,Android,False
8739,1177,19,2025-04-14,100,0.8,Smart TV,Web,False
8740,512,23,2025-03-27,95,0.87,Mobile,iOS,True
8741,91,22,2025-03-03,87,0.73,Tablet,Android,False
8742,807,10,2024-09-21,101,0.88,Smart TV,Android,True
8743,735,22,2025-04-19,81,0.68,Smart TV,Android,False
8744,368,19,2025-04-26,98,0.79,Mobile,Android,False
8745,535,11,2025-02-26,105,0.83,Desktop,Web,False
8746,214,21,2025-03-29,103,0.67,Mobile,iOS,False
8747,310,25,2024-08-02,122,0.91,Smart TV,iOS,False
8748,570,19,2025-04-24,103,0.83,Smart TV,Web,False
8749,1192,13,2025-03-31,100,0.72,Tablet,Web,False
8750,537,23,2025-04-15,57,0.52,Tablet,iOS,False
8751,555,12,2025-03-22,94,0.93,Mobile,iOS,False
8752,1053,1,2025-02-17,106,0.9,Smart TV,iOS,False
8753,791,1,2025-01-16,93,0.79,Laptop,Web,True
8754,1166,21,2025-03-31,116,0.75,Laptop,Android,False
8755,1035,22,2024-11-10,88,0.74,Laptop,TV App,True
8756,894,17,2025-02-24,70,0.83,Smart TV,Web,False
8757,684,10,2024-11-07,65,0.57,Smart TV,Android,False
8758,773,25,2024-09-20,105,0.78,Smart TV,iOS,False
8759,1029,7,2025-01-16,28,0.32,Laptop,Android,False
8760,862,8,2025-02-05,44,0.51,Mobile,iOS,True
8761,790,22,2025-03-21,92,0.77,Smart TV,TV App,False
8762,298,8,2025-02-26,36,0.41,Smart TV,Web,False
8763,118,2,2025-02-08,114,0.87,Smart TV,Web,False
8764,811,10,2025-03-05,46,0.4,Smart TV,TV App,True
8765,164,18,2024-10-14,109,0.77,Mobile,Android,False
8766,221,11,2025-02-14,109,0.86,Mobile,Android,False
8767,517,18,2025-03-06,100,0.71,Smart TV,Android,False
8768,896,9,2025-04-18,120,0.87,Tablet,Android,False
8769,879,21,2025-04-01,122,0.79,Laptop,Android,False
8770,100,4,2025-04-26,54,0.5,Mobile,Web,False
8771,411,1,2025-01-24,101,0.86,Tablet,iOS,False
8772,383,15,2025-03-10,79,0.67,Smart TV,iOS,False
8773,829,13,2025-04-08,86,0.62,Smart TV,iOS,True
8774,1131,5,2024-10-25,82,0.68,Mobile,Web,False
8775,218,1,2025-04-24,82,0.7,Tablet,Web,False
8776,640,11,2025-03-05,81,0.64,Tablet,Web,False
8777,1200,15,2025-03-20,85,0.72,Smart TV,Web,False
8778,1191,19,2025-04-30,75,0.6,Desktop,Android,True
8779,426,21,2025-03-25,119,0.77,Smart TV,Web,False
8780,868,2,2024-12-01,81,0.62,Tablet,iOS,False
8781,971,19,2025-04-19,77,0.62,Desktop,Web,False
8782,1167,10,2025-03-30,78,0.68,Smart TV,Android,False
8783,61,20,2024-09-30,38,0.42,Mobile,Web,False
8784,842,5,2024-11-14,87,0.72,Smart TV,Web,False
8785,981,5,2025-02-18,79,0.65,Mobile,Android,True
8786,457,1,2025-02-19,96,0.82,Laptop,iOS,False
8787,96,3,2025-01-01,123,0.85,Laptop,Web,False
8788,608,23,2025-04-15,102,0.93,Mobile,Web,False
8789,682,5,2025-01-13,65,0.54,Mobile,TV App,False
8790,79,11,2025-03-10,88,0.7,Smart TV,TV App,False
8791,11,13,2025-03-18,109,0.78,Laptop,TV App,False
8792,325,1,2025-01-15,97,0.83,Smart TV,Android,False
8793,374,15,2025-04-22,89,0.75,Smart TV,Android,False
8794,798,23,2025-02-27,75,0.69,Laptop,iOS,True
8795,758,9,2025-04-06,120,0.87,Smart TV,iOS,False
8796,158,3,2025-02-27,72,0.5,Mobile,Web,False
8797,324,15,2025-04-17,63,0.53,Smart TV,Web,False
8798,481,9,2025-04-11,115,0.84,Laptop,iOS,False
8799,797,17,2025-01-20,60,0.71,Laptop,iOS,False
8800,755,21,2025-04-08,106,0.69,Mobile,iOS,False
8801,69,3,2025-03-04,92,0.64,Mobile,Web,False
8802,1099,1,2025-04-22,103,0.88,Mobile,iOS,False
8803,268,21,2025-04-08,120,0.78,Desktop,Web,False
8804,340,4,2025-03-02,87,0.81,Smart TV,Web,True
8805,760,15,2025-04-08,110,0.93,Laptop,Web,False
8806,706,23,2025-04-09,68,0.62,Smart TV,iOS,False
8807,906,9,2025-04-20,110,0.8,Desktop,Web,False
8808,144,16,2025-03-08,59,0.61,Mobile,TV App,False
8809,311,11,2025-02-19,93,0.74,Smart TV,Android,False
8810,638,21,2025-04-03,119,0.77,Mobile,Android,False
8811,1084,1,2025-01-16,93,0.79,Smart TV,iOS,False
8812,742,12,2024-12-27,83,0.82,Smart TV,Android,False
8813,520,4,2025-04-03,55,0.51,Laptop,Web,True
8814,610,13,2025-04-04,123,0.88,Laptop,Android,False
8815,762,1,2025-02-02,116,0.99,Mobile,Web,True
8816,803,1,2025-04-16,90,0.77,Smart TV,Android,False
8817,164,4,2025-04-21,88,0.82,Tablet,Android,False
8818,807,11,2025-03-26,113,0.89,Tablet,Web,False
8819,297,25,2025-02-01,103,0.77,Laptop,Android,False
8820,1062,4,2025-02-17,108,1.0,Smart TV,Web,False
8821,934,5,2025-03-07,93,0.77,Smart TV,iOS,False
8822,882,22,2025-03-12,102,0.85,Mobile,Web,False
8823,751,1,2025-01-20,112,0.95,Tablet,iOS,False
8824,167,1,2025-01-21,115,0.98,Smart TV,Web,False
8825,588,19,2025-04-28,85,0.68,Laptop,Web,True
8826,344,13,2025-03-28,77,0.55,Laptop,Android,False
8827,54,14,2025-03-23,96,0.74,Smart TV,Android,False
8828,1171,16,2025-02-16,88,0.9,Mobile,iOS,False
8829,896,25,2024-08-24,87,0.65,Mobile,iOS,False
8830,448,7,2025-01-29,70,0.78,Mobile,iOS,False
8831,212,13,2025-04-12,93,0.67,Desktop,Android,False
8832,1138,13,2025-03-28,91,0.65,Smart TV,Android,False
8833,334,15,2025-03-26,102,0.86,Laptop,Web,False
8834,261,6,2025-04-23,62,0.66,Smart TV,iOS,False
8835,208,22,2024-12-20,78,0.65,Smart TV,iOS,False
8836,75,9,2025-04-23,104,0.76,Mobile,Web,True
8837,401,14,2025-02-17,98,0.76,Smart TV,Web,False
8838,239,20,2024-10-04,57,0.62,Smart TV,Web,False
8839,671,8,2025-02-11,55,0.63,Tablet,iOS,False
8840,702,24,2025-03-24,78,0.75,Smart TV,iOS,True
8841,464,24,2025-04-27,71,0.68,Mobile,iOS,False
8842,236,19,2025-04-23,93,0.75,Mobile,TV App,False
8843,438,24,2025-04-22,85,0.81,Laptop,Web,False
8844,461,16,2025-04-12,84,0.86,Smart TV,Android,False
8845,781,19,2025-04-29,68,0.55,Smart TV,iOS,False
8846,71,1,2025-03-14,89,0.76,Tablet,Web,False
8847,711,19,2025-04-14,61,0.49,Mobile,Web,False
8848,1112,2,2025-04-14,76,0.58,Mobile,Android,False
8849,1067,19,2025-04-21,72,0.58,Mobile,TV App,False
8850,174,23,2025-02-20,86,0.79,Smart TV,iOS,True
8851,212,19,2025-04-25,98,0.79,Smart TV,Web,False
8852,309,25,2024-10-11,122,0.91,Smart TV,iOS,False
8853,1156,14,2025-02-08,114,0.88,Mobile,iOS,False
8854,129,23,2025-03-18,80,0.73,Smart TV,TV App,False
8855,283,22,2025-02-15,90,0.75,Desktop,TV App,False
8856,243,18,2024-10-10,102,0.72,Mobile,TV App,False
8857,424,17,2025-04-11,57,0.68,Laptop,Android,False
8858,992,13,2025-04-26,78,0.56,Smart TV,Android,False
8859,888,13,2025-04-04,105,0.75,Laptop,Web,True
8860,729,18,2025-01-02,106,0.75,Smart TV,TV App,False
8861,1195,5,2025-03-18,113,0.93,Mobile,iOS,False
8862,190,4,2025-03-30,56,0.52,Laptop,Web,False
8863,860,7,2025-01-20,45,0.51,Laptop,iOS,False
8864,150,18,2025-03-17,78,0.55,Laptop,Web,False
8865,191,19,2025-04-15,96,0.77,Mobile,Web,False
8866,235,12,2025-01-21,68,0.67,Mobile,TV App,False
8867,195,4,2025-04-17,105,0.98,Mobile,Web,True
8868,875,2,2024-09-14,91,0.69,Laptop,Web,False
8869,925,4,2025-03-28,89,0.83,Tablet,TV App,True
8870,154,3,2025-04-24,113,0.78,Laptop,iOS,False
8871,629,21,2025-04-27,83,0.54,Smart TV,TV App,False
8872,657,18,2024-10-01,113,0.8,Mobile,Web,False
8873,1079,18,2024-11-14,80,0.57,Mobile,Web,False
8874,54,2,2025-04-03,102,0.78,Smart TV,Android,False
8875,320,15,2025-03-07,59,0.5,Desktop,TV App,False
8876,94,3,2025-04-13,95,0.66,Mobile,Android,False
8877,932,14,2024-06-09,130,1.0,Laptop,iOS,False
8878,1185,14,2024-06-24,75,0.58,Mobile,Web,False
8879,1102,13,2025-04-01,117,0.84,Smart TV,iOS,False
8880,919,1,2025-01-20,116,0.99,Smart TV,Web,True
8881,758,16,2024-12-15,84,0.86,Laptop,iOS,False
8882,888,23,2025-02-21,102,0.93,Smart TV,iOS,False
8883,44,12,2024-10-16,91,0.9,Mobile,Web,False
8884,967,17,2025-03-13,85,1.0,Laptop,Web,True
8885,399,15,2025-03-24,110,0.93,Mobile,Web,False
8886,266,11,2025-03-28,104,0.82,Mobile,Android,False
8887,264,12,2025-04-19,37,0.37,Laptop,iOS,False
8888,673,20,2024-10-01,26,0.29,Tablet,Web,True
8889,316,22,2025-01-13,116,0.97,Smart TV,Android,False
8890,536,10,2025-01-18,92,0.8,Smart TV,Android,False
8891,782,4,2025-04-21,66,0.62,Laptop,TV App,False
8892,758,20,2024-10-11,11,0.13,Smart TV,Web,False
8893,1098,10,2024-11-19,93,0.81,Mobile,Android,True
8894,216,12,2024-10-18,82,0.81,Mobile,Android,False
8895,1068,25,2024-12-20,113,0.84,Tablet,iOS,False
8896,417,24,2025-03-12,59,0.57,Tablet,Web,False
8897,273,13,2025-04-23,54,0.39,Smart TV,TV App,False
8898,540,15,2025-03-07,94,0.79,Smart TV,Android,False
8899,968,19,2025-04-16,78,0.63,Mobile,Android,False
8900,789,22,2025-01-04,120,1.0,Smart TV,iOS,False
8901,314,19,2025-04-15,58,0.47,Mobile,iOS,False
8902,1165,3,2025-01-23,118,0.82,Smart TV,Web,False
8903,759,10,2025-03-11,109,0.95,Laptop,iOS,False
8904,1041,18,2025-04-14,89,0.63,Desktop,Web,False
8905,612,15,2025-03-08,64,0.54,Smart TV,iOS,False
8906,6,2,2025-02-22,66,0.5,Smart TV,TV App,True
8907,1082,17,2025-03-15,63,0.75,Laptop,iOS,True
8908,903,25,2025-04-02,126,0.94,Laptop,Android,False
8909,247,15,2025-04-18,85,0.72,Mobile,iOS,False
8910,1068,2,2025-03-10,100,0.76,Laptop,TV App,False
8911,397,7,2025-01-16,31,0.35,Smart TV,iOS,False
8912,387,14,2025-04-13,83,0.64,Laptop,iOS,False
8913,713,1,2025-03-01,105,0.89,Mobile,Android,False
8914,159,9,2025-04-27,132,0.96,Tablet,iOS,False
8915,494,9,2025-04-23,56,0.41,Mobile,Web,False
8916,624,19,2025-04-28,98,0.79,Smart TV,iOS,False
8917,25,19,2025-04-13,67,0.54,Mobile,Android,False
8918,908,4,2025-03-27,74,0.69,Mobile,iOS,True
8919,675,19,2025-04-27,96,0.77,Smart TV,iOS,False
8920,546,13,2025-04-30,99,0.71,Smart TV,iOS,False
8921,497,19,2025-04-24,58,0.47,Smart TV,Android,False
8922,133,19,2025-04-29,93,0.75,Tablet,Android,False
8923,843,13,2025-04-23,116,0.83,Smart TV,iOS,False
8924,776,10,2025-02-07,80,0.7,Smart TV,iOS,False
8925,70,19,2025-04-20,123,0.99,Laptop,iOS,False
8926,531,2,2024-12-26,73,0.56,Mobile,iOS,False
8927,953,23,2025-04-25,107,0.98,Laptop,Android,False
8928,1091,9,2025-04-29,100,0.73,Smart TV,iOS,False
8929,383,23,2025-02-21,59,0.54,Tablet,Android,False
8930,1000,4,2025-04-24,103,0.96,Laptop,Web,False
8931,461,4,2025-03-26,81,0.75,Mobile,Android,False
8932,150,22,2025-04-26,66,0.55,Tablet,iOS,False
8933,463,24,2025-04-30,55,0.53,Mobile,Web,False
8934,391,21,2025-03-30,128,0.83,Smart TV,Android,False
8935,701,22,2025-03-01,72,0.6,Tablet,iOS,False
8936,1117,14,2024-08-02,78,0.6,Laptop,TV App,True
8937,312,19,2025-04-19,102,0.82,Desktop,Web,False
8938,218,1,2025-01-23,116,0.99,Smart TV,Web,False
8939,945,10,2025-02-02,75,0.66,Tablet,Web,False
8940,447,13,2025-03-18,114,0.82,Mobile,iOS,False
8941,1093,15,2025-04-10,110,0.93,Mobile,Web,False
8942,47,20,2024-09-09,42,0.46,Laptop,Web,False
8943,1085,22,2025-01-29,78,0.65,Smart TV,iOS,True
8944,813,3,2025-04-05,105,0.73,Tablet,Web,False
8945,334,18,2024-11-15,115,0.81,Laptop,Android,False
8946,991,11,2025-01-30,66,0.52,Tablet,TV App,False
8947,606,9,2025-04-20,106,0.77,Laptop,iOS,False
8948,402,5,2025-03-30,84,0.69,Smart TV,Web,False
8949,1075,21,2025-03-25,131,0.85,Mobile,TV App,False
8950,1131,22,2025-02-18,104,0.87,Mobile,Android,False
8951,821,11,2025-03-03,113,0.89,Tablet,Android,False
8952,1008,14,2024-07-27,100,0.77,Smart TV,iOS,False
8953,417,5,2025-01-23,122,1.0,Mobile,iOS,False
8954,53,16,2025-04-11,84,0.86,Mobile,Android,False
8955,753,1,2025-01-18,118,1.0,Mobile,iOS,False
8956,128,9,2025-04-21,109,0.79,Smart TV,iOS,True
8957,1035,5,2025-03-03,57,0.47,Mobile,Android,False
8958,1195,2,2024-11-19,93,0.71,Smart TV,iOS,False
8959,1014,25,2024-12-14,83,0.62,Smart TV,iOS,False
8960,660,19,2025-04-21,93,0.75,Smart TV,iOS,False
8961,142,9,2025-04-09,71,0.52,Smart TV,Android,False
8962,449,5,2024-12-26,106,0.87,Smart TV,iOS,False
8963,1168,21,2025-04-21,150,0.97,Smart TV,iOS,False
8964,1144,2,2025-02-11,116,0.88,Smart TV,Android,False
8965,941,13,2025-03-31,102,0.73,Mobile,Web,False
8966,467,6,2025-03-07,73,0.77,Desktop,TV App,False
8967,490,15,2025-03-09,94,0.79,Laptop,Android,False
8968,781,1,2025-04-03,105,0.89,Laptop,Android,True
8969,596,24,2025-01-22,72,0.69,Mobile,Web,False
8970,1129,18,2025-02-20,110,0.78,Smart TV,Web,False
8971,1136,19,2025-04-17,118,0.95,Mobile,Android,False
8972,847,13,2025-03-31,110,0.79,Tablet,iOS,False
8973,771,15,2025-03-13,54,0.46,Smart TV,Android,False
8974,470,5,2025-03-07,79,0.65,Mobile,Android,False
8975,202,25,2024-12-27,114,0.85,Mobile,Android,True
8976,21,1,2025-03-08,82,0.7,Mobile,Web,False
8977,813,4,2025-04-05,77,0.72,Smart TV,iOS,False
8978,683,1,2025-04-07,95,0.81,Smart TV,Web,False
8979,332,13,2025-04-08,109,0.78,Smart TV,Android,False
8980,939,1,2025-01-22,108,0.92,Tablet,TV App,True
8981,378,4,2025-04-01,99,0.92,Smart TV,iOS,False
8982,445,23,2025-03-30,95,0.87,Desktop,Web,True
8983,785,13,2025-04-13,95,0.68,Laptop,Android,False
8984,213,4,2025-03-25,108,1.0,Tablet,Android,False
8985,422,18,2024-10-11,68,0.48,Mobile,TV App,False
8986,321,12,2025-04-10,67,0.66,Laptop,iOS,False
8987,720,21,2025-04-11,142,0.92,Laptop,Android,False
8988,1140,10,2025-02-24,92,0.8,Laptop,iOS,False
8989,394,22,2024-11-09,44,0.37,Tablet,iOS,False
8990,335,7,2025-01-07,58,0.65,Desktop,Web,False
8991,281,21,2025-03-25,124,0.8,Tablet,Web,False
8992,770,13,2025-04-11,116,0.83,Laptop,Web,True
8993,908,1,2025-02-27,118,1.0,Mobile,Android,False
8994,967,19,2025-04-16,97,0.78,Desktop,iOS,False
8995,693,18,2025-01-27,89,0.63,Smart TV,Web,False
8996,450,17,2025-02-03,70,0.83,Smart TV,Android,False
8997,220,25,2025-02-02,90,0.67,Laptop,TV App,False
8998,453,8,2025-03-23,61,0.7,Mobile,Web,False
8999,223,1,2025-03-15,95,0.81,Tablet,Web,True
9000,1073,8,2025-03-21,72,0.82,Tablet,iOS,False
9001,734,18,2024-12-24,122,0.86,Smart TV,Android,False
9002,433,21,2025-03-25,116,0.75,Mobile,TV App,True
9003,34,3,2024-12-24,136,0.94,Smart TV,iOS,True
9004,1146,23,2025-02-21,82,0.75,Smart TV,Android,False
9005,1143,24,2025-04-04,93,0.89,Mobile,Web,True
9006,657,11,2025-02-18,86,0.68,Tablet,iOS,True
9007,489,14,2024-11-20,49,0.38,Smart TV,Web,True
9008,359,22,2024-12-16,75,0.63,Laptop,Web,False
9009,349,22,2025-02-11,96,0.8,Smart TV,Web,False
9010,30,8,2025-03-05,41,0.47,Smart TV,Android,False
9011,27,22,2024-12-23,100,0.84,Mobile,iOS,False
9012,77,5,2024-10-29,80,0.66,Mobile,iOS,False
9013,580,1,2025-01-28,92,0.78,Smart TV,Android,True
9014,510,21,2025-04-24,86,0.56,Mobile,iOS,False
9015,306,13,2025-04-09,114,0.82,Desktop,iOS,False
9016,580,2,2025-01-26,71,0.54,Mobile,iOS,True
9017,1113,2,2024-09-09,88,0.67,Smart TV,iOS,False
9018,180,23,2025-02-13,86,0.79,Mobile,Web,False
9019,1005,12,2024-12-13,68,0.67,Smart TV,Web,False
9020,85,1,2025-01-23,109,0.93,Smart TV,iOS,False
9021,911,1,2025-03-30,99,0.84,Mobile,Android,False
9022,971,23,2025-03-04,93,0.85,Smart TV,Web,False
9023,542,23,2025-04-13,66,0.6,Smart TV,iOS,False
9024,688,16,2025-01-18,75,0.77,Laptop,TV App,True
9025,380,17,2025-04-28,84,0.99,Smart TV,Web,True
9026,126,25,2025-01-29,62,0.46,Smart TV,iOS,False
9027,512,1,2025-01-17,101,0.86,Smart TV,TV App,False
9028,95,22,2025-03-16,99,0.83,Mobile,Web,True
9029,1171,13,2025-04-25,106,0.76,Mobile,Android,True
9030,1143,11,2025-04-21,77,0.61,Mobile,Web,True
9031,1135,6,2025-03-24,71,0.75,Laptop,iOS,False
9032,889,13,2025-03-27,117,0.84,Smart TV,Web,False
9033,1180,4,2025-04-08,108,1.0,Laptop,TV App,True
9034,640,14,2025-04-22,62,0.48,Smart TV,Android,False
9035,860,11,2025-03-29,77,0.61,Desktop,Android,False
9036,101,25,2024-08-25,113,0.84,Smart TV,Web,False
9037,940,12,2024-11-17,57,0.56,Desktop,TV App,False
9038,1175,18,2024-11-19,142,1.0,Mobile,Web,False
9039,1005,22,2025-03-11,79,0.66,Laptop,Web,False
9040,376,11,2025-04-04,115,0.91,Mobile,Android,False
9041,696,1,2025-01-30,82,0.7,Mobile,Web,False
9042,349,8,2025-02-03,50,0.57,Smart TV,Web,False
9043,823,1,2025-04-03,92,0.78,Smart TV,Android,False
9044,467,15,2025-03-30,65,0.55,Smart TV,Android,False
9045,169,20,2024-09-21,51,0.56,Tablet,iOS,False
9046,728,14,2024-09-05,66,0.51,Laptop,Web,False
9047,544,15,2025-03-29,113,0.95,Mobile,Web,False
9048,1106,15,2025-03-06,77,0.65,Mobile,Web,False
9049,330,6,2025-03-03,45,0.48,Smart TV,iOS,False
9050,620,5,2024-10-24,53,0.44,Smart TV,Android,True
9051,195,1,2025-01-28,99,0.84,Smart TV,Android,False
9052,485,3,2025-04-26,113,0.78,Mobile,TV App,False
9053,890,11,2025-02-21,100,0.79,Tablet,iOS,False
9054,556,19,2025-04-25,92,0.74,Smart TV,Web,True
9055,458,2,2024-08-25,105,0.8,Desktop,Android,False
9056,102,23,2025-04-26,89,0.81,Smart TV,Web,False
9057,382,1,2025-04-28,83,0.71,Mobile,iOS,False
9058,766,12,2024-11-07,86,0.85,Smart TV,Android,False
9059,437,15,2025-04-25,89,0.75,Laptop,Web,False
9060,588,22,2025-04-10,114,0.95,Laptop,TV App,True
9061,660,18,2025-02-01,102,0.72,Smart TV,Web,True
9062,917,13,2025-04-19,95,0.68,Smart TV,Android,False
9063,789,14,2025-02-28,115,0.89,Tablet,iOS,False
9064,655,3,2025-01-18,127,0.88,Smart TV,Web,False
9065,124,24,2025-04-03,75,0.72,Smart TV,iOS,False
9066,1091,12,2024-12-25,70,0.69,Laptop,Web,False
9067,788,21,2025-04-11,99,0.64,Tablet,Android,False
9068,1108,12,2025-01-01,73,0.72,Mobile,TV App,False
9069,382,1,2025-01-21,102,0.87,Mobile,Android,True
9070,527,11,2025-02-16,73,0.58,Tablet,TV App,True
9071,822,5,2025-02-20,95,0.78,Smart TV,iOS,False
9072,69,11,2025-03-13,92,0.73,Tablet,iOS,True
9073,43,10,2024-09-01,66,0.58,Tablet,TV App,False
9074,778,23,2025-03-21,59,0.54,Smart TV,TV App,False
9075,777,12,2025-01-17,84,0.83,Smart TV,Android,False
9076,442,4,2025-04-30,88,0.82,Tablet,Web,False
9077,990,11,2025-03-04,114,0.9,Tablet,Android,False
9078,46,19,2025-04-24,80,0.64,Tablet,Web,False
9079,69,11,2025-01-30,88,0.7,Smart TV,Web,False
9080,30,23,2025-03-24,73,0.67,Smart TV,Web,True
9081,422,5,2025-02-12,113,0.93,Laptop,Android,True
9082,437,4,2025-04-08,81,0.75,Desktop,TV App,False
9083,375,22,2024-12-25,90,0.75,Smart TV,iOS,False
9084,886,1,2025-02-12,109,0.93,Tablet,TV App,False
9085,1194,5,2024-10-06,69,0.57,Mobile,Web,False
9086,308,14,2024-10-18,97,0.75,Tablet,Android,False
9087,1012,16,2025-02-09,90,0.92,Desktop,TV App,True
9088,984,9,2025-04-05,138,1.0,Mobile,iOS,False
9089,568,13,2025-03-26,131,0.94,Mobile,Web,False
9090,749,4,2025-04-26,92,0.86,Mobile,Web,False
9091,241,12,2024-10-28,72,0.71,Smart TV,iOS,False
9092,571,17,2025-01-27,68,0.81,Smart TV,Android,False
9093,277,22,2025-01-12,69,0.58,Laptop,Web,False
9094,776,9,2025-04-29,136,0.99,Smart TV,Android,False
9095,1105,25,2025-01-13,135,1.0,Mobile,iOS,False
9096,358,9,2025-04-30,128,0.93,Mobile,Android,False
9097,248,13,2025-03-31,75,0.54,Mobile,Web,False
9098,1170,1,2025-02-08,89,0.76,Laptop,Web,False
9099,318,19,2025-04-13,86,0.69,Laptop,Web,False
9100,416,15,2025-04-28,77,0.65,Smart TV,TV App,False
9101,568,21,2025-04-14,124,0.8,Mobile,TV App,False
9102,48,16,2025-01-19,53,0.55,Laptop,Android,False
9103,247,8,2025-03-04,29,0.33,Smart TV,Android,False
9104,412,19,2025-04-20,85,0.68,Laptop,Web,True
9105,481,1,2025-02-20,101,0.86,Mobile,Android,False
9106,248,25,2025-01-02,109,0.81,Smart TV,TV App,True
9107,361,4,2025-04-17,95,0.88,Mobile,Web,False
9108,564,12,2024-12-27,64,0.63,Smart TV,Web,False
9109,711,25,2024-08-14,83,0.62,Laptop,TV App,False
9110,732,12,2024-10-18,87,0.86,Mobile,iOS,False
9111,1177,19,2025-04-14,88,0.71,Mobile,Android,False
9112,82,12,2025-01-11,99,0.98,Smart TV,Web,False
9113,185,21,2025-04-19,128,0.83,Laptop,TV App,False
9114,1107,3,2024-11-24,110,0.76,Smart TV,Android,True
9115,521,21,2025-04-06,102,0.66,Tablet,Web,False
9116,1117,13,2025-04-29,74,0.53,Smart TV,Android,False
9117,420,19,2025-04-30,91,0.73,Smart TV,Android,False
9118,942,13,2025-03-23,86,0.62,Mobile,TV App,False
9119,401,13,2025-03-20,91,0.65,Laptop,iOS,True
9120,356,12,2025-02-10,77,0.76,Smart TV,Android,False
9121,61,2,2025-03-06,88,0.67,Smart TV,Web,False
9122,55,23,2025-03-21,73,0.67,Laptop,TV App,False
9123,612,14,2024-10-11,104,0.8,Smart TV,iOS,False
9124,496,19,2025-04-17,93,0.75,Smart TV,Web,False
9125,120,7,2025-01-01,36,0.41,Smart TV,Android,False
9126,309,10,2025-03-24,79,0.69,Mobile,Web,False
9127,1098,20,2024-09-24,50,0.55,Mobile,Web,False
9128,949,1,2025-02-12,106,0.9,Smart TV,Android,False
9129,1045,21,2025-04-17,105,0.68,Mobile,Web,False
9130,383,1,2025-02-03,118,1.0,Laptop,iOS,False
9131,917,5,2025-03-22,95,0.78,Mobile,Web,False
9132,193,6,2025-03-26,95,1.0,Smart TV,iOS,False
9133,532,17,2025-03-16,65,0.77,Tablet,Android,False
9134,298,12,2025-02-13,70,0.69,Smart TV,Web,False
9135,604,25,2024-12-24,82,0.61,Tablet,iOS,False
9136,541,10,2024-09-28,104,0.91,Smart TV,Web,False
9137,189,18,2025-04-27,86,0.61,Mobile,Android,False
9138,639,19,2025-04-26,86,0.69,Smart TV,Web,False
9139,1124,19,2025-04-20,122,0.98,Mobile,Web,False
9140,580,10,2024-09-24,66,0.58,Mobile,iOS,False
9141,262,12,2024-11-12,71,0.7,Tablet,Web,False
9142,792,22,2025-02-23,98,0.82,Mobile,iOS,True
9143,15,2,2024-11-11,105,0.8,Laptop,Android,False
9144,158,15,2025-04-04,105,0.89,Mobile,Web,False
9145,420,9,2025-04-26,57,0.42,Mobile,TV App,False
9146,1092,11,2025-04-24,96,0.76,Laptop,iOS,False
9147,19,21,2025-04-21,122,0.79,Laptop,Android,False
9148,565,1,2025-02-18,82,0.7,Smart TV,Android,False
9149,463,25,2024-12-12,98,0.73,Smart TV,iOS,True
9150,100,5,2024-11-17,81,0.67,Mobile,iOS,False
9151,124,21,2025-04-20,105,0.68,Laptop,Android,False
9152,1151,22,2025-02-20,75,0.63,Mobile,iOS,False
9153,807,22,2025-03-12,103,0.86,Laptop,TV App,False
9154,655,16,2025-03-26,64,0.66,Smart TV,Android,True
9155,45,2,2025-03-08,104,0.79,Mobile,Web,False
9156,10,9,2025-04-26,92,0.67,Mobile,iOS,False
9157,442,15,2025-03-05,45,0.38,Mobile,Android,False
9158,46,25,2024-12-07,106,0.79,Smart TV,Web,True
9159,1050,23,2025-03-04,75,0.69,Mobile,iOS,True
9160,788,10,2024-10-27,98,0.86,Smart TV,TV App,False
9161,327,21,2025-04-09,122,0.79,Laptop,Web,False
9162,858,15,2025-03-17,74,0.63,Mobile,TV App,False
9163,166,5,2025-02-26,89,0.73,Smart TV,iOS,False
9164,503,9,2025-04-08,104,0.76,Smart TV,iOS,False
9165,414,21,2025-04-06,144,0.93,Mobile,iOS,False
9166,702,1,2025-04-20,97,0.83,Smart TV,Web,False
9167,767,15,2025-03-20,78,0.66,Laptop,Android,False
9168,79,1,2025-04-06,110,0.94,Tablet,iOS,False
9169,1027,8,2025-03-05,38,0.44,Mobile,iOS,False
9170,714,11,2025-03-02,104,0.82,Mobile,Web,False
9171,641,18,2024-10-07,115,0.81,Tablet,Web,False
9172,861,12,2025-04-23,81,0.8,Smart TV,Web,False
9173,964,19,2025-04-12,93,0.75,Mobile,Android,False
9174,235,13,2025-04-27,114,0.82,Tablet,Web,False
9175,497,12,2025-04-12,71,0.7,Mobile,iOS,False
9176,689,24,2025-02-12,77,0.74,Mobile,Web,False
9177,362,24,2025-03-09,74,0.71,Smart TV,iOS,False
9178,1188,2,2024-09-08,124,0.94,Mobile,iOS,False
9179,18,23,2025-03-23,96,0.88,Smart TV,iOS,False
9180,581,19,2025-04-16,75,0.6,Tablet,TV App,False
9181,666,4,2025-03-26,77,0.72,Laptop,Web,False
9182,1048,17,2025-02-10,60,0.71,Mobile,TV App,False
9183,346,9,2025-04-14,55,0.4,Mobile,iOS,False
9184,470,20,2024-08-24,42,0.46,Mobile,iOS,False
9185,474,24,2025-01-29,71,0.68,Mobile,Web,False
9186,1041,13,2025-04-23,140,1.0,Mobile,Web,False
9187,558,23,2025-03-10,79,0.72,Smart TV,Web,True
9188,399,8,2025-01-29,27,0.31,Mobile,Web,False
9189,296,19,2025-04-14,83,0.67,Mobile,iOS,False
9190,1072,19,2025-04-20,90,0.72,Laptop,iOS,False
9191,747,13,2025-04-14,119,0.85,Mobile,Android,False
9192,473,9,2025-04-06,109,0.79,Laptop,iOS,False
9193,165,21,2025-03-25,128,0.83,Desktop,iOS,False
9194,248,22,2024-12-03,120,1.0,Mobile,iOS,True
9195,386,19,2025-04-19,86,0.69,Mobile,Android,False
9196,242,15,2025-04-03,95,0.8,Smart TV,Android,False
9197,14,25,2025-03-28,135,1.0,Mobile,TV App,False
9198,1066,25,2024-10-18,109,0.81,Laptop,iOS,False
9199,435,15,2025-03-24,115,0.97,Laptop,iOS,False
9200,810,3,2025-01-09,126,0.87,Mobile,Web,False
9201,140,1,2025-04-21,108,0.92,Laptop,Web,False
9202,761,19,2025-04-18,68,0.55,Mobile,TV App,False
9203,532,4,2025-04-26,91,0.85,Laptop,Web,False
9204,302,23,2025-03-05,96,0.88,Smart TV,iOS,False
9205,697,4,2025-02-19,69,0.64,Tablet,iOS,False
9206,282,23,2025-04-17,71,0.65,Smart TV,iOS,False
9207,953,9,2025-04-28,107,0.78,Smart TV,iOS,False
9208,886,2,2024-08-10,80,0.61,Smart TV,Android,False
9209,314,4,2025-03-21,90,0.84,Laptop,iOS,False
9210,395,7,2024-12-10,34,0.38,Mobile,Android,False
9211,651,9,2025-04-23,106,0.77,Laptop,Web,False
9212,357,2,2024-10-18,97,0.74,Smart TV,iOS,False
9213,328,14,2025-01-09,92,0.71,Smart TV,Web,False
9214,446,6,2025-03-09,32,0.34,Smart TV,Android,False
9215,565,25,2024-10-12,90,0.67,Smart TV,Android,False
9216,645,21,2025-04-26,151,0.98,Smart TV,Android,False
9217,474,19,2025-04-23,72,0.58,Smart TV,Android,False
9218,58,18,2025-03-11,115,0.81,Smart TV,Web,True
9219,439,12,2025-02-04,52,0.51,Mobile,Web,True
9220,520,1,2025-02-02,103,0.88,Mobile,Web,False
9221,884,21,2025-04-02,155,1.0,Smart TV,Web,False
9222,270,4,2025-04-24,89,0.83,Laptop,iOS,False
9223,807,6,2025-04-20,5,0.06,Tablet,TV App,False
9224,1131,11,2025-04-20,119,0.94,Mobile,Android,True
9225,639,4,2025-03-13,81,0.75,Mobile,TV App,False
9226,843,22,2025-01-15,111,0.93,Mobile,TV App,False
9227,1028,18,2025-02-11,106,0.75,Mobile,iOS,False
9228,196,1,2025-02-19,95,0.81,Mobile,Web,False
9229,327,4,2025-04-21,49,0.46,Laptop,Web,False
9230,815,7,2025-01-29,50,0.56,Smart TV,Web,False
9231,77,4,2025-04-10,93,0.87,Mobile,TV App,False
9232,1165,19,2025-04-16,85,0.68,Desktop,TV App,False
9233,683,15,2025-03-17,109,0.92,Tablet,Web,False
9234,95,3,2024-12-09,118,0.82,Mobile,Web,False
9235,874,1,2025-02-08,102,0.87,Laptop,iOS,False
9236,1045,13,2025-04-13,140,1.0,Smart TV,iOS,False
9237,397,14,2024-08-24,94,0.73,Smart TV,iOS,False
9238,1185,21,2025-04-24,114,0.74,Tablet,Android,False
9239,700,14,2024-09-24,130,1.0,Mobile,Android,False
9240,281,1,2025-03-04,115,0.98,Tablet,Android,False
9241,522,13,2025-04-03,116,0.83,Smart TV,iOS,False
9242,849,10,2024-12-31,88,0.77,Laptop,Android,False
9243,118,1,2025-01-24,108,0.92,Smart TV,TV App,False
9244,309,12,2025-03-31,71,0.7,Desktop,iOS,False
9245,1080,10,2024-12-17,112,0.98,Mobile,iOS,False
9246,1035,14,2024-07-08,78,0.6,Mobile,Android,False
9247,17,21,2025-03-28,134,0.87,Smart TV,Android,False
9248,1119,8,2025-03-06,36,0.42,Tablet,iOS,False
9249,1178,2,2024-10-05,77,0.59,Mobile,Android,False
9250,464,24,2025-04-14,68,0.65,Mobile,Web,True
9251,910,16,2025-04-20,98,1.0,Laptop,TV App,False
9252,1010,15,2025-03-28,119,1.0,Mobile,Web,False
9253,151,9,2025-04-12,97,0.71,Smart TV,iOS,False
9254,818,1,2025-03-16,103,0.88,Mobile,TV App,False
9255,627,4,2025-04-18,89,0.83,Smart TV,TV App,False
9256,802,19,2025-04-13,68,0.55,Smart TV,Android,False
9257,1073,25,2024-09-01,106,0.79,Smart TV,Android,True
9258,281,18,2024-11-14,133,0.94,Smart TV,Web,False
9259,1167,20,2024-08-27,28,0.31,Smart TV,iOS,False
9260,41,9,2025-04-25,93,0.68,Laptop,Web,False
9261,446,1,2025-04-12,118,1.0,Smart TV,Android,False
9262,139,25,2025-03-27,81,0.6,Laptop,Android,True
9263,282,1,2025-03-02,106,0.9,Smart TV,Web,False
9264,447,3,2025-04-23,98,0.68,Smart TV,TV App,False
9265,916,18,2024-12-21,126,0.89,Tablet,iOS,False
9266,717,4,2025-03-20,71,0.66,Laptop,TV App,True
9267,1026,2,2024-09-14,95,0.72,Mobile,Android,True
9268,737,12,2024-11-07,85,0.84,Smart TV,iOS,False
9269,1042,21,2025-04-27,139,0.9,Mobile,Android,False
9270,861,2,2024-10-27,100,0.76,Smart TV,Android,False
9271,171,23,2025-04-13,92,0.84,Mobile,iOS,False
9272,317,22,2025-03-01,92,0.77,Mobile,iOS,False
9273,894,20,2024-09-19,54,0.59,Tablet,Web,True
9274,286,1,2025-01-24,102,0.87,Smart TV,Android,False
9275,61,13,2025-04-15,79,0.57,Desktop,TV App,False
9276,381,13,2025-04-13,78,0.56,Smart TV,Android,False
9277,40,14,2024-11-07,74,0.57,Laptop,Web,False
9278,419,7,2024-12-30,29,0.33,Smart TV,TV App,False
9279,862,11,2025-04-23,92,0.73,Tablet,iOS,False
9280,210,1,2025-04-06,118,1.0,Smart TV,Android,False
9281,147,22,2024-12-05,118,0.99,Laptop,TV App,False
9282,900,13,2025-04-01,140,1.0,Smart TV,Android,False
9283,967,19,2025-04-15,125,1.0,Mobile,Android,False
9284,150,1,2025-01-24,94,0.8,Tablet,iOS,False
9285,760,21,2025-04-15,136,0.88,Laptop,Web,False
9286,818,21,2025-04-18,86,0.56,Mobile,iOS,False
9287,414,5,2025-02-15,59,0.49,Smart TV,Web,False
9288,690,12,2024-10-19,31,0.31,Mobile,Web,False
9289,417,11,2025-04-07,105,0.83,Laptop,Web,False
9290,275,15,2025-03-03,102,0.86,Mobile,Android,False
9291,551,24,2025-03-10,69,0.66,Desktop,Android,False
9292,1160,15,2025-04-21,69,0.58,Mobile,TV App,False
9293,689,18,2024-10-03,103,0.73,Mobile,Web,False
9294,190,5,2024-10-22,81,0.67,Smart TV,Android,False
9295,1023,16,2024-11-30,83,0.85,Tablet,TV App,False
9296,1144,18,2025-01-03,99,0.7,Smart TV,iOS,False
9297,502,1,2025-01-28,95,0.81,Laptop,Android,False
9298,966,10,2024-12-29,108,0.94,Smart TV,iOS,True
9299,35,1,2025-01-22,88,0.75,Desktop,Web,False
9300,1115,3,2024-12-13,88,0.61,Smart TV,Web,False
9301,963,2,2024-10-16,124,0.94,Mobile,iOS,False
9302,880,12,2025-03-04,56,0.55,Laptop,iOS,False
9303,730,15,2025-04-25,73,0.62,Laptop,Android,False
9304,370,4,2025-02-19,83,0.77,Smart TV,Web,True
9305,1054,20,2024-09-30,28,0.31,Smart TV,TV App,False
9306,626,9,2025-04-26,121,0.88,Laptop,iOS,False
9307,417,14,2024-10-15,118,0.91,Tablet,iOS,False
9308,550,1,2025-01-30,101,0.86,Mobile,iOS,False
9309,569,1,2025-02-25,101,0.86,Tablet,Web,False
9310,474,6,2025-04-02,57,0.6,Smart TV,Web,False
9311,254,22,2024-12-27,110,0.92,Tablet,Android,False
9312,980,24,2025-04-25,75,0.72,Mobile,iOS,False
9313,186,22,2024-12-09,111,0.93,Laptop,Web,False
9314,1134,14,2024-11-20,114,0.88,Mobile,Android,False
9315,39,9,2025-04-21,99,0.72,Mobile,Android,False
9316,3,12,2024-11-15,83,0.82,Tablet,Android,False
9317,936,13,2025-03-31,119,0.85,Laptop,Android,False
9318,1190,5,2025-03-08,96,0.79,Tablet,Web,False
9319,105,24,2025-01-23,52,0.5,Mobile,iOS,False
9320,292,22,2025-01-07,70,0.59,Smart TV,Web,False
9321,650,11,2025-04-29,90,0.71,Laptop,iOS,False
9322,897,14,2024-09-04,78,0.6,Laptop,Web,False
9323,812,12,2025-01-22,78,0.77,Mobile,Web,False
9324,67,9,2025-04-23,107,0.78,Tablet,iOS,False
9325,377,1,2025-01-23,93,0.79,Laptop,Android,True
9326,563,21,2025-04-09,155,1.0,Mobile,iOS,False
9327,388,12,2025-02-24,74,0.73,Mobile,TV App,False
9328,443,24,2025-04-30,90,0.86,Desktop,Web,False
9329,488,23,2025-03-05,85,0.78,Desktop,iOS,False
9330,764,15,2025-03-16,119,1.0,Tablet,TV App,False
9331,505,23,2025-02-22,78,0.71,Smart TV,Web,False
9332,997,18,2025-02-09,134,0.95,Desktop,iOS,False
9333,481,7,2024-12-13,41,0.46,Smart TV,iOS,True
9334,748,6,2025-04-21,54,0.57,Smart TV,TV App,True
9335,1056,25,2024-12-31,102,0.76,Laptop,Web,False
9336,680,25,2024-09-14,114,0.85,Mobile,Web,False
9337,1058,15,2025-03-06,105,0.89,Mobile,TV App,True
9338,925,24,2025-04-17,63,0.6,Smart TV,Android,False
9339,890,22,2024-12-15,105,0.88,Mobile,TV App,False
9340,334,14,2024-08-19,130,1.0,Smart TV,Web,False
9341,44,12,2025-01-24,72,0.71,Smart TV,iOS,False
9342,702,1,2025-01-29,108,0.92,Smart TV,iOS,False
9343,172,11,2025-04-06,127,1.0,Laptop,Android,True
9344,295,9,2025-04-22,117,0.85,Mobile,iOS,True
9345,1018,19,2025-04-26,105,0.84,Smart TV,iOS,False
9346,1090,12,2025-04-30,81,0.8,Smart TV,iOS,True
9347,8,3,2025-01-05,94,0.65,Mobile,Web,False
9348,338,19,2025-04-13,123,0.99,Laptop,TV App,False
9349,1053,23,2025-04-13,89,0.81,Laptop,iOS,False
9350,332,11,2025-02-01,114,0.9,Mobile,iOS,False
9351,583,11,2025-04-26,86,0.68,Tablet,Android,False
9352,31,9,2025-04-09,77,0.56,Smart TV,Android,False
9353,96,1,2025-04-18,102,0.87,Smart TV,iOS,False
9354,1115,1,2025-02-14,93,0.79,Mobile,Web,False
9355,1150,23,2025-03-27,100,0.91,Smart TV,iOS,False
9356,288,1,2025-01-17,116,0.99,Laptop,TV App,False
9357,786,19,2025-04-15,103,0.83,Mobile,Android,False
9358,810,19,2025-04-19,111,0.89,Desktop,Web,False
9359,793,21,2025-04-23,111,0.72,Smart TV,Web,False
9360,406,11,2025-03-25,100,0.79,Smart TV,Web,False
9361,826,1,2025-04-24,90,0.77,Mobile,iOS,False
9362,1014,24,2025-02-27,72,0.69,Mobile,Android,False
9363,677,17,2025-04-29,85,1.0,Mobile,iOS,True
9364,91,2,2024-12-07,116,0.88,Mobile,TV App,False
9365,668,24,2025-04-12,95,0.91,Laptop,Android,False
9366,963,1,2025-01-17,109,0.93,Tablet,iOS,False
9367,507,9,2025-04-06,66,0.48,Mobile,iOS,False
9368,805,1,2025-03-21,118,1.0,Laptop,Android,False
9369,1136,19,2025-04-12,101,0.81,Smart TV,TV App,True
9370,123,3,2025-04-07,97,0.67,Tablet,Web,False
9371,832,15,2025-04-03,76,0.64,Mobile,iOS,False
9372,916,10,2025-01-20,52,0.46,Smart TV,iOS,True
9373,856,23,2025-03-19,97,0.89,Mobile,Web,False
9374,646,9,2025-04-29,51,0.37,Smart TV,iOS,False
9375,553,11,2025-02-26,83,0.66,Laptop,Android,False
9376,528,1,2025-02-19,103,0.88,Mobile,Android,False
9377,739,4,2025-04-27,76,0.71,Mobile,Android,False
9378,552,22,2025-03-10,91,0.76,Smart TV,Web,False
9379,208,18,2025-04-10,97,0.69,Laptop,Android,False
9380,472,22,2025-03-18,78,0.65,Mobile,TV App,False
9381,940,16,2024-11-23,76,0.78,Laptop,Android,False
9382,388,9,2025-04-30,110,0.8,Mobile,Web,False
9383,408,19,2025-04-12,65,0.52,Laptop,TV App,False
9384,21,15,2025-03-27,85,0.72,Smart TV,iOS,True
9385,899,14,2025-02-17,75,0.58,Smart TV,Android,True
9386,845,11,2025-04-26,102,0.81,Smart TV,iOS,False
9387,986,5,2024-11-01,46,0.38,Mobile,TV App,False
9388,160,22,2025-02-18,115,0.96,Laptop,iOS,True
9389,668,9,2025-04-29,91,0.66,Desktop,iOS,False
9390,172,1,2025-02-20,99,0.84,Smart TV,Android,False
9391,481,2,2025-03-07,117,0.89,Smart TV,iOS,False
9392,255,18,2024-10-20,95,0.67,Smart TV,iOS,False
9393,668,4,2025-04-26,65,0.61,Smart TV,iOS,False
9394,402,24,2024-12-20,81,0.78,Smart TV,Web,False
9395,354,6,2025-03-14,35,0.37,Smart TV,Web,False
9396,406,7,2025-01-21,45,0.51,Smart TV,Web,False
9397,97,18,2024-09-30,90,0.64,Smart TV,iOS,False
9398,157,23,2025-02-20,105,0.96,Tablet,Web,False
9399,592,25,2024-07-10,82,0.61,Smart TV,Web,False
9400,715,3,2025-03-23,137,0.95,Laptop,Android,False
9401,1170,16,2025-03-04,52,0.54,Tablet,Android,True
9402,1141,9,2025-04-27,129,0.94,Tablet,TV App,False
9403,283,23,2025-04-19,107,0.98,Desktop,iOS,False
9404,847,13,2025-04-06,127,0.91,Laptop,Web,True
9405,982,16,2025-03-13,29,0.3,Laptop,Android,True
9406,119,3,2025-04-16,117,0.81,Mobile,Android,False
9407,986,8,2025-03-22,41,0.47,Smart TV,iOS,True
9408,527,19,2025-04-22,107,0.86,Laptop,iOS,False
9409,779,23,2025-02-14,80,0.73,Laptop,iOS,False
9410,1094,22,2025-03-24,75,0.63,Mobile,iOS,False
9411,313,13,2025-04-04,75,0.54,Laptop,Web,False
9412,802,13,2025-03-18,102,0.73,Mobile,Android,False
9413,570,7,2024-12-11,47,0.53,Laptop,iOS,False
9414,659,11,2025-02-14,73,0.58,Mobile,TV App,True
9415,980,1,2025-03-17,93,0.79,Laptop,iOS,True
9416,808,4,2025-03-26,61,0.57,Mobile,Web,False
9417,347,1,2025-01-21,108,0.92,Mobile,iOS,True
9418,687,9,2025-04-27,52,0.38,Tablet,iOS,True
9419,964,6,2025-03-27,46,0.49,Smart TV,Android,False
9420,264,4,2025-04-09,77,0.72,Tablet,Web,False
9421,561,12,2025-04-07,102,1.0,Tablet,iOS,False
9422,620,19,2025-04-29,101,0.81,Desktop,Web,False
9423,70,2,2025-02-08,101,0.77,Smart TV,Android,True
9424,198,20,2024-08-31,75,0.82,Tablet,Web,False
9425,463,7,2025-02-01,47,0.53,Smart TV,iOS,False
9426,789,17,2025-03-25,42,0.5,Smart TV,iOS,False
9427,12,14,2024-07-23,107,0.83,Tablet,TV App,False
9428,189,22,2024-11-12,109,0.91,Desktop,iOS,False
9429,498,10,2024-12-17,86,0.75,Laptop,Web,False
9430,1077,15,2025-03-15,77,0.65,Smart TV,iOS,False
9431,1135,15,2025-03-05,79,0.67,Smart TV,iOS,False
9432,192,3,2025-04-28,145,1.0,Smart TV,TV App,False
9433,444,15,2025-03-25,86,0.73,Mobile,Android,True
9434,956,13,2025-04-10,91,0.65,Smart TV,TV App,False
9435,431,20,2024-10-08,40,0.44,Mobile,Android,False
9436,770,15,2025-03-05,111,0.94,Laptop,Android,False
9437,171,9,2025-04-05,106,0.77,Smart TV,TV App,False
9438,898,1,2025-02-16,101,0.86,Mobile,Android,False
9439,469,6,2025-04-15,52,0.55,Smart TV,Android,False
9440,493,16,2025-02-19,76,0.78,Smart TV,Web,True
9441,169,3,2025-04-06,136,0.94,Laptop,iOS,False
9442,53,25,2024-07-05,79,0.59,Mobile,Web,False
9443,136,4,2025-04-07,89,0.83,Smart TV,Web,False
9444,1119,14,2025-03-02,102,0.79,Smart TV,Android,False
9445,990,19,2025-04-18,56,0.45,Smart TV,Android,False
9446,1029,24,2025-01-12,87,0.83,Smart TV,TV App,False
9447,905,2,2025-04-15,116,0.88,Smart TV,iOS,True
9448,220,25,2025-01-18,106,0.79,Smart TV,iOS,False
9449,517,18,2025-02-08,93,0.66,Smart TV,Web,False
9450,313,11,2025-04-13,116,0.92,Smart TV,Android,False
9451,1142,7,2024-12-24,60,0.67,Smart TV,Android,False
9452,737,9,2025-04-30,78,0.57,Mobile,Web,False
9453,865,15,2025-03-29,99,0.84,Mobile,Web,False
9454,380,3,2025-02-27,131,0.91,Laptop,iOS,True
9455,41,23,2025-02-07,71,0.65,Laptop,Web,True
9456,316,8,2025-02-19,50,0.57,Mobile,TV App,False
9457,75,17,2025-03-22,62,0.74,Smart TV,iOS,False
9458,424,10,2024-08-31,87,0.76,Smart TV,Android,False
9459,576,15,2025-04-29,94,0.79,Smart TV,Web,False
9460,975,12,2024-11-03,73,0.72,Desktop,Web,False
9461,425,23,2025-02-10,97,0.89,Smart TV,TV App,False
9462,1041,18,2024-10-11,134,0.95,Tablet,Web,False
9463,87,25,2024-07-13,97,0.72,Laptop,Web,False
9464,977,6,2025-03-19,82,0.87,Smart TV,Android,False
9465,1,13,2025-04-14,120,0.86,Laptop,iOS,False
9466,957,19,2025-04-13,108,0.87,Smart TV,iOS,False
9467,1136,1,2025-01-30,103,0.88,Smart TV,iOS,False
9468,209,24,2025-04-21,53,0.51,Laptop,Android,False
9469,1198,13,2025-03-25,98,0.7,Smart TV,Android,False
9470,1004,13,2025-03-28,86,0.62,Mobile,Web,False
9471,1033,5,2025-01-04,59,0.49,Mobile,Web,True
9472,1102,19,2025-04-15,62,0.5,Smart TV,TV App,False
9473,693,2,2024-10-21,100,0.76,Smart TV,Web,False
9474,677,19,2025-04-14,95,0.76,Mobile,Web,False
9475,929,1,2025-04-07,95,0.81,Laptop,Web,False
9476,913,24,2025-03-19,56,0.54,Mobile,Android,True
9477,781,18,2024-12-11,95,0.67,Smart TV,Web,False
9478,575,22,2025-01-27,93,0.78,Smart TV,TV App,False
9479,739,25,2024-08-01,60,0.45,Mobile,Web,False
9480,246,18,2025-02-20,95,0.67,Smart TV,TV App,True
9481,1032,4,2025-03-24,90,0.84,Mobile,Web,False
9482,656,17,2025-01-11,52,0.62,Laptop,Web,True
9483,259,21,2025-04-20,125,0.81,Laptop,Web,False
9484,268,2,2024-09-30,121,0.92,Smart TV,iOS,False
9485,631,21,2025-04-23,122,0.79,Mobile,TV App,False
9486,348,5,2025-01-24,118,0.97,Smart TV,Web,True
9487,260,13,2025-04-21,106,0.76,Mobile,Android,False
9488,877,23,2025-02-13,110,1.0,Smart TV,Android,False
9489,119,4,2025-04-18,54,0.5,Smart TV,Android,False
9490,697,13,2025-04-10,85,0.61,Desktop,iOS,False
9491,786,25,2025-03-23,81,0.6,Mobile,iOS,False
9492,469,24,2024-12-31,70,0.67,Mobile,Web,False
9493,1025,6,2025-03-16,57,0.61,Smart TV,iOS,False
9494,599,17,2025-03-14,58,0.69,Mobile,TV App,False
9495,449,24,2024-12-31,53,0.51,Smart TV,TV App,True
9496,194,9,2025-04-26,106,0.77,Mobile,iOS,False
9497,91,15,2025-03-31,101,0.85,Laptop,Android,False
9498,406,13,2025-03-25,130,0.93,Desktop,Web,False
9499,841,13,2025-04-20,127,0.91,Mobile,Android,False
9500,451,24,2025-01-20,75,0.72,Smart TV,iOS,True
9501,1187,13,2025-04-04,91,0.65,Mobile,iOS,False
9502,311,15,2025-03-04,90,0.76,Mobile,Web,False
9503,948,15,2025-04-02,90,0.76,Smart TV,TV App,False
9504,890,23,2025-03-10,56,0.51,Smart TV,Web,False
9505,125,11,2025-04-20,106,0.84,Desktop,iOS,True
9506,1040,13,2025-04-09,121,0.87,Smart TV,iOS,False
9507,268,7,2025-01-25,37,0.42,Smart TV,iOS,False
9508,462,23,2025-03-17,70,0.64,Tablet,Web,False
9509,311,1,2025-01-20,112,0.95,Mobile,TV App,False
9510,553,5,2024-12-26,81,0.67,Smart TV,Android,False
9511,1127,1,2025-02-26,96,0.82,Mobile,Web,False
9512,769,23,2025-02-20,101,0.92,Mobile,Android,True
9513,715,4,2025-04-07,75,0.7,Mobile,Android,False
9514,302,14,2024-06-22,58,0.45,Smart TV,Android,True
9515,736,11,2025-04-08,85,0.67,Mobile,Web,False
9516,1018,16,2024-12-15,62,0.64,Mobile,Web,False
9517,195,1,2025-01-24,114,0.97,Tablet,Web,False
9518,959,19,2025-04-24,97,0.78,Smart TV,Web,True
9519,205,7,2024-12-12,32,0.36,Mobile,Web,False
9520,64,17,2025-04-17,55,0.65,Mobile,iOS,False
9521,1040,1,2025-02-05,99,0.84,Mobile,Web,True
9522,628,9,2025-04-28,133,0.97,Mobile,Android,False
9523,1004,9,2025-04-13,117,0.85,Laptop,iOS,False
9524,316,12,2025-01-26,67,0.66,Mobile,TV App,False
9525,737,24,2025-02-21,96,0.92,Laptop,Android,True
9526,646,18,2025-01-02,93,0.66,Mobile,Android,False
9527,878,20,2024-09-09,7,0.08,Mobile,Android,False
9528,811,18,2025-04-17,133,0.94,Smart TV,Android,False
9529,608,2,2024-11-28,120,0.91,Desktop,Web,False
9530,655,1,2025-02-28,105,0.89,Tablet,TV App,True
9531,279,8,2025-02-14,50,0.57,Laptop,Android,False
9532,16,18,2024-10-07,122,0.86,Tablet,iOS,False
9533,995,9,2025-04-11,63,0.46,Laptop,TV App,False
9534,176,6,2025-04-17,46,0.49,Smart TV,iOS,True
9535,53,1,2025-03-09,100,0.85,Tablet,iOS,False
9536,362,1,2025-01-16,101,0.86,Tablet,iOS,False
9537,821,25,2024-11-21,99,0.74,Tablet,iOS,False
9538,568,22,2025-02-22,91,0.76,Mobile,TV App,False
9539,329,13,2025-04-14,131,0.94,Tablet,Web,True
9540,716,25,2025-04-22,108,0.8,Mobile,Web,False
9541,440,13,2025-04-30,89,0.64,Desktop,Web,False
9542,470,21,2025-04-04,93,0.6,Mobile,TV App,False
9543,583,19,2025-04-28,90,0.72,Smart TV,Android,False
9544,1149,1,2025-04-27,109,0.93,Mobile,TV App,True
9545,1047,9,2025-04-14,86,0.63,Smart TV,TV App,False
9546,838,1,2025-03-28,100,0.85,Smart TV,Web,False
9547,1188,21,2025-03-29,141,0.91,Smart TV,Android,False
9548,157,11,2025-02-15,104,0.82,Smart TV,Android,False
9549,248,7,2024-12-27,45,0.5,Mobile,iOS,False
9550,228,21,2025-04-19,97,0.63,Smart TV,Android,True
9551,1151,23,2025-04-22,106,0.97,Laptop,Android,True
9552,392,10,2024-11-25,97,0.85,Tablet,Android,False
9553,441,21,2025-04-22,69,0.45,Mobile,Web,False
9554,1185,23,2025-04-26,79,0.72,Tablet,iOS,True
9555,768,9,2025-04-25,81,0.59,Mobile,Android,False
9556,1141,11,2025-04-24,91,0.72,Mobile,TV App,True
9557,519,25,2024-09-27,120,0.89,Smart TV,iOS,False
9558,51,21,2025-04-30,127,0.82,Mobile,TV App,True
9559,136,21,2025-04-20,86,0.56,Tablet,Android,True
9560,155,20,2024-09-11,43,0.47,Smart TV,TV App,False
9561,1159,1,2025-01-17,113,0.96,Laptop,iOS,False
9562,2,1,2025-03-25,96,0.82,Mobile,iOS,False
9563,119,3,2025-02-26,100,0.69,Smart TV,TV App,False
9564,936,22,2025-01-18,114,0.95,Mobile,Web,False
9565,60,5,2025-03-09,64,0.53,Mobile,iOS,False
9566,197,14,2024-07-24,100,0.77,Mobile,TV App,False
9567,578,4,2025-03-24,84,0.78,Smart TV,Web,False
9568,1143,10,2025-04-03,83,0.73,Laptop,Web,False
9569,153,22,2024-12-19,94,0.79,Laptop,iOS,True
9570,306,13,2025-04-02,112,0.8,Smart TV,Web,False
9571,212,1,2025-02-25,113,0.96,Smart TV,Android,False
9572,407,1,2025-01-19,110,0.94,Desktop,TV App,False
9573,837,15,2025-04-16,55,0.47,Smart TV,Web,False
9574,717,1,2025-01-30,83,0.71,Mobile,iOS,False
9575,1053,13,2025-04-25,50,0.36,Mobile,iOS,False
9576,1052,11,2025-02-18,97,0.77,Mobile,Web,False
9577,264,25,2024-07-12,70,0.52,Laptop,iOS,False
9578,465,2,2024-08-27,120,0.91,Mobile,Web,False
9579,285,7,2025-01-21,24,0.27,Smart TV,iOS,True
9580,750,22,2025-02-20,84,0.7,Laptop,Web,False
9581,176,21,2025-04-05,119,0.77,Laptop,Android,True
9582,109,24,2025-03-01,54,0.52,Smart TV,iOS,False
9583,765,15,2025-02-28,94,0.79,Smart TV,Android,True
9584,222,11,2025-04-19,120,0.95,Desktop,Web,False
9585,1003,5,2025-02-22,75,0.62,Laptop,Android,False
9586,654,1,2025-01-20,92,0.78,Tablet,iOS,False
9587,895,18,2025-01-08,120,0.85,Smart TV,Android,False
9588,620,5,2024-10-06,80,0.66,Smart TV,iOS,False
9589,708,4,2025-04-07,81,0.75,Mobile,TV App,True
9590,1066,12,2025-01-30,54,0.53,Mobile,iOS,False
9591,461,15,2025-04-02,85,0.72,Laptop,Android,False
9592,1142,11,2025-02-13,107,0.85,Laptop,iOS,False
9593,897,21,2025-04-25,150,0.97,Mobile,Android,False
9594,1095,20,2024-10-08,24,0.27,Mobile,TV App,False
9595,661,2,2025-04-20,95,0.72,Mobile,iOS,False
9596,918,7,2025-02-08,23,0.26,Laptop,iOS,False
9597,323,1,2025-01-31,90,0.77,Smart TV,Web,False
9598,187,18,2025-03-12,117,0.83,Smart TV,TV App,False
9599,31,23,2025-04-23,64,0.59,Laptop,Web,False
9600,240,25,2024-11-05,114,0.85,Tablet,TV App,False
9601,552,10,2025-02-24,115,1.0,Laptop,iOS,False
9602,1183,4,2025-02-22,65,0.61,Laptop,Android,False
9603,459,5,2024-11-25,107,0.88,Smart TV,Web,False
9604,260,21,2025-04-14,94,0.61,Mobile,iOS,False
9605,814,22,2024-10-31,99,0.83,Smart TV,Web,False
9606,1132,13,2025-04-14,81,0.58,Smart TV,TV App,True
9607,763,1,2025-01-26,110,0.94,Mobile,Web,False
9608,1113,10,2024-10-13,59,0.52,Laptop,iOS,False
9609,831,14,2025-01-12,85,0.66,Mobile,Android,False
9610,921,22,2024-12-22,120,1.0,Smart TV,Android,False
9611,246,13,2025-04-04,56,0.4,Smart TV,iOS,False
9612,764,3,2024-12-24,94,0.65,Mobile,iOS,False
9613,487,3,2025-04-06,102,0.71,Mobile,Android,False
9614,835,12,2025-03-05,80,0.79,Mobile,iOS,True
9615,900,19,2025-04-23,56,0.45,Mobile,Android,False
9616,538,5,2024-12-01,78,0.64,Mobile,iOS,False
9617,1013,10,2025-04-01,52,0.46,Tablet,Web,False
9618,325,21,2025-03-30,150,0.97,Smart TV,iOS,False
9619,561,17,2025-01-28,56,0.66,Smart TV,iOS,True
9620,997,8,2025-03-17,49,0.56,Smart TV,iOS,False
9621,515,11,2025-03-14,82,0.65,Smart TV,TV App,False
9622,557,22,2025-03-10,99,0.83,Laptop,Android,False
9623,95,6,2025-04-14,53,0.56,Tablet,Web,False
9624,1188,1,2025-01-27,95,0.81,Laptop,iOS,False
9625,693,13,2025-04-26,102,0.73,Smart TV,Web,False
9626,499,25,2025-02-06,98,0.73,Mobile,iOS,False
9627,516,14,2024-09-01,72,0.56,Desktop,iOS,False
9628,1148,8,2025-02-21,56,0.64,Smart TV,iOS,False
9629,1179,2,2024-09-27,97,0.74,Smart TV,Android,False
9630,622,25,2025-04-24,89,0.66,Mobile,Web,False
9631,1093,21,2025-04-05,147,0.95,Laptop,Web,False
9632,1143,18,2024-11-12,86,0.61,Laptop,TV App,False
9633,40,23,2025-04-16,52,0.48,Laptop,Web,False
9634,903,9,2025-04-16,111,0.81,Smart TV,TV App,False
9635,664,1,2025-04-26,118,1.0,Smart TV,Android,False
9636,379,5,2024-11-05,61,0.5,Mobile,Web,False
9637,526,22,2024-12-18,96,0.8,Smart TV,Web,True
9638,1147,10,2024-08-17,115,1.0,Smart TV,Android,True
9639,807,9,2025-04-25,107,0.78,Mobile,iOS,False
9640,799,23,2025-02-28,83,0.76,Laptop,Android,False
9641,1128,13,2025-04-16,82,0.59,Smart TV,Android,False
9642,345,18,2024-11-26,79,0.56,Mobile,Android,False
9643,1103,13,2025-04-30,135,0.97,Desktop,TV App,False
9644,657,3,2025-01-16,114,0.79,Smart TV,Web,False
9645,583,15,2025-04-02,107,0.9,Mobile,Web,False
9646,905,14,2024-08-14,79,0.61,Mobile,iOS,False
9647,557,17,2025-01-17,45,0.53,Smart TV,iOS,False
9648,665,14,2025-04-17,105,0.81,Mobile,Android,False
9649,1130,14,2024-08-02,105,0.81,Mobile,Web,False
9650,207,8,2025-02-21,37,0.43,Smart TV,Web,False
9651,356,22,2024-12-24,115,0.96,Smart TV,iOS,False
9652,881,8,2025-02-07,43,0.49,Smart TV,Web,False
9653,301,5,2025-04-12,64,0.53,Mobile,Web,False
9654,918,19,2025-04-28,82,0.66,Smart TV,TV App,False
9655,1142,18,2024-10-31,112,0.79,Mobile,iOS,False
9656,419,9,2025-04-13,92,0.67,Smart TV,iOS,False
9657,84,18,2024-12-22,109,0.77,Tablet,Web,False
9658,570,15,2025-03-30,58,0.49,Smart TV,iOS,False
9659,467,1,2025-01-26,112,0.95,Laptop,iOS,False
9660,291,9,2025-04-14,120,0.87,Mobile,Web,False
9661,1113,16,2025-01-28,79,0.81,Smart TV,iOS,False
9662,870,23,2025-03-08,74,0.68,Tablet,Web,False
9663,507,9,2025-04-07,128,0.93,Mobile,TV App,True
9664,853,25,2025-04-20,114,0.85,Smart TV,TV App,False
9665,247,10,2024-07-29,55,0.48,Smart TV,Android,False
9666,153,19,2025-04-20,75,0.6,Smart TV,Web,True
9667,526,3,2025-03-17,124,0.86,Laptop,TV App,True
9668,1183,17,2025-01-22,44,0.52,Smart TV,iOS,False
9669,834,2,2024-09-06,108,0.82,Smart TV,iOS,True
9670,997,5,2025-03-07,102,0.84,Smart TV,TV App,True
9671,1073,3,2024-12-25,117,0.81,Smart TV,TV App,False
9672,180,6,2025-03-20,42,0.45,Mobile,TV App,False
9673,645,8,2025-03-16,14,0.17,Laptop,iOS,False
9674,663,9,2025-04-23,64,0.47,Smart TV,Web,False
9675,550,21,2025-04-14,122,0.79,Smart TV,TV App,False
9676,1052,14,2024-10-06,94,0.73,Smart TV,iOS,False
9677,441,12,2025-01-25,73,0.72,Smart TV,iOS,False
9678,362,1,2025-02-25,106,0.9,Mobile,Web,False
9679,42,19,2025-04-18,100,0.8,Mobile,Web,False
9680,1131,24,2025-01-07,91,0.87,Mobile,iOS,False
9681,264,23,2025-02-26,86,0.79,Mobile,Android,False
9682,969,24,2025-04-28,85,0.81,Laptop,TV App,False
9683,386,1,2025-01-18,100,0.85,Smart TV,Web,True
9684,612,14,2024-12-26,94,0.73,Laptop,iOS,False
9685,861,16,2025-04-20,81,0.83,Mobile,Web,True
9686,1186,9,2025-04-08,115,0.84,Smart TV,Android,False
9687,750,2,2025-04-25,92,0.7,Desktop,Android,False
9688,299,9,2025-04-20,104,0.76,Mobile,Web,False
9689,601,19,2025-04-28,101,0.81,Tablet,iOS,False
9690,245,23,2025-03-19,110,1.0,Smart TV,iOS,False
9691,1155,11,2025-03-27,90,0.71,Smart TV,Android,False
9692,153,11,2025-02-22,101,0.8,Smart TV,iOS,False
9693,362,9,2025-04-28,103,0.75,Mobile,iOS,False
9694,446,11,2025-04-12,81,0.64,Mobile,Web,False
9695,829,25,2024-07-24,112,0.83,Smart TV,Android,False
9696,802,22,2025-01-10,106,0.89,Mobile,Web,False
9697,633,18,2025-03-16,112,0.79,Smart TV,Android,False
9698,733,22,2025-01-25,72,0.6,Smart TV,TV App,False
9699,734,3,2025-01-06,137,0.95,Smart TV,iOS,False
9700,221,15,2025-04-07,91,0.77,Mobile,Web,False
9701,908,17,2025-01-14,55,0.65,Mobile,Web,True
9702,306,21,2025-04-09,60,0.39,Laptop,Web,False
9703,1031,16,2025-01-24,85,0.87,Laptop,Web,False
9704,763,6,2025-04-22,34,0.36,Mobile,iOS,False
9705,1158,8,2025-03-13,39,0.45,Laptop,Android,False
9706,643,22,2024-12-20,64,0.54,Mobile,Android,False
9707,164,25,2024-12-17,85,0.63,Smart TV,Web,False
9708,398,6,2025-03-06,42,0.45,Mobile,Web,False
9709,689,23,2025-03-12,92,0.84,Laptop,Android,False
9710,1037,11,2025-02-20,72,0.57,Smart TV,Web,False
9711,464,1,2025-02-21,96,0.82,Mobile,Web,False
9712,257,1,2025-03-27,86,0.73,Mobile,Web,False
9713,202,23,2025-03-21,82,0.75,Mobile,Android,True
9714,1106,6,2025-04-09,39,0.42,Smart TV,Web,False
9715,367,23,2025-02-27,92,0.84,Laptop,iOS,False
9716,992,13,2025-03-25,67,0.48,Mobile,iOS,False
9717,1122,14,2024-07-12,78,0.6,Mobile,iOS,False
9718,661,3,2025-04-11,113,0.78,Laptop,TV App,True
9719,544,11,2025-02-24,55,0.44,Smart TV,Android,False
9720,751,18,2025-01-28,105,0.74,Mobile,TV App,True
9721,783,24,2025-04-19,60,0.58,Mobile,TV App,False
9722,595,5,2024-10-03,84,0.69,Smart TV,iOS,False
9723,812,11,2025-03-22,93,0.74,Mobile,Android,False
9724,755,9,2025-04-30,114,0.83,Tablet,iOS,False
9725,748,19,2025-04-17,83,0.67,Mobile,Android,False
9726,162,18,2024-12-16,96,0.68,Smart TV,iOS,False
9727,69,14,2025-04-02,101,0.78,Smart TV,iOS,True
9728,539,25,2025-02-21,110,0.82,Smart TV,Web,False
9729,850,14,2024-07-15,102,0.79,Laptop,TV App,False
9730,143,19,2025-04-12,88,0.71,Laptop,iOS,False
9731,60,5,2025-01-04,122,1.0,Smart TV,Web,True
9732,874,9,2025-04-21,103,0.75,Desktop,Android,False
9733,1082,5,2024-11-02,104,0.86,Mobile,Web,False
9734,1059,9,2025-04-14,96,0.7,Mobile,iOS,False
9735,772,14,2024-08-20,110,0.85,Mobile,iOS,False
9736,112,15,2025-03-06,109,0.92,Laptop,iOS,False
9737,645,2,2025-01-22,60,0.46,Laptop,Android,False
9738,531,19,2025-04-25,96,0.77,Smart TV,Android,False
9739,907,20,2024-09-27,60,0.66,Mobile,Web,True
9740,160,14,2025-01-20,100,0.77,Mobile,Web,False
9741,98,11,2025-04-05,102,0.81,Smart TV,Android,False
9742,748,9,2025-04-10,91,0.66,Smart TV,Android,False
9743,578,5,2024-09-28,61,0.5,Laptop,TV App,False
9744,1128,3,2025-01-16,110,0.76,Smart TV,Web,False
9745,1158,23,2025-04-29,77,0.7,Mobile,Android,False
9746,592,19,2025-04-30,115,0.92,Laptop,Android,False
9747,1100,17,2025-01-15,67,0.79,Mobile,iOS,False
9748,1165,18,2025-02-12,80,0.57,Tablet,iOS,False
9749,778,8,2025-03-26,60,0.69,Smart TV,TV App,False
9750,1118,15,2025-03-07,72,0.61,Tablet,Web,True
9751,929,2,2025-03-13,114,0.87,Smart TV,TV App,False
9752,1061,23,2025-04-09,70,0.64,Smart TV,Android,False
9753,637,25,2025-02-19,117,0.87,Mobile,Web,True
9754,565,11,2025-02-13,97,0.77,Smart TV,Android,False
9755,768,2,2024-11-07,108,0.82,Tablet,Android,True
9756,12,11,2025-04-04,101,0.8,Tablet,Android,False
9757,315,16,2025-03-28,54,0.56,Smart TV,Web,False
9758,449,6,2025-04-13,43,0.46,Laptop,Web,False
9759,109,6,2025-04-20,83,0.88,Smart TV,TV App,False
9760,735,1,2025-04-22,95,0.81,Mobile,iOS,True
9761,1076,3,2025-02-27,110,0.76,Tablet,Web,False
9762,660,17,2025-04-12,63,0.75,Laptop,TV App,False
9763,465,11,2025-03-13,127,1.0,Mobile,Android,False
9764,1147,1,2025-01-25,95,0.81,Smart TV,Android,False
9765,472,15,2025-03-27,107,0.9,Mobile,Android,False
9766,221,4,2025-04-02,81,0.75,Smart TV,iOS,False
9767,1116,15,2025-04-26,99,0.84,Desktop,iOS,False
9768,713,20,2024-08-23,48,0.53,Laptop,iOS,False
9769,3,24,2025-01-01,67,0.64,Smart TV,iOS,False
9770,713,6,2025-04-02,59,0.63,Smart TV,Web,False
9771,532,23,2025-02-27,50,0.46,Tablet,Web,True
9772,35,13,2025-03-22,123,0.88,Laptop,iOS,False
9773,1123,21,2025-04-10,125,0.81,Mobile,Android,False
9774,1107,17,2025-02-01,73,0.86,Laptop,Web,False
9775,402,4,2025-04-26,93,0.87,Mobile,iOS,False
9776,110,19,2025-04-13,92,0.74,Mobile,Web,False
9777,1083,13,2025-04-21,100,0.72,Mobile,TV App,False
9778,1100,4,2025-03-21,108,1.0,Tablet,TV App,False
9779,16,23,2025-03-13,91,0.83,Smart TV,TV App,False
9780,1036,11,2025-04-19,67,0.53,Laptop,Web,False
9781,783,13,2025-04-04,82,0.59,Laptop,Web,False
9782,467,20,2024-10-07,22,0.24,Tablet,Web,False
9783,709,1,2025-01-28,89,0.76,Mobile,Android,False
9784,619,1,2025-03-31,118,1.0,Laptop,Web,True
9785,452,21,2025-03-26,148,0.96,Smart TV,Web,False
9786,248,11,2025-03-05,127,1.0,Mobile,TV App,False
9787,276,6,2025-03-03,33,0.35,Smart TV,iOS,False
9788,33,13,2025-03-19,78,0.56,Tablet,iOS,False
9789,560,5,2025-03-01,84,0.69,Tablet,iOS,False
9790,1175,2,2025-01-15,100,0.76,Mobile,Android,False
9791,882,24,2025-04-09,100,0.96,Mobile,Web,False
9792,516,14,2024-10-01,81,0.63,Mobile,Web,False
9793,327,3,2025-02-01,87,0.6,Tablet,Android,True
9794,856,20,2024-09-07,34,0.38,Smart TV,Android,False
9795,85,13,2025-04-10,113,0.81,Laptop,TV App,False
9796,1049,4,2025-03-20,75,0.7,Mobile,Android,False
9797,92,16,2025-02-02,65,0.67,Laptop,Android,False
9798,93,17,2025-01-17,64,0.76,Laptop,iOS,False
9799,672,1,2025-01-23,93,0.79,Smart TV,Web,False
9800,699,19,2025-04-20,113,0.91,Mobile,Android,False
9801,848,14,2025-01-19,66,0.51,Laptop,TV App,False
9802,497,21,2025-04-04,119,0.77,Mobile,Web,True
9803,94,20,2024-09-28,33,0.36,Mobile,TV App,False
9804,441,1,2025-01-24,90,0.77,Mobile,Android,False
9805,309,3,2025-02-04,118,0.82,Smart TV,iOS,False
9806,191,23,2025-03-30,85,0.78,Laptop,iOS,False
9807,38,2,2024-12-15,69,0.53,Mobile,Web,False
9808,828,12,2024-10-21,58,0.57,Tablet,Web,True
9809,954,11,2025-02-12,109,0.86,Mobile,iOS,True
9810,196,23,2025-02-21,66,0.6,Mobile,TV App,False
9811,622,22,2025-02-25,94,0.79,Smart TV,Web,False
9812,411,22,2024-11-13,96,0.8,Laptop,iOS,True
9813,135,3,2025-03-21,134,0.93,Tablet,Android,True
9814,1062,18,2025-04-26,110,0.78,Mobile,Web,False
9815,563,20,2024-08-20,32,0.35,Mobile,Web,False
9816,477,21,2025-04-02,94,0.61,Desktop,Android,False
9817,418,6,2025-03-21,66,0.7,Desktop,Android,False
9818,455,19,2025-04-20,70,0.56,Smart TV,Web,False
9819,182,9,2025-04-16,102,0.74,Laptop,Android,False
9820,131,18,2024-10-16,105,0.74,Mobile,Android,False
9821,982,10,2024-10-12,90,0.79,Mobile,Web,False
9822,507,13,2025-04-28,93,0.67,Laptop,iOS,False
9823,197,11,2025-02-07,85,0.67,Desktop,TV App,True
9824,32,13,2025-04-12,126,0.9,Smart TV,iOS,False
9825,1135,9,2025-04-12,138,1.0,Smart TV,TV App,False
9826,913,8,2025-03-15,60,0.69,Tablet,iOS,False
9827,137,1,2025-01-23,118,1.0,Laptop,Web,True
9828,390,9,2025-04-13,96,0.7,Mobile,Web,False
9829,504,16,2025-02-12,91,0.93,Smart TV,Android,False
9830,886,23,2025-03-02,94,0.86,Smart TV,iOS,False
9831,931,3,2025-02-01,97,0.67,Laptop,Android,False
9832,68,5,2025-02-18,91,0.75,Mobile,TV App,False
9833,844,1,2025-01-18,101,0.86,Laptop,iOS,False
9834,1139,25,2025-02-27,76,0.57,Laptop,Android,True
9835,339,13,2025-03-21,109,0.78,Laptop,Android,False
9836,465,22,2024-12-21,79,0.66,Mobile,Web,False
9837,883,5,2025-03-27,122,1.0,Laptop,iOS,False
9838,273,22,2025-03-31,88,0.74,Smart TV,iOS,False
9839,285,7,2025-01-25,57,0.64,Desktop,Web,False
9840,574,19,2025-04-18,92,0.74,Smart TV,Web,False
9841,601,12,2025-02-13,69,0.68,Tablet,Web,False
9842,430,6,2025-04-23,50,0.53,Smart TV,iOS,False
9843,285,24,2024-12-31,73,0.7,Mobile,Android,False
9844,906,3,2025-03-01,120,0.83,Laptop,Android,True
9845,566,13,2025-04-26,112,0.8,Tablet,TV App,False
9846,659,15,2025-03-26,83,0.7,Laptop,Web,True
9847,886,15,2025-03-25,41,0.35,Tablet,Android,False
9848,279,21,2025-03-30,83,0.54,Laptop,Web,False
9849,117,10,2024-12-21,102,0.89,Smart TV,Android,False
9850,785,14,2025-04-26,96,0.74,Desktop,iOS,False
9851,153,21,2025-04-03,128,0.83,Mobile,iOS,False
9852,771,22,2025-03-13,96,0.8,Laptop,TV App,False
9853,1126,21,2025-04-05,103,0.67,Mobile,Android,False
9854,733,22,2025-03-13,114,0.95,Mobile,TV App,False
9855,862,14,2025-04-17,92,0.71,Desktop,Web,False
9856,164,1,2025-03-04,100,0.85,Tablet,Web,False
9857,1100,25,2024-11-07,132,0.98,Mobile,iOS,True
9858,489,23,2025-03-20,110,1.0,Smart TV,Web,False
9859,47,9,2025-04-12,80,0.58,Smart TV,TV App,False
9860,886,4,2025-03-08,92,0.86,Mobile,Web,False
9861,912,18,2024-11-22,142,1.0,Tablet,TV App,False
9862,97,13,2025-04-19,119,0.85,Mobile,TV App,False
9863,684,4,2025-03-15,91,0.85,Mobile,Android,False
9864,1077,21,2025-04-25,106,0.69,Desktop,TV App,False
9865,475,8,2025-03-05,47,0.54,Smart TV,Web,False
9866,909,20,2024-10-01,46,0.5,Desktop,Android,False
9867,371,14,2024-08-12,105,0.81,Smart TV,iOS,False
9868,322,18,2025-01-13,106,0.75,Desktop,Web,False
9869,884,4,2025-04-02,44,0.41,Laptop,Web,True
9870,601,8,2025-03-25,46,0.53,Desktop,Android,True
9871,202,21,2025-04-11,117,0.76,Desktop,Web,True
9872,658,19,2025-04-18,120,0.96,Laptop,TV App,False
9873,1016,11,2025-04-19,88,0.7,Laptop,TV App,False
9874,1100,1,2025-04-19,103,0.88,Mobile,TV App,False
9875,403,1,2025-04-14,93,0.79,Tablet,Android,False
9876,857,23,2025-03-01,80,0.73,Smart TV,Web,False
9877,678,4,2025-03-13,71,0.66,Mobile,Web,True
9878,803,15,2025-04-16,92,0.78,Smart TV,Android,True
9879,516,18,2024-11-17,97,0.69,Smart TV,Web,False
9880,734,5,2025-04-08,96,0.79,Laptop,Android,False
9881,836,3,2025-04-23,110,0.76,Mobile,iOS,True
9882,540,3,2025-02-15,121,0.84,Smart TV,TV App,False
9883,690,13,2025-04-11,70,0.5,Smart TV,Android,True
9884,574,23,2025-02-12,83,0.76,Mobile,Web,False
9885,506,25,2024-07-13,86,0.64,Laptop,Web,False
9886,1113,13,2025-04-24,93,0.67,Tablet,Web,False
9887,109,5,2024-09-28,70,0.58,Desktop,Web,False
9888,690,3,2025-01-21,98,0.68,Mobile,iOS,True
9889,1193,8,2025-02-01,34,0.39,Mobile,Web,False
9890,586,21,2025-04-30,117,0.76,Smart TV,Web,False
9891,738,6,2025-04-04,43,0.46,Smart TV,Android,False
9892,1039,2,2025-03-18,87,0.66,Smart TV,iOS,False
9893,104,3,2025-04-28,117,0.81,Laptop,Web,False
9894,583,16,2025-04-08,89,0.91,Tablet,Web,False
9895,950,11,2025-04-03,76,0.6,Mobile,iOS,True
9896,5,25,2025-04-25,87,0.65,Laptop,iOS,False
9897,1100,2,2024-08-21,117,0.89,Tablet,Web,False
9898,209,1,2025-04-01,101,0.86,Desktop,Android,False
9899,935,13,2025-04-07,140,1.0,Smart TV,iOS,True
9900,583,18,2025-02-21,106,0.75,Laptop,Android,True
9901,401,1,2025-02-10,108,0.92,Laptop,Web,False
9902,582,23,2025-02-25,92,0.84,Smart TV,iOS,False
9903,425,3,2024-11-23,116,0.8,Mobile,iOS,False
9904,975,4,2025-03-18,90,0.84,Smart TV,iOS,False
9905,659,23,2025-03-21,78,0.71,Laptop,TV App,False
9906,597,4,2025-03-19,69,0.64,Mobile,iOS,False
9907,873,9,2025-04-25,132,0.96,Smart TV,Web,False
9908,850,5,2025-03-14,98,0.81,Tablet,TV App,False
9909,899,4,2025-03-12,79,0.74,Mobile,Web,False
9910,799,4,2025-04-30,82,0.76,Tablet,Android,False
9911,27,3,2025-03-07,116,0.8,Tablet,Web,True
9912,177,25,2025-01-07,114,0.85,Laptop,TV App,False
9913,537,14,2024-06-29,93,0.72,Laptop,Android,True
9914,541,4,2025-03-29,79,0.74,Mobile,TV App,True
9915,380,1,2025-04-25,88,0.75,Mobile,iOS,False
9916,1131,19,2025-04-15,80,0.64,Tablet,Android,False
9917,994,21,2025-04-30,147,0.95,Laptop,Android,True
9918,791,23,2025-03-05,79,0.72,Laptop,Android,True
9919,1149,24,2025-02-21,72,0.69,Laptop,Android,False
9920,205,13,2025-04-06,71,0.51,Smart TV,iOS,True
9921,620,4,2025-03-02,60,0.56,Mobile,TV App,True
9922,580,13,2025-03-29,121,0.87,Laptop,Android,False
9923,774,1,2025-03-24,106,0.9,Mobile,Web,False
9924,669,16,2025-03-31,82,0.84,Mobile,Web,False
9925,1117,1,2025-03-26,101,0.86,Mobile,iOS,False
9926,368,11,2025-02-22,102,0.81,Tablet,Web,False
9927,624,1,2025-03-29,93,0.79,Smart TV,Web,False
9928,929,22,2024-11-05,90,0.75,Desktop,Android,False
9929,830,21,2025-04-07,133,0.86,Desktop,TV App,False
9930,53,1,2025-02-09,103,0.88,Mobile,Web,False
9931,1164,13,2025-04-29,119,0.85,Desktop,iOS,False
9932,1106,19,2025-04-24,97,0.78,Laptop,Web,False
9933,293,15,2025-03-28,103,0.87,Smart TV,Android,True
9934,205,2,2024-10-28,122,0.93,Mobile,Android,False
9935,511,21,2025-04-20,74,0.48,Smart TV,iOS,False
9936,311,1,2025-04-09,106,0.9,Mobile,Android,False
9937,898,11,2025-04-16,60,0.48,Laptop,Android,False
9938,711,15,2025-04-11,82,0.69,Smart TV,Web,False
9939,46,19,2025-04-17,91,0.73,Smart TV,Android,True
9940,708,14,2025-04-26,74,0.57,Smart TV,TV App,False
9941,159,12,2024-12-05,66,0.65,Smart TV,Android,False
9942,821,21,2025-04-08,85,0.55,Smart TV,iOS,False
9943,776,23,2025-02-27,69,0.63,Tablet,Android,False
9944,1181,8,2025-02-07,57,0.65,Smart TV,iOS,False
9945,745,12,2024-11-10,102,1.0,Smart TV,TV App,False
9946,404,16,2024-12-28,75,0.77,Smart TV,TV App,False
9947,230,22,2025-03-04,97,0.81,Laptop,iOS,False
9948,253,18,2025-04-13,88,0.62,Laptop,Web,False
9949,5,5,2024-09-18,102,0.84,Laptop,Web,False
9950,53,13,2025-04-19,140,1.0,Smart TV,Android,False
9951,502,3,2025-03-13,143,0.99,Mobile,TV App,False
9952,451,2,2024-12-25,79,0.6,Smart TV,TV App,False
9953,671,1,2025-03-23,110,0.94,Mobile,Web,False
9954,560,20,2024-10-08,47,0.52,Smart TV,Web,False
9955,605,13,2025-04-19,110,0.79,Smart TV,Android,False
9956,486,11,2025-03-19,106,0.84,Mobile,Web,False
9957,584,17,2025-02-14,62,0.74,Mobile,TV App,False
9958,969,16,2024-12-27,93,0.95,Smart TV,iOS,False
9959,235,15,2025-04-14,69,0.58,Mobile,Web,False
9960,832,14,2024-08-26,87,0.67,Smart TV,Web,False
9961,981,3,2025-02-26,129,0.89,Mobile,iOS,False
9962,321,9,2025-04-18,84,0.61,Laptop,Web,False
9963,879,15,2025-03-21,77,0.65,Mobile,iOS,False
9964,1189,18,2025-03-07,95,0.67,Smart TV,iOS,False
9965,345,8,2025-02-28,55,0.63,Smart TV,iOS,False
9966,911,19,2025-04-15,80,0.64,Tablet,TV App,False
9967,164,3,2024-11-29,129,0.89,Mobile,Web,True
9968,153,9,2025-04-27,138,1.0,Smart TV,Android,False
9969,1149,21,2025-04-08,130,0.84,Smart TV,Android,False
9970,285,23,2025-02-21,77,0.7,Laptop,Android,False
9971,460,1,2025-03-15,106,0.9,Mobile,Web,False
9972,188,2,2025-04-26,125,0.95,Smart TV,Web,False
9973,717,21,2025-04-25,113,0.73,Smart TV,iOS,True
9974,249,6,2025-04-03,52,0.55,Mobile,Android,False
9975,685,5,2024-11-22,90,0.74,Smart TV,Android,False
9976,260,12,2024-11-25,82,0.81,Mobile,Web,False
9977,275,14,2025-02-10,98,0.76,Mobile,Android,False
9978,295,8,2025-03-22,49,0.56,Smart TV,iOS,False
9979,504,1,2025-01-25,115,0.98,Mobile,Web,False
9980,674,3,2024-11-29,110,0.76,Laptop,Web,False
9981,422,9,2025-04-19,84,0.61,Smart TV,Web,False
9982,339,19,2025-04-23,105,0.84,Smart TV,Android,True
9983,520,3,2025-02-05,121,0.84,Laptop,Web,False
9984,181,13,2025-04-29,126,0.9,Laptop,Android,False
9985,244,23,2025-02-13,67,0.61,Smart TV,Android,False
9986,1197,19,2025-04-17,111,0.89,Smart TV,iOS,False
9987,781,11,2025-04-13,118,0.93,Mobile,TV App,True
9988,888,6,2025-03-09,57,0.61,Laptop,iOS,True
9989,947,18,2024-11-09,109,0.77,Mobile,iOS,True
9990,623,11,2025-03-09,115,0.91,Smart TV,Android,False
9991,295,9,2025-04-17,133,0.97,Laptop,iOS,True
9992,824,19,2025-04-14,96,0.77,Mobile,Web,False
9993,104,18,2025-03-16,82,0.58,Smart TV,TV App,False
9994,428,4,2025-04-27,78,0.73,Laptop,iOS,False
9995,992,22,2025-03-28,84,0.7,Smart TV,iOS,True
9996,825,21,2025-04-28,94,0.61,Laptop,iOS,False
9997,949,25,2024-08-30,128,0.95,Tablet,Web,True
9998,1160,18,2024-10-03,130,0.92,Tablet,Android,False
9999,69,23,2025-03-27,99,0.9,Smart TV,TV App,True
10000,693,24,2025-02-28,77,0.74,Laptop,Web,True
10001,646,1,2025-01-20,118,1.0,Smart TV,TV App,False
10002,1196,21,2025-04-07,103,0.67,Smart TV,iOS,False
10003,274,7,2025-01-12,34,0.38,Mobile,Android,False
10004,627,16,2025-02-22,73,0.75,Laptop,Web,True
10005,382,14,2024-12-30,100,0.77,Mobile,Android,False
10006,319,3,2024-12-07,107,0.74,Smart TV,Web,False
10007,1034,1,2025-01-30,109,0.93,Smart TV,Web,True
10008,560,9,2025-04-09,122,0.89,Laptop,TV App,False
10009,1014,21,2025-04-03,94,0.61,Smart TV,iOS,False
10010,949,5,2024-11-23,79,0.65,Mobile,Android,False
10011,616,21,2025-04-27,79,0.51,Laptop,Android,False
10012,504,12,2024-11-12,76,0.75,Desktop,Android,False
10013,114,13,2025-04-17,116,0.83,Mobile,Web,True
10014,892,1,2025-02-02,105,0.89,Tablet,iOS,False
10015,1144,1,2025-01-31,118,1.0,Smart TV,iOS,False
10016,213,22,2024-12-02,88,0.74,Desktop,Android,False
10017,908,15,2025-04-01,96,0.81,Smart TV,iOS,True
10018,171,5,2025-02-28,76,0.63,Mobile,iOS,False
10019,385,7,2024-12-19,54,0.61,Tablet,iOS,False
10020,1085,22,2025-01-06,67,0.56,Laptop,iOS,False
10021,413,1,2025-03-17,71,0.61,Smart TV,iOS,False
10022,420,5,2025-03-08,45,0.37,Laptop,Web,True
10023,706,21,2025-04-15,113,0.73,Laptop,iOS,False
10024,745,15,2025-04-27,84,0.71,Tablet,iOS,False
10025,261,24,2025-01-30,67,0.64,Desktop,iOS,False
10026,861,20,2024-08-26,79,0.86,Smart TV,Web,False
10027,650,15,2025-03-05,64,0.54,Tablet,Web,False
10028,872,19,2025-04-29,107,0.86,Mobile,Android,True
10029,822,6,2025-03-10,76,0.81,Smart TV,Web,False
10030,532,3,2025-04-30,139,0.96,Laptop,TV App,False
10031,397,11,2025-04-07,102,0.81,Smart TV,TV App,True
10032,433,1,2025-01-23,110,0.94,Smart TV,Web,False
10033,662,21,2025-04-04,128,0.83,Smart TV,Android,False
10034,439,17,2025-02-14,60,0.71,Desktop,Web,False
10035,851,21,2025-04-26,99,0.64,Smart TV,Android,True
10036,615,20,2024-10-02,36,0.4,Smart TV,Android,False
10037,807,22,2025-01-04,102,0.85,Mobile,iOS,False
10038,84,22,2025-04-11,120,1.0,Mobile,TV App,False
10039,279,1,2025-01-24,118,1.0,Smart TV,Web,False
10040,606,21,2025-04-23,147,0.95,Smart TV,Web,False
10041,719,2,2024-10-06,106,0.81,Laptop,iOS,False
10042,604,22,2025-04-14,73,0.61,Smart TV,Web,False
10043,340,19,2025-04-17,77,0.62,Smart TV,Web,False
10044,1056,6,2025-03-21,12,0.13,Smart TV,TV App,False
10045,141,12,2024-12-12,93,0.92,Smart TV,Android,False
10046,901,12,2024-11-18,94,0.93,Tablet,Android,False
10047,311,19,2025-04-13,68,0.55,Mobile,iOS,False
10048,62,5,2024-10-18,93,0.77,Smart TV,Android,False
10049,110,24,2025-01-22,55,0.53,Smart TV,Web,False
10050,1114,21,2025-03-29,71,0.46,Mobile,Web,False
10051,403,4,2025-03-25,85,0.79,Desktop,Android,False
10052,1120,9,2025-04-15,97,0.71,Mobile,Android,True
10053,110,4,2025-03-10,85,0.79,Smart TV,iOS,False
10054,23,4,2025-02-20,75,0.7,Tablet,Android,False
10055,174,1,2025-03-23,105,0.89,Smart TV,Android,False
10056,143,5,2024-09-18,92,0.76,Mobile,iOS,False
10057,194,25,2025-03-03,122,0.91,Laptop,Android,True
10058,1038,1,2025-03-12,88,0.75,Laptop,TV App,False
10059,558,13,2025-04-29,107,0.77,Mobile,Web,False
10060,616,1,2025-02-11,118,1.0,Laptop,Android,True
10061,1181,14,2024-08-18,93,0.72,Mobile,iOS,False
10062,800,5,2025-03-02,93,0.77,Laptop,Android,True
10063,1045,21,2025-04-30,83,0.54,Smart TV,Android,True
10064,843,16,2024-12-05,76,0.78,Tablet,iOS,False
10065,825,3,2025-04-21,89,0.62,Smart TV,iOS,False
10066,131,23,2025-03-24,86,0.79,Smart TV,TV App,False
10067,667,9,2025-04-12,71,0.52,Tablet,Android,False
10068,931,4,2025-02-27,60,0.56,Smart TV,TV App,False
10069,1143,2,2025-04-10,109,0.83,Smart TV,TV App,False
10070,743,1,2025-04-27,84,0.72,Mobile,Web,False
10071,150,2,2025-01-11,110,0.84,Mobile,iOS,False
10072,350,5,2025-04-20,98,0.81,Desktop,Web,False
10073,683,24,2025-02-14,82,0.79,Laptop,Android,True
10074,16,23,2025-02-28,85,0.78,Mobile,iOS,False
10075,1098,9,2025-04-11,91,0.66,Smart TV,Web,False
10076,452,9,2025-04-18,115,0.84,Smart TV,Web,False
10077,576,17,2025-02-01,62,0.73,Smart TV,Web,False
10078,279,12,2025-01-20,85,0.84,Laptop,Web,False
10079,944,1,2025-04-23,92,0.78,Mobile,iOS,False
10080,141,18,2024-10-15,122,0.86,Mobile,Web,False
10081,936,6,2025-03-13,60,0.64,Laptop,Web,False
10082,1131,5,2025-04-08,91,0.75,Smart TV,Web,True
10083,559,9,2025-04-10,99,0.72,Mobile,iOS,False
10084,878,19,2025-04-13,97,0.78,Mobile,TV App,False
10085,678,22,2025-04-14,85,0.71,Laptop,Android,False
10086,935,14,2025-04-03,62,0.48,Smart TV,iOS,False
10087,286,22,2024-11-14,88,0.74,Laptop,TV App,False
10088,1047,12,2025-01-31,54,0.53,Laptop,Web,False
10089,976,1,2025-03-02,97,0.83,Desktop,Android,False
10090,809,19,2025-04-13,96,0.77,Smart TV,iOS,False
10091,678,23,2025-03-05,68,0.62,Smart TV,iOS,False
10092,677,21,2025-04-22,122,0.79,Laptop,iOS,True
10093,981,11,2025-03-17,77,0.61,Laptop,iOS,False
10094,1092,9,2025-04-25,95,0.69,Mobile,iOS,False
10095,1149,4,2025-04-06,69,0.64,Tablet,Web,False
10096,1175,16,2025-01-29,53,0.55,Laptop,TV App,True
10097,421,3,2025-01-07,87,0.6,Laptop,iOS,False
10098,363,9,2025-04-22,106,0.77,Laptop,Web,True
10099,1080,6,2025-04-23,74,0.78,Smart TV,Android,True
10100,1062,9,2025-04-30,106,0.77,Tablet,iOS,False
10101,230,2,2025-03-10,101,0.77,Laptop,Web,False
10102,422,19,2025-04-30,111,0.89,Tablet,Web,False
10103,813,15,2025-03-04,79,0.67,Tablet,Web,False
10104,329,15,2025-03-15,91,0.77,Smart TV,Web,False
10105,943,4,2025-03-15,49,0.46,Desktop,iOS,False
10106,836,2,2024-10-16,106,0.81,Smart TV,Android,False
10107,288,1,2025-01-26,105,0.89,Laptop,iOS,True
10108,906,21,2025-04-01,139,0.9,Smart TV,Android,False
10109,642,9,2025-04-14,138,1.0,Tablet,Web,False
10110,196,23,2025-02-14,80,0.73,Smart TV,Android,False
10111,280,1,2025-01-21,102,0.87,Tablet,TV App,False
10112,696,11,2025-02-17,86,0.68,Smart TV,Android,False
10113,368,13,2025-04-13,91,0.65,Laptop,Android,False
10114,269,19,2025-04-27,76,0.61,Mobile,iOS,False
10115,240,4,2025-04-01,66,0.62,Laptop,Web,False
10116,466,19,2025-04-28,81,0.65,Laptop,Android,False
10117,648,13,2025-04-24,92,0.66,Mobile,Android,True
10118,1167,16,2025-03-06,71,0.73,Tablet,iOS,False
10119,188,10,2025-02-08,105,0.92,Laptop,iOS,True
10120,1165,9,2025-04-24,138,1.0,Laptop,Android,False
10121,556,21,2025-03-28,114,0.74,Smart TV,Web,False
10122,444,25,2024-10-21,102,0.76,Smart TV,iOS,True
10123,912,4,2025-04-06,69,0.64,Laptop,iOS,False
10124,505,9,2025-04-24,75,0.55,Mobile,TV App,False
10125,784,12,2025-01-15,60,0.59,Mobile,Web,False
10126,205,10,2024-12-18,78,0.68,Laptop,iOS,False
10127,374,18,2025-01-29,96,0.68,Smart TV,Web,False
10128,716,4,2025-04-07,63,0.59,Smart TV,TV App,True
10129,8,10,2024-11-30,108,0.94,Desktop,Web,False
10130,795,23,2025-04-07,72,0.66,Tablet,Android,False
10131,172,1,2025-02-22,110,0.94,Mobile,Web,False
10132,922,25,2025-04-12,126,0.94,Smart TV,iOS,False
10133,762,19,2025-04-16,86,0.69,Laptop,iOS,False
10134,827,10,2025-01-29,69,0.6,Mobile,iOS,False
10135,665,19,2025-04-27,96,0.77,Laptop,Web,False
10136,114,16,2024-11-25,90,0.92,Smart TV,Web,True
10137,704,6,2025-03-14,54,0.57,Tablet,iOS,False
10138,396,18,2024-10-20,127,0.9,Smart TV,iOS,False
10139,21,13,2025-04-20,99,0.71,Laptop,iOS,False
10140,105,13,2025-04-17,81,0.58,Smart TV,TV App,False
10141,915,9,2025-04-28,88,0.64,Laptop,iOS,False
10142,49,4,2025-03-07,68,0.63,Tablet,Web,False
10143,1140,10,2024-10-09,106,0.93,Desktop,Android,False
10144,262,13,2025-04-08,99,0.71,Smart TV,TV App,False
10145,117,2,2024-10-19,92,0.7,Tablet,TV App,False
10146,44,14,2024-12-30,70,0.54,Mobile,iOS,False
10147,494,1,2025-04-30,102,0.87,Laptop,Android,True
10148,268,7,2025-02-02,68,0.76,Smart TV,iOS,False
10149,1049,15,2025-03-30,82,0.69,Smart TV,Web,False
10150,333,18,2024-12-24,72,0.51,Mobile,TV App,True
10151,481,11,2025-02-27,80,0.63,Mobile,Web,False
10152,86,8,2025-03-03,28,0.32,Smart TV,Web,False
10153,43,21,2025-03-25,144,0.93,Mobile,Android,True
10154,757,5,2025-04-09,85,0.7,Laptop,Android,False
10155,573,14,2024-06-02,93,0.72,Mobile,Android,False
10156,1158,13,2025-04-18,110,0.79,Smart TV,iOS,False
10157,542,10,2024-11-15,101,0.88,Mobile,Web,False
10158,303,22,2024-12-16,120,1.0,Tablet,iOS,True
10159,539,22,2025-02-15,51,0.43,Mobile,Android,False
10160,61,23,2025-04-09,79,0.72,Mobile,Web,False
10161,588,18,2024-12-28,112,0.79,Tablet,Android,False
10162,584,23,2025-03-27,97,0.89,Mobile,iOS,False
10163,130,1,2025-01-27,105,0.89,Mobile,iOS,False
10164,402,22,2024-12-17,56,0.47,Laptop,Android,False
10165,841,18,2025-01-15,133,0.94,Mobile,Android,False
10166,767,15,2025-04-10,96,0.81,Mobile,Web,False
10167,402,13,2025-04-28,91,0.65,Desktop,Web,False
10168,646,8,2025-02-04,18,0.21,Mobile,TV App,False
10169,194,1,2025-03-31,106,0.9,Laptop,Web,False
10170,1039,16,2025-01-20,86,0.88,Tablet,Android,False
10171,106,1,2025-02-19,106,0.9,Tablet,TV App,False
10172,1046,3,2025-03-23,120,0.83,Mobile,Android,False
10173,347,22,2024-11-28,104,0.87,Smart TV,TV App,False
10174,1066,7,2024-12-30,32,0.36,Mobile,Web,False
10175,763,25,2024-12-02,71,0.53,Laptop,Web,False
10176,248,15,2025-04-20,70,0.59,Smart TV,TV App,False
10177,141,23,2025-04-05,59,0.54,Smart TV,TV App,False
10178,14,22,2025-03-20,93,0.78,Laptop,Web,False
10179,1038,11,2025-04-02,111,0.88,Mobile,TV App,True
10180,390,7,2024-12-23,28,0.32,Mobile,iOS,False
10181,497,3,2025-01-29,143,0.99,Laptop,iOS,False
10182,599,3,2025-02-16,129,0.89,Laptop,Web,True
10183,1038,2,2025-03-06,114,0.87,Laptop,iOS,False
10184,562,18,2024-10-05,127,0.9,Laptop,Web,False
10185,59,3,2025-03-31,107,0.74,Desktop,Android,False
10186,200,18,2025-01-29,73,0.52,Laptop,iOS,False
10187,53,11,2025-03-06,93,0.74,Smart TV,TV App,False
10188,47,1,2025-01-20,99,0.84,Laptop,iOS,False
10189,3,15,2025-04-26,84,0.71,Mobile,iOS,False
10190,788,7,2024-12-13,45,0.51,Desktop,Web,False
10191,974,1,2025-04-17,113,0.96,Smart TV,iOS,False
10192,134,21,2025-03-26,110,0.71,Smart TV,iOS,False
10193,908,14,2024-06-02,120,0.93,Mobile,Web,False
10194,131,3,2024-12-24,108,0.75,Smart TV,iOS,False
10195,826,9,2025-04-18,111,0.81,Mobile,Android,False
10196,760,21,2025-04-23,128,0.83,Laptop,iOS,False
10197,691,22,2025-01-12,52,0.44,Smart TV,Android,False
10198,147,25,2024-08-03,135,1.0,Mobile,iOS,False
10199,155,25,2025-02-24,110,0.82,Mobile,Web,False
10200,545,15,2025-03-12,60,0.51,Smart TV,Android,False
10201,1010,5,2025-02-20,111,0.91,Mobile,Android,True
10202,784,11,2025-03-13,92,0.73,Smart TV,TV App,False
10203,614,19,2025-04-13,78,0.63,Smart TV,Android,False
10204,1024,24,2025-03-06,71,0.68,Mobile,Android,False
10205,992,19,2025-04-27,106,0.85,Smart TV,iOS,True
10206,237,10,2025-04-11,70,0.61,Mobile,Web,False
10207,515,5,2025-01-10,90,0.74,Mobile,Android,False
10208,1075,1,2025-01-15,110,0.94,Smart TV,Android,False
10209,766,3,2025-03-23,97,0.67,Smart TV,Web,False
10210,492,14,2025-03-31,71,0.55,Laptop,TV App,False
10211,900,22,2025-02-25,87,0.73,Laptop,Android,False
10212,1149,15,2025-04-02,84,0.71,Laptop,TV App,False
10213,262,22,2025-03-17,110,0.92,Smart TV,Android,False
10214,613,22,2025-04-05,44,0.37,Smart TV,Web,True
10215,715,10,2025-04-07,90,0.79,Smart TV,iOS,True
10216,807,24,2025-03-16,82,0.79,Smart TV,Android,False
10217,697,15,2025-03-05,105,0.89,Smart TV,iOS,False
10218,795,1,2025-03-11,108,0.92,Mobile,iOS,False
10219,479,12,2025-01-20,53,0.52,Tablet,iOS,False
10220,1056,21,2025-04-03,127,0.82,Mobile,Android,False
10221,168,12,2024-10-26,57,0.56,Mobile,TV App,False
10222,104,11,2025-04-12,96,0.76,Laptop,Web,False
10223,539,12,2025-01-16,86,0.85,Mobile,Android,False
10224,192,12,2024-12-04,69,0.68,Laptop,Web,False
10225,1096,22,2025-04-26,63,0.53,Smart TV,Android,False
10226,163,4,2025-04-02,61,0.57,Laptop,Android,False
10227,621,18,2025-01-07,102,0.72,Mobile,iOS,False
10228,285,21,2025-04-21,79,0.51,Mobile,iOS,False
10229,524,16,2025-01-25,76,0.78,Laptop,Web,False
10230,1170,1,2025-03-02,101,0.86,Laptop,Android,False
10231,1095,20,2024-09-25,60,0.66,Laptop,iOS,True
10232,897,1,2025-01-18,115,0.98,Smart TV,Android,False
10233,665,23,2025-03-25,105,0.96,Laptop,Web,False
10234,1176,22,2025-02-15,110,0.92,Laptop,Web,True
10235,682,21,2025-04-07,134,0.87,Mobile,Web,False
10236,711,13,2025-04-22,140,1.0,Smart TV,Android,False
10237,246,24,2025-04-27,39,0.38,Smart TV,Android,False
10238,80,23,2025-04-18,79,0.72,Mobile,Web,False
10239,1102,21,2025-03-31,155,1.0,Mobile,TV App,False
10240,677,19,2025-04-24,125,1.0,Mobile,Web,False
10241,1193,1,2025-02-24,95,0.81,Laptop,Web,False
10242,593,4,2025-02-22,90,0.84,Smart TV,Web,False
10243,870,22,2025-04-12,96,0.8,Mobile,Web,False
10244,228,9,2025-04-27,81,0.59,Laptop,TV App,False
10245,338,4,2025-02-16,93,0.87,Tablet,iOS,False
10246,964,13,2025-04-21,98,0.7,Desktop,iOS,False
10247,537,2,2025-03-16,120,0.91,Mobile,iOS,False
10248,243,2,2024-09-03,87,0.66,Mobile,Web,False
10249,1018,3,2025-03-22,91,0.63,Smart TV,Web,True
10250,332,15,2025-03-06,99,0.84,Mobile,Android,False
10251,385,1,2025-02-10,94,0.8,Laptop,Web,False
10252,655,21,2025-03-28,89,0.58,Laptop,Web,False
10253,128,1,2025-02-10,108,0.92,Mobile,Android,False
10254,810,6,2025-03-01,59,0.63,Smart TV,Android,False
10255,818,12,2024-12-09,65,0.64,Mobile,Android,False
10256,1060,19,2025-04-13,60,0.48,Laptop,Android,False
10257,149,23,2025-04-27,73,0.67,Smart TV,TV App,False
10258,297,1,2025-02-25,110,0.94,Smart TV,iOS,False
10259,307,10,2024-12-19,104,0.91,Smart TV,Android,False
10260,1111,21,2025-04-02,124,0.8,Laptop,Android,False
10261,734,15,2025-03-29,99,0.84,Mobile,Android,False
10262,1029,12,2024-10-29,75,0.74,Mobile,Web,False
10263,1046,22,2024-12-03,104,0.87,Tablet,TV App,False
10264,742,25,2025-01-19,70,0.52,Mobile,iOS,False
10265,1153,19,2025-04-30,90,0.72,Smart TV,iOS,False
10266,1015,11,2025-02-04,85,0.67,Tablet,Web,False
10267,1058,25,2024-10-09,75,0.56,Smart TV,iOS,True
10268,1098,4,2025-03-31,104,0.97,Mobile,iOS,False
10269,733,3,2025-02-08,117,0.81,Laptop,Web,False
10270,41,23,2025-04-20,79,0.72,Mobile,iOS,False
10271,560,5,2025-04-18,95,0.78,Smart TV,Web,False
10272,512,1,2025-02-03,84,0.72,Mobile,iOS,True
10273,90,20,2024-09-24,18,0.2,Laptop,iOS,False
10274,389,12,2025-04-22,81,0.8,Smart TV,Web,False
10275,833,22,2025-04-19,44,0.37,Laptop,Web,False
10276,36,3,2025-02-09,98,0.68,Smart TV,Web,False
10277,1054,24,2025-01-16,91,0.87,Mobile,Android,False
10278,1020,11,2025-02-20,109,0.86,Smart TV,iOS,False
10279,699,16,2025-02-01,86,0.88,Mobile,Android,False
10280,659,13,2025-04-14,88,0.63,Smart TV,Web,False
10281,906,18,2025-02-14,86,0.61,Smart TV,TV App,True
10282,1140,14,2025-03-18,101,0.78,Smart TV,TV App,True
10283,603,22,2025-02-12,84,0.7,Tablet,TV App,False
10284,733,18,2024-10-20,105,0.74,Smart TV,iOS,False
10285,813,21,2025-04-30,110,0.71,Smart TV,Android,False
10286,266,23,2025-03-11,86,0.79,Mobile,Android,False
10287,874,24,2025-01-11,87,0.83,Smart TV,Web,False
10288,1107,9,2025-04-25,111,0.81,Smart TV,Android,False
10289,932,7,2025-01-02,54,0.61,Mobile,Android,False
10290,795,4,2025-02-26,78,0.73,Tablet,Android,True
10291,1002,4,2025-03-11,68,0.63,Mobile,iOS,False
10292,864,10,2025-04-12,106,0.93,Laptop,Web,True
10293,177,5,2024-09-28,61,0.5,Mobile,iOS,True
10294,680,21,2025-04-27,93,0.6,Mobile,Web,False
10295,559,5,2025-02-13,106,0.87,Laptop,Web,False
10296,958,14,2024-12-27,61,0.47,Smart TV,Web,False
10297,683,1,2025-03-06,102,0.87,Smart TV,Web,False
10298,43,10,2024-11-10,82,0.72,Mobile,iOS,True
10299,1010,1,2025-01-21,113,0.96,Laptop,Web,False
10300,954,1,2025-04-06,97,0.83,Tablet,iOS,False
10301,647,5,2025-03-14,86,0.71,Desktop,TV App,False
10302,1101,21,2025-04-30,100,0.65,Smart TV,Android,False
10303,281,19,2025-04-15,120,0.96,Mobile,iOS,False
10304,349,15,2025-03-25,98,0.83,Mobile,Android,False
10305,424,21,2025-04-03,116,0.75,Mobile,Web,False
10306,1165,8,2025-02-20,80,0.92,Laptop,TV App,False
10307,690,9,2025-04-08,133,0.97,Mobile,iOS,False
10308,626,21,2025-04-11,93,0.6,Tablet,Web,False
10309,827,1,2025-04-14,96,0.82,Mobile,iOS,False
10310,33,23,2025-04-16,74,0.68,Mobile,TV App,True
10311,50,23,2025-04-15,100,0.91,Smart TV,iOS,False
10312,704,16,2025-03-19,72,0.74,Smart TV,TV App,False
10313,253,1,2025-04-23,109,0.93,Laptop,Web,False
10314,552,25,2024-10-24,97,0.72,Tablet,iOS,False
10315,710,8,2025-02-14,44,0.5,Smart TV,Web,False
10316,38,15,2025-04-22,61,0.52,Smart TV,Android,True
10317,489,11,2025-03-06,111,0.88,Laptop,Web,False
10318,1024,1,2025-04-04,86,0.73,Smart TV,iOS,False
10319,464,4,2025-03-20,100,0.93,Mobile,Web,False
10320,480,11,2025-04-09,80,0.63,Laptop,TV App,False
10321,282,15,2025-04-29,58,0.49,Laptop,Web,False
10322,1074,8,2025-02-14,59,0.68,Mobile,iOS,False
10323,951,5,2024-10-09,82,0.68,Tablet,Web,False
10324,1179,9,2025-04-14,136,0.99,Smart TV,Android,False
10325,1191,18,2025-04-22,116,0.82,Tablet,Web,False
10326,866,2,2024-09-18,105,0.8,Mobile,iOS,False
10327,1114,13,2025-04-21,65,0.47,Mobile,iOS,False
10328,600,19,2025-04-22,107,0.86,Tablet,iOS,False
10329,239,24,2024-12-26,85,0.81,Smart TV,Android,False
10330,48,3,2024-12-27,145,1.0,Mobile,Android,False
10331,627,12,2025-01-08,89,0.88,Smart TV,iOS,False
10332,651,22,2025-02-17,106,0.89,Tablet,iOS,False
10333,24,7,2025-01-27,38,0.43,Tablet,Android,False
10334,458,22,2025-04-16,86,0.72,Laptop,iOS,False
10335,980,21,2025-04-24,133,0.86,Mobile,TV App,False
10336,130,21,2025-03-26,142,0.92,Smart TV,Web,True
10337,1055,1,2025-01-30,107,0.91,Mobile,Web,False
10338,95,22,2025-02-19,81,0.68,Mobile,iOS,False
10339,290,13,2025-03-21,116,0.83,Smart TV,Web,False
10340,537,9,2025-04-06,85,0.62,Laptop,Android,False
10341,173,9,2025-04-16,55,0.4,Smart TV,Web,True
10342,346,20,2024-09-09,48,0.53,Smart TV,Web,False
10343,311,2,2025-03-15,125,0.95,Desktop,Android,True
10344,283,23,2025-02-24,61,0.56,Smart TV,Web,True
10345,921,15,2025-03-29,90,0.76,Mobile,Web,True
10346,850,5,2024-11-02,76,0.63,Mobile,Web,False
10347,237,3,2025-01-22,118,0.82,Smart TV,Web,True
10348,130,10,2025-03-28,90,0.79,Tablet,Android,False
10349,1042,22,2025-03-14,80,0.67,Mobile,Web,False
10350,553,9,2025-04-20,82,0.6,Smart TV,iOS,False
10351,267,5,2025-04-19,97,0.8,Laptop,TV App,False
10352,224,4,2025-03-30,57,0.53,Smart TV,Android,False
10353,1146,5,2025-03-05,87,0.72,Mobile,Android,False
10354,463,15,2025-04-25,74,0.63,Mobile,Web,False
10355,730,1,2025-01-19,108,0.92,Laptop,iOS,True
10356,1131,22,2025-04-10,68,0.57,Smart TV,TV App,False
10357,1067,11,2025-03-28,104,0.82,Smart TV,Android,True
10358,1131,15,2025-04-21,96,0.81,Laptop,iOS,True
10359,1154,18,2025-03-04,102,0.72,Laptop,iOS,False
10360,295,11,2025-04-21,127,1.0,Mobile,Web,False
10361,1037,12,2025-04-22,80,0.79,Smart TV,iOS,False
10362,1033,16,2025-04-05,70,0.72,Smart TV,TV App,True
10363,822,17,2025-03-08,65,0.77,Smart TV,iOS,False
10364,196,17,2025-03-07,47,0.56,Desktop,Web,False
10365,945,1,2025-04-10,118,1.0,Mobile,iOS,True
10366,276,17,2025-02-27,47,0.56,Laptop,iOS,False
10367,538,13,2025-04-12,140,1.0,Smart TV,TV App,False
10368,236,2,2025-03-15,89,0.68,Smart TV,Web,False
10369,1088,23,2025-03-25,94,0.86,Mobile,Web,False
10370,825,1,2025-02-25,94,0.8,Mobile,Android,True
10371,52,23,2025-04-16,86,0.79,Tablet,Web,True
10372,937,1,2025-04-29,97,0.83,Mobile,iOS,False
10373,818,8,2025-02-12,49,0.56,Smart TV,Web,False
10374,1129,16,2025-02-24,81,0.83,Tablet,Android,False
10375,1135,3,2024-11-24,95,0.66,Laptop,iOS,False
10376,699,22,2024-12-09,73,0.61,Mobile,iOS,False
10377,1094,6,2025-04-29,21,0.23,Smart TV,TV App,False
10378,328,24,2025-03-09,90,0.86,Laptop,Android,False
10379,814,3,2024-12-11,145,1.0,Smart TV,Web,True
10380,726,24,2025-04-20,80,0.77,Smart TV,Web,False
10381,271,17,2025-01-14,80,0.95,Smart TV,TV App,False
10382,142,25,2024-09-02,67,0.5,Laptop,Web,False
10383,658,4,2025-02-17,84,0.78,Smart TV,Android,False
10384,759,24,2025-01-23,80,0.77,Laptop,iOS,False
10385,186,19,2025-04-24,90,0.72,Laptop,iOS,False
10386,997,5,2025-04-13,91,0.75,Smart TV,Web,False
10387,530,9,2025-04-13,128,0.93,Tablet,TV App,False
10388,228,21,2025-04-21,111,0.72,Laptop,iOS,False
10389,115,21,2025-04-01,103,0.67,Laptop,iOS,False
10390,151,4,2025-02-28,83,0.77,Smart TV,Android,False
10391,717,13,2025-03-31,110,0.79,Smart TV,Web,False
10392,131,15,2025-03-07,99,0.84,Smart TV,Web,False
10393,181,25,2024-10-08,135,1.0,Smart TV,TV App,False
10394,173,19,2025-04-27,81,0.65,Mobile,TV App,False
10395,203,23,2025-04-21,55,0.5,Laptop,TV App,True
10396,156,3,2025-01-02,134,0.93,Mobile,iOS,False
10397,379,1,2025-01-27,118,1.0,Tablet,iOS,False
10398,82,25,2024-10-05,79,0.59,Tablet,TV App,False
10399,782,15,2025-04-06,71,0.6,Smart TV,Android,False
10400,803,8,2025-02-08,43,0.49,Smart TV,Android,False
10401,655,18,2024-12-22,120,0.85,Mobile,iOS,False
10402,1035,4,2025-02-19,70,0.65,Laptop,iOS,False
10403,994,21,2025-04-13,134,0.87,Mobile,Android,False
10404,968,1,2025-03-16,100,0.85,Smart TV,iOS,False
10405,1095,7,2025-02-02,54,0.61,Mobile,iOS,False
10406,485,22,2024-10-31,80,0.67,Smart TV,Android,False
10407,457,16,2025-01-13,68,0.7,Desktop,iOS,False
10408,892,9,2025-04-12,97,0.71,Laptop,iOS,False
10409,333,2,2024-12-27,102,0.78,Laptop,Web,False
10410,388,11,2025-04-17,92,0.73,Smart TV,Android,False
10411,1162,21,2025-04-30,131,0.85,Mobile,Android,False
10412,260,15,2025-03-28,98,0.83,Smart TV,Android,False
10413,302,20,2024-09-30,27,0.3,Mobile,iOS,False
10414,211,3,2024-11-21,137,0.95,Laptop,iOS,False
10415,1074,22,2025-03-20,55,0.46,Laptop,Android,True
10416,1002,8,2025-02-21,44,0.51,Mobile,TV App,False
10417,237,5,2025-02-26,75,0.62,Smart TV,TV App,False
10418,959,9,2025-04-06,114,0.83,Desktop,Web,False
10419,64,4,2025-03-10,81,0.75,Mobile,Android,False
10420,491,25,2024-12-07,94,0.7,Mobile,iOS,False
10421,957,6,2025-03-02,45,0.48,Smart TV,TV App,False
10422,337,8,2025-02-17,45,0.52,Mobile,iOS,True
10423,686,14,2024-06-27,93,0.72,Mobile,iOS,False
10424,570,18,2024-11-17,102,0.72,Mobile,iOS,False
10425,730,25,2024-10-24,116,0.86,Laptop,Web,False
10426,952,2,2024-08-19,97,0.74,Tablet,Android,False
10427,32,21,2025-04-05,85,0.55,Mobile,Web,False
10428,225,6,2025-03-10,23,0.25,Desktop,iOS,False
10429,114,5,2024-11-21,61,0.5,Mobile,Web,False
10430,1066,11,2025-03-29,101,0.8,Smart TV,TV App,False
10431,772,8,2025-02-01,29,0.34,Laptop,iOS,False
10432,369,13,2025-04-10,106,0.76,Smart TV,Android,False
10433,949,18,2024-10-07,89,0.63,Laptop,Web,False
10434,930,11,2025-02-13,67,0.53,Mobile,Android,False
10435,540,18,2024-10-15,113,0.8,Desktop,Android,False
10436,249,19,2025-04-30,97,0.78,Laptop,iOS,False
10437,218,1,2025-01-31,97,0.83,Mobile,iOS,False
10438,912,15,2025-03-14,115,0.97,Smart TV,iOS,True
10439,959,1,2025-03-08,118,1.0,Smart TV,Android,False
10440,201,16,2024-12-26,49,0.5,Laptop,iOS,False
10441,53,18,2025-01-14,134,0.95,Mobile,iOS,False
10442,1047,1,2025-01-29,90,0.77,Smart TV,Web,False
10443,680,10,2024-08-24,89,0.78,Laptop,iOS,False
10444,25,15,2025-04-09,113,0.95,Smart TV,iOS,False
10445,345,5,2024-12-19,89,0.73,Smart TV,Web,False
10446,933,18,2025-01-31,119,0.84,Laptop,iOS,False
10447,106,11,2025-04-21,125,0.99,Tablet,Web,False
10448,159,22,2025-02-11,55,0.46,Desktop,iOS,True
10449,525,19,2025-04-14,105,0.84,Laptop,iOS,False
10450,293,8,2025-02-19,33,0.38,Laptop,Android,False
10451,543,9,2025-04-12,96,0.7,Mobile,iOS,False
10452,385,1,2025-03-03,103,0.88,Smart TV,Web,False
10453,888,12,2024-11-23,72,0.71,Mobile,Android,False
10454,912,15,2025-03-10,58,0.49,Smart TV,Android,True
10455,265,1,2025-02-03,99,0.84,Desktop,Web,False
10456,171,19,2025-04-17,101,0.81,Laptop,Web,False
10457,942,24,2025-02-07,95,0.91,Desktop,iOS,True
10458,856,19,2025-04-12,72,0.58,Smart TV,Web,True
10459,637,18,2025-01-16,134,0.95,Tablet,TV App,False
10460,101,4,2025-02-25,89,0.83,Desktop,Web,False
10461,764,15,2025-03-05,64,0.54,Smart TV,Android,False
10462,1096,19,2025-04-30,115,0.92,Mobile,Android,False
10463,1053,21,2025-04-22,153,0.99,Smart TV,iOS,False
10464,270,2,2024-08-12,122,0.93,Smart TV,TV App,False
10465,1124,22,2025-01-15,79,0.66,Laptop,iOS,False
10466,490,8,2025-02-02,45,0.52,Tablet,iOS,False
10467,825,1,2025-03-31,113,0.96,Smart TV,Android,False
10468,47,19,2025-04-16,100,0.8,Smart TV,Web,False
10469,125,13,2025-04-26,84,0.6,Smart TV,Android,True
10470,1003,1,2025-01-21,110,0.94,Laptop,TV App,False
10471,948,13,2025-04-01,112,0.8,Mobile,TV App,False
10472,916,15,2025-03-11,47,0.4,Laptop,iOS,False
10473,1139,11,2025-04-30,116,0.92,Tablet,TV App,False
10474,476,21,2025-04-23,141,0.91,Smart TV,TV App,False
10475,320,21,2025-04-07,148,0.96,Tablet,Android,True
10476,222,24,2025-02-16,81,0.78,Smart TV,iOS,True
10477,762,11,2025-01-31,57,0.45,Laptop,iOS,False
10478,852,7,2025-01-22,18,0.21,Mobile,TV App,True
10479,1015,22,2024-12-15,91,0.76,Mobile,iOS,False
10480,114,4,2025-03-25,58,0.54,Mobile,iOS,False
10481,872,10,2025-01-12,52,0.46,Laptop,Android,False
10482,406,1,2025-04-22,113,0.96,Mobile,iOS,False
10483,228,15,2025-03-05,83,0.7,Laptop,iOS,False
10484,577,17,2025-04-06,48,0.57,Mobile,Android,False
10485,690,2,2024-12-06,132,1.0,Smart TV,TV App,True
10486,537,21,2025-04-01,125,0.81,Laptop,iOS,False
10487,249,15,2025-03-30,58,0.49,Laptop,iOS,False
10488,948,25,2024-07-30,120,0.89,Smart TV,Android,False
10489,214,23,2025-02-26,79,0.72,Smart TV,Web,False
10490,775,18,2024-11-06,132,0.93,Laptop,TV App,True
10491,26,5,2025-03-10,117,0.96,Tablet,TV App,False
10492,74,3,2025-03-26,102,0.71,Desktop,iOS,False
10493,29,7,2025-02-02,46,0.52,Smart TV,Web,False
10494,1146,23,2025-02-11,82,0.75,Smart TV,Web,False
10495,606,13,2025-04-08,116,0.83,Laptop,Web,False
10496,1140,19,2025-04-12,125,1.0,Smart TV,Android,False
10497,326,1,2025-04-09,109,0.93,Smart TV,Web,True
10498,1100,6,2025-03-19,39,0.42,Smart TV,iOS,False
10499,561,9,2025-04-25,135,0.98,Laptop,iOS,False
10500,50,8,2025-02-07,46,0.53,Desktop,Android,False
10501,234,15,2025-04-20,105,0.89,Desktop,TV App,False
10502,790,4,2025-03-19,103,0.96,Mobile,Web,False
10503,842,9,2025-04-29,110,0.8,Laptop,Web,False
10504,469,1,2025-01-22,107,0.91,Mobile,TV App,False
10505,1043,11,2025-03-18,87,0.69,Laptop,iOS,True
10506,1117,24,2025-04-15,81,0.78,Laptop,Android,False
10507,281,16,2024-11-12,54,0.56,Mobile,Web,False
10508,540,13,2025-04-03,110,0.79,Smart TV,Android,False
10509,754,13,2025-03-19,95,0.68,Smart TV,TV App,False
10510,837,2,2025-03-07,112,0.85,Smart TV,iOS,False
10511,947,5,2024-09-24,97,0.8,Smart TV,iOS,False
10512,532,23,2025-03-25,100,0.91,Tablet,Android,False
10513,367,11,2025-03-31,123,0.97,Laptop,TV App,False
10514,718,22,2024-12-08,98,0.82,Smart TV,Android,False
10515,388,22,2025-04-23,104,0.87,Mobile,TV App,False
10516,586,19,2025-04-22,66,0.53,Smart TV,TV App,False
10517,256,4,2025-04-06,108,1.0,Mobile,iOS,False
10518,977,1,2025-01-23,108,0.92,Tablet,Web,False
10519,498,9,2025-04-06,106,0.77,Smart TV,Web,False
10520,801,6,2025-03-27,31,0.33,Smart TV,Web,False
10521,542,11,2025-02-08,92,0.73,Smart TV,Android,False
10522,618,12,2024-12-26,83,0.82,Laptop,Web,False
10523,742,21,2025-03-30,108,0.7,Laptop,iOS,True
10524,378,9,2025-04-26,84,0.61,Tablet,Android,False
10525,705,2,2024-09-09,101,0.77,Smart TV,TV App,False
10526,163,11,2025-03-15,127,1.0,Laptop,TV App,False
10527,939,23,2025-04-25,83,0.76,Mobile,Web,False
10528,144,3,2024-12-25,84,0.58,Mobile,TV App,False
10529,649,15,2025-04-21,85,0.72,Smart TV,iOS,True
10530,600,25,2024-09-10,89,0.66,Smart TV,Web,False
10531,964,18,2024-12-14,86,0.61,Smart TV,Android,False
10532,1141,6,2025-03-17,47,0.5,Smart TV,Android,False
10533,172,3,2025-04-23,114,0.79,Laptop,Web,False
10534,1009,3,2025-01-13,105,0.73,Mobile,Android,True
10535,1113,2,2025-02-16,109,0.83,Mobile,iOS,False
10536,840,21,2025-04-02,155,1.0,Mobile,iOS,False
10537,874,9,2025-04-11,104,0.76,Mobile,Web,False
10538,570,15,2025-04-29,98,0.83,Mobile,iOS,False
10539,1009,1,2025-03-29,113,0.96,Laptop,Android,False
10540,421,18,2025-03-18,86,0.61,Laptop,iOS,True
10541,687,3,2025-04-12,117,0.81,Smart TV,Web,False
10542,238,9,2025-04-14,78,0.57,Mobile,Android,False
10543,607,16,2024-12-14,38,0.39,Tablet,iOS,True
10544,992,23,2025-02-16,78,0.71,Mobile,iOS,False
10545,884,13,2025-03-19,85,0.61,Tablet,Android,True
10546,128,13,2025-03-19,107,0.77,Laptop,TV App,False
10547,142,22,2025-02-28,60,0.5,Tablet,iOS,False
10548,925,16,2025-02-21,95,0.97,Laptop,TV App,True
10549,15,6,2025-03-19,40,0.43,Laptop,iOS,True
10550,669,1,2025-02-07,108,0.92,Tablet,Android,False
10551,57,3,2025-01-20,118,0.82,Mobile,iOS,False
10552,297,3,2025-04-21,73,0.51,Smart TV,Android,False
10553,688,3,2024-11-28,98,0.68,Laptop,iOS,True
10554,1045,21,2025-04-30,102,0.66,Desktop,Android,False
10555,583,9,2025-04-21,100,0.73,Mobile,iOS,False
10556,9,19,2025-04-21,98,0.79,Smart TV,iOS,False
10557,368,23,2025-03-22,61,0.56,Mobile,iOS,False
10558,692,1,2025-02-12,103,0.88,Laptop,Android,False
10559,940,4,2025-03-06,90,0.84,Smart TV,TV App,False
10560,1095,22,2025-02-26,93,0.78,Mobile,Web,True
10561,182,3,2025-04-27,127,0.88,Mobile,TV App,False
10562,56,11,2025-04-09,92,0.73,Laptop,TV App,False
10563,951,1,2025-02-22,118,1.0,Laptop,Web,False
10564,251,21,2025-04-15,106,0.69,Smart TV,iOS,False
10565,672,9,2025-04-13,118,0.86,Laptop,Android,False
10566,90,20,2024-09-18,51,0.56,Smart TV,TV App,False
10567,1186,24,2025-03-21,81,0.78,Tablet,Web,False
10568,1052,13,2025-04-28,103,0.74,Mobile,Web,False
10569,739,12,2025-03-27,63,0.62,Smart TV,iOS,False
10570,591,14,2024-09-12,62,0.48,Mobile,Web,False
10571,1045,1,2025-04-27,101,0.86,Smart TV,Android,False
10572,487,21,2025-04-13,145,0.94,Smart TV,Android,True
10573,792,15,2025-03-04,73,0.62,Mobile,Android,False
10574,609,4,2025-03-21,79,0.74,Smart TV,Android,False
10575,432,9,2025-04-12,81,0.59,Laptop,Android,True
10576,718,25,2025-01-03,97,0.72,Laptop,Android,True
10577,390,8,2025-02-22,45,0.52,Laptop,Web,False
10578,164,18,2024-10-20,96,0.68,Smart TV,Web,False
10579,826,1,2025-01-21,109,0.93,Laptop,Web,False
10580,432,14,2025-03-11,81,0.63,Laptop,iOS,False
10581,1039,23,2025-02-11,68,0.62,Mobile,Android,False
10582,961,9,2025-04-15,80,0.58,Mobile,iOS,False
10583,997,21,2025-03-31,119,0.77,Laptop,iOS,False
10584,669,11,2025-03-22,68,0.54,Mobile,Android,False
10585,1198,19,2025-04-19,98,0.79,Mobile,TV App,False
10586,149,1,2025-03-04,95,0.81,Mobile,TV App,False
10587,685,22,2025-02-14,76,0.64,Smart TV,Web,False
10588,141,14,2024-12-30,91,0.7,Smart TV,Android,False
10589,282,11,2025-03-13,76,0.6,Smart TV,Web,False
10590,403,21,2025-04-14,100,0.65,Smart TV,iOS,True
10591,897,8,2025-02-28,37,0.43,Tablet,Web,False
10592,211,15,2025-03-03,102,0.86,Desktop,Android,False
10593,1057,12,2025-02-17,69,0.68,Laptop,Android,False
10594,1186,15,2025-03-05,89,0.75,Smart TV,Web,False
10595,794,9,2025-04-11,118,0.86,Smart TV,Web,True
10596,127,10,2024-11-11,86,0.75,Laptop,iOS,False
10597,1151,10,2025-02-07,90,0.79,Smart TV,TV App,False
10598,1139,22,2024-11-12,67,0.56,Mobile,Android,False
10599,405,6,2025-03-11,53,0.56,Smart TV,Android,False
10600,664,3,2025-04-10,89,0.62,Smart TV,TV App,False
10601,227,3,2024-12-08,114,0.79,Smart TV,Web,False
10602,290,17,2025-02-03,72,0.85,Tablet,iOS,False
10603,533,19,2025-04-22,110,0.88,Tablet,Android,False
10604,462,16,2025-04-11,79,0.81,Tablet,Android,True
10605,244,22,2025-02-14,61,0.51,Tablet,iOS,False
10606,175,13,2025-04-22,109,0.78,Smart TV,TV App,False
10607,302,2,2025-03-22,100,0.76,Desktop,Android,False
10608,214,22,2025-02-25,74,0.62,Mobile,Web,False
10609,670,20,2024-08-22,72,0.79,Laptop,Web,False
10610,816,15,2025-03-11,97,0.82,Desktop,iOS,False
10611,504,18,2025-02-14,97,0.69,Smart TV,Web,False
10612,951,23,2025-03-04,59,0.54,Smart TV,iOS,False
10613,698,4,2025-04-27,88,0.82,Smart TV,iOS,True
10614,308,1,2025-04-05,118,1.0,Laptop,Android,False
10615,857,22,2025-01-12,91,0.76,Smart TV,Android,False
10616,1198,22,2025-01-14,80,0.67,Mobile,TV App,False
10617,61,2,2025-02-22,93,0.71,Mobile,Web,False
10618,768,21,2025-04-27,110,0.71,Tablet,iOS,False
10619,497,18,2024-10-29,129,0.91,Laptop,Android,False
10620,998,14,2024-12-23,57,0.44,Smart TV,iOS,False
10621,271,10,2024-08-08,80,0.7,Mobile,TV App,False
10622,920,11,2025-03-26,96,0.76,Smart TV,iOS,False
10623,1175,25,2024-12-21,99,0.74,Laptop,Web,True
10624,840,19,2025-04-12,90,0.72,Mobile,TV App,True
10625,126,2,2024-11-15,63,0.48,Smart TV,Web,False
10626,492,19,2025-04-24,82,0.66,Laptop,TV App,False
10627,1037,1,2025-04-06,107,0.91,Mobile,Android,False
10628,869,1,2025-03-05,110,0.94,Smart TV,Web,True
10629,244,1,2025-03-05,84,0.72,Laptop,iOS,False
10630,424,11,2025-02-26,104,0.82,Desktop,Web,False
10631,667,16,2025-04-30,82,0.84,Smart TV,Android,False
10632,33,1,2025-01-23,100,0.85,Smart TV,Android,False
10633,787,2,2024-12-16,63,0.48,Mobile,iOS,False
10634,938,15,2025-04-27,116,0.98,Laptop,Android,False
10635,913,18,2025-04-03,119,0.84,Smart TV,TV App,False
10636,435,15,2025-03-28,96,0.81,Laptop,iOS,True
10637,1036,4,2025-03-29,75,0.7,Smart TV,Android,False
10638,451,3,2024-11-25,92,0.64,Laptop,Android,False
10639,823,13,2025-04-13,116,0.83,Desktop,iOS,False
10640,166,3,2024-12-18,91,0.63,Tablet,iOS,False
10641,699,11,2025-03-30,119,0.94,Smart TV,Web,False
10642,324,5,2024-09-07,106,0.87,Tablet,TV App,True
10643,841,2,2025-01-20,96,0.73,Laptop,Web,False
10644,838,8,2025-02-04,44,0.5,Smart TV,Android,False
10645,823,11,2025-03-06,81,0.64,Mobile,Web,False
10646,125,23,2025-03-27,77,0.7,Mobile,TV App,False
10647,513,17,2025-03-11,67,0.79,Laptop,iOS,False
10648,218,20,2024-09-29,72,0.79,Tablet,TV App,False
10649,872,1,2025-02-24,96,0.82,Smart TV,Web,False
10650,857,3,2025-02-09,107,0.74,Mobile,Web,False
10651,952,22,2025-03-06,96,0.8,Smart TV,iOS,True
10652,1057,16,2025-01-30,49,0.5,Laptop,Web,False
10653,478,9,2025-04-07,80,0.58,Smart TV,Android,False
10654,148,23,2025-04-18,57,0.52,Laptop,iOS,False
10655,146,23,2025-04-09,110,1.0,Desktop,Android,True
10656,1188,15,2025-03-13,107,0.9,Tablet,TV App,False
10657,895,6,2025-03-30,61,0.65,Mobile,TV App,False
10658,927,16,2025-01-23,97,0.99,Laptop,Web,False
10659,193,18,2024-11-18,66,0.47,Mobile,Web,False
10660,558,5,2024-11-02,93,0.77,Tablet,Web,False
10661,942,22,2024-11-06,64,0.54,Mobile,TV App,False
10662,1118,3,2025-02-07,108,0.75,Smart TV,Android,False
10663,803,25,2024-12-17,122,0.91,Tablet,iOS,False
10664,936,25,2024-11-18,87,0.65,Mobile,Web,False
10665,209,1,2025-02-19,118,1.0,Laptop,Web,False
10666,1060,19,2025-04-23,125,1.0,Smart TV,iOS,True
10667,477,13,2025-03-18,130,0.93,Smart TV,iOS,True
10668,800,23,2025-03-14,101,0.92,Smart TV,Web,False
10669,994,1,2025-04-22,95,0.81,Mobile,Web,False
10670,658,4,2025-02-17,85,0.79,Laptop,TV App,False
10671,1166,19,2025-04-29,92,0.74,Mobile,iOS,False
10672,417,5,2024-12-09,98,0.81,Laptop,TV App,False
10673,1170,21,2025-03-28,77,0.5,Smart TV,Web,False
10674,1129,13,2025-03-18,135,0.97,Tablet,iOS,False
10675,1171,4,2025-02-17,61,0.57,Mobile,Web,False
10676,1178,11,2025-03-01,101,0.8,Mobile,Web,False
10677,860,6,2025-04-06,54,0.57,Mobile,Android,True
10678,771,1,2025-02-11,101,0.86,Laptop,Web,False
10679,600,9,2025-04-29,60,0.44,Mobile,iOS,False
10680,671,20,2024-09-13,60,0.66,Smart TV,iOS,False
10681,715,13,2025-04-28,92,0.66,Mobile,Web,False
10682,41,25,2025-03-29,83,0.62,Smart TV,iOS,False
10683,154,22,2024-12-19,70,0.59,Mobile,Web,False
10684,287,19,2025-04-18,82,0.66,Mobile,Web,False
10685,118,9,2025-04-27,122,0.89,Mobile,iOS,False
10686,50,1,2025-03-15,118,1.0,Laptop,Android,False
10687,374,10,2025-01-17,93,0.81,Mobile,Web,True
10688,177,4,2025-03-12,28,0.26,Smart TV,Web,True
10689,754,19,2025-04-19,115,0.92,Laptop,Web,True
10690,858,13,2025-03-30,78,0.56,Smart TV,Android,False
10691,1126,15,2025-04-27,101,0.85,Smart TV,iOS,True
10692,584,7,2024-12-15,19,0.22,Smart TV,iOS,False
10693,265,19,2025-04-18,125,1.0,Laptop,iOS,True
10694,64,22,2024-12-05,120,1.0,Mobile,Web,True
10695,826,1,2025-02-24,118,1.0,Smart TV,TV App,False
10696,657,10,2024-11-29,82,0.72,Desktop,Android,False
10697,236,19,2025-04-24,77,0.62,Mobile,Android,False
10698,992,1,2025-02-24,108,0.92,Tablet,Android,True
10699,1130,1,2025-02-17,103,0.88,Smart TV,iOS,False
10700,167,25,2024-12-09,82,0.61,Smart TV,Web,True
10701,761,1,2025-03-05,94,0.8,Mobile,Web,False
10702,53,4,2025-03-29,69,0.64,Laptop,iOS,False
10703,529,19,2025-04-21,97,0.78,Smart TV,Android,False
10704,566,2,2025-01-04,93,0.71,Smart TV,Android,False
10705,3,5,2024-10-02,78,0.64,Tablet,Android,False
10706,938,4,2025-03-27,70,0.65,Smart TV,Web,False
10707,964,20,2024-08-21,41,0.45,Smart TV,Android,False
10708,415,24,2025-04-03,71,0.68,Smart TV,Android,False
10709,261,16,2024-12-25,71,0.73,Laptop,Android,False
10710,1116,3,2025-01-30,124,0.86,Smart TV,iOS,True
10711,17,8,2025-03-15,58,0.66,Smart TV,TV App,False
10712,980,9,2025-04-25,91,0.66,Smart TV,iOS,False
10713,942,12,2025-03-30,70,0.69,Mobile,iOS,False
10714,293,20,2024-09-15,40,0.44,Laptop,Android,False
10715,661,4,2025-03-01,106,0.99,Laptop,Android,False
10716,720,4,2025-04-08,74,0.69,Mobile,iOS,False
10717,552,11,2025-03-18,101,0.8,Mobile,Android,False
10718,804,9,2025-04-15,100,0.73,Smart TV,iOS,False
10719,867,25,2024-11-10,112,0.83,Mobile,Web,False
10720,553,5,2024-12-11,122,1.0,Smart TV,iOS,True
10721,698,13,2025-03-29,86,0.62,Mobile,Web,False
10722,637,21,2025-03-25,108,0.7,Mobile,Android,False
10723,1102,16,2025-03-13,74,0.76,Mobile,Android,False
10724,298,6,2025-04-29,34,0.36,Smart TV,iOS,False
10725,616,9,2025-04-09,99,0.72,Mobile,iOS,False
10726,1042,22,2024-12-15,63,0.53,Smart TV,iOS,False
10727,137,18,2024-10-16,102,0.72,Laptop,Web,False
10728,416,14,2024-11-01,87,0.67,Mobile,iOS,False
10729,60,10,2025-03-29,80,0.7,Smart TV,iOS,False
10730,610,1,2025-03-04,89,0.76,Tablet,Android,False
10731,200,23,2025-02-16,108,0.99,Tablet,Android,False
10732,577,18,2024-11-14,76,0.54,Tablet,iOS,False
10733,614,13,2025-04-29,110,0.79,Laptop,iOS,False
10734,24,21,2025-04-04,88,0.57,Mobile,TV App,False
10735,324,12,2025-01-01,60,0.59,Mobile,Web,False
10736,1018,1,2025-01-27,107,0.91,Mobile,Web,False
10737,1034,22,2025-02-28,112,0.94,Laptop,Web,False
10738,774,18,2025-02-06,142,1.0,Laptop,TV App,False
10739,166,15,2025-04-07,119,1.0,Smart TV,Android,False
10740,515,14,2025-01-28,117,0.9,Tablet,Android,False
10741,117,1,2025-02-24,101,0.86,Mobile,TV App,True
10742,362,15,2025-04-07,73,0.62,Mobile,Web,True
10743,1077,9,2025-04-13,113,0.82,Smart TV,iOS,False
10744,740,13,2025-04-18,98,0.7,Mobile,TV App,True
10745,989,9,2025-04-30,82,0.6,Tablet,Web,False
10746,12,7,2025-01-23,34,0.38,Smart TV,iOS,True
10747,861,9,2025-04-20,97,0.71,Laptop,Web,True
10748,1020,22,2024-12-24,108,0.9,Smart TV,Android,False
10749,863,20,2024-10-05,68,0.74,Mobile,TV App,False
10750,1068,21,2025-04-30,128,0.83,Smart TV,TV App,True
10751,228,9,2025-04-13,107,0.78,Smart TV,Android,False
10752,4,13,2025-04-17,105,0.75,Mobile,Web,False
10753,639,14,2024-09-24,130,1.0,Smart TV,Web,False
10754,663,6,2025-03-22,34,0.36,Smart TV,Web,False
10755,595,13,2025-04-05,96,0.69,Laptop,Android,False
10756,443,15,2025-04-11,80,0.68,Laptop,iOS,False
10757,1167,1,2025-01-15,92,0.78,Laptop,Android,False
10758,326,2,2024-11-21,114,0.87,Smart TV,iOS,False
10759,271,3,2025-01-21,100,0.69,Smart TV,Web,False
10760,720,6,2025-03-27,19,0.21,Smart TV,Android,False
10761,548,24,2025-02-06,59,0.57,Mobile,Android,False
10762,106,25,2024-09-05,85,0.63,Laptop,iOS,False
10763,615,19,2025-04-26,81,0.65,Laptop,TV App,False
10764,200,11,2025-02-15,92,0.73,Laptop,TV App,False
10765,241,15,2025-04-09,99,0.84,Smart TV,iOS,True
10766,844,22,2025-03-09,86,0.72,Mobile,Android,True
10767,899,16,2025-04-14,67,0.69,Mobile,Web,True
10768,29,23,2025-04-10,75,0.69,Smart TV,Android,False
10769,873,12,2025-04-29,74,0.73,Smart TV,iOS,True
10770,942,4,2025-03-24,77,0.72,Laptop,iOS,False
10771,512,24,2025-02-27,82,0.79,Mobile,TV App,False
10772,138,21,2025-04-07,103,0.67,Laptop,Web,False
10773,276,11,2025-04-24,82,0.65,Smart TV,Web,False
10774,650,19,2025-04-17,121,0.97,Smart TV,Android,True
10775,401,24,2025-03-06,93,0.89,Laptop,Web,True
10776,53,1,2025-04-02,110,0.94,Smart TV,TV App,True
10777,934,8,2025-02-26,60,0.69,Smart TV,iOS,False
10778,328,6,2025-04-13,39,0.42,Desktop,Android,False
10779,1013,25,2024-09-12,94,0.7,Mobile,Web,False
10780,347,23,2025-04-07,86,0.79,Mobile,TV App,True
10781,224,23,2025-03-11,72,0.66,Smart TV,iOS,False
10782,906,5,2025-01-31,97,0.8,Smart TV,Web,False
10783,889,19,2025-04-12,73,0.59,Smart TV,Web,False
10784,189,23,2025-03-22,75,0.69,Mobile,iOS,False
10785,1025,22,2024-11-18,82,0.69,Laptop,iOS,False
10786,102,25,2024-12-27,106,0.79,Tablet,iOS,False
10787,228,21,2025-04-18,145,0.94,Smart TV,Android,False
10788,436,1,2025-01-22,94,0.8,Mobile,Android,False
10789,26,18,2025-04-03,110,0.78,Tablet,Web,False
10790,892,5,2025-01-08,81,0.67,Laptop,iOS,True
10791,41,11,2025-02-18,106,0.84,Laptop,Web,False
10792,311,19,2025-04-13,76,0.61,Tablet,Android,False
10793,407,19,2025-04-19,91,0.73,Smart TV,TV App,False
10794,500,14,2024-06-28,130,1.0,Mobile,Android,False
10795,763,21,2025-04-04,114,0.74,Laptop,Web,False
10796,836,3,2024-12-22,75,0.52,Laptop,TV App,False
10797,353,18,2025-01-23,83,0.59,Smart TV,iOS,False
10798,551,11,2025-02-06,58,0.46,Smart TV,iOS,False
10799,739,12,2024-11-19,88,0.87,Smart TV,TV App,False
10800,764,4,2025-02-22,89,0.83,Mobile,Web,False
10801,757,13,2025-03-28,88,0.63,Smart TV,iOS,False
10802,488,17,2025-02-20,61,0.72,Mobile,Web,False
10803,1157,13,2025-04-02,102,0.73,Mobile,Android,False
10804,895,5,2025-01-23,79,0.65,Mobile,iOS,False
10805,674,14,2025-02-27,97,0.75,Smart TV,Android,False
10806,34,19,2025-04-25,85,0.68,Laptop,iOS,False
10807,451,11,2025-03-21,58,0.46,Tablet,Web,True
10808,201,23,2025-02-21,92,0.84,Smart TV,Android,False
10809,665,7,2025-01-28,52,0.58,Smart TV,Web,False
10810,736,23,2025-04-06,108,0.99,Mobile,Android,False
10811,605,22,2025-04-03,97,0.81,Smart TV,iOS,False
10812,496,13,2025-04-30,103,0.74,Smart TV,Android,False
10813,692,22,2024-12-07,73,0.61,Laptop,iOS,False
10814,1006,16,2025-02-03,65,0.67,Laptop,iOS,False
10815,706,21,2025-04-04,142,0.92,Mobile,iOS,False
10816,107,13,2025-04-20,117,0.84,Laptop,Android,False
10817,125,5,2025-01-18,69,0.57,Mobile,Android,False
10818,1116,20,2024-08-24,62,0.68,Smart TV,Android,False
10819,596,2,2025-03-04,93,0.71,Laptop,TV App,True
10820,829,19,2025-04-27,75,0.6,Mobile,TV App,False
10821,1035,12,2024-11-11,69,0.68,Smart TV,Web,False
10822,128,15,2025-03-24,105,0.89,Laptop,TV App,False
10823,192,1,2025-02-07,94,0.8,Smart TV,TV App,False
10824,376,13,2025-04-28,75,0.54,Smart TV,TV App,False
10825,755,9,2025-04-08,103,0.75,Desktop,Web,True
10826,183,6,2025-04-12,50,0.53,Mobile,iOS,False
10827,797,1,2025-02-16,118,1.0,Laptop,Android,False
10828,364,24,2025-03-14,89,0.85,Smart TV,Web,False
10829,526,19,2025-04-20,117,0.94,Smart TV,Android,True
10830,239,16,2025-04-25,44,0.45,Mobile,iOS,False
10831,485,2,2024-08-31,85,0.65,Laptop,iOS,False
10832,926,13,2025-04-20,65,0.47,Mobile,Android,False
10833,653,15,2025-04-23,98,0.83,Smart TV,iOS,False
10834,348,11,2025-02-22,82,0.65,Laptop,TV App,False
10835,478,21,2025-04-05,82,0.53,Mobile,Android,False
10836,82,3,2025-01-22,65,0.45,Smart TV,Web,False
10837,558,12,2024-10-17,66,0.65,Tablet,Android,False
10838,578,4,2025-03-17,82,0.76,Mobile,Android,False
10839,1107,22,2025-04-01,57,0.48,Tablet,Android,True
10840,176,10,2025-01-12,94,0.82,Mobile,TV App,False
10841,938,13,2025-04-25,98,0.7,Smart TV,Web,False
10842,1129,9,2025-04-29,138,1.0,Mobile,Web,False
10843,1004,14,2024-07-23,115,0.89,Smart TV,Android,False
10844,368,11,2025-03-24,104,0.82,Smart TV,Android,False
10845,1076,20,2024-09-16,56,0.61,Laptop,Android,False
10846,350,11,2025-02-06,88,0.7,Laptop,Web,False
10847,943,23,2025-03-16,107,0.98,Laptop,Web,True
10848,331,1,2025-02-25,84,0.72,Mobile,Web,False
10849,464,22,2025-01-04,99,0.83,Mobile,iOS,True
10850,762,17,2025-02-22,71,0.84,Laptop,iOS,False
10851,459,15,2025-03-11,98,0.83,Mobile,TV App,True
10852,962,13,2025-04-02,53,0.38,Mobile,Android,False
10853,1031,3,2025-01-27,134,0.93,Laptop,TV App,False
10854,754,13,2025-04-06,106,0.76,Tablet,Android,True
10855,521,22,2025-03-08,74,0.62,Smart TV,TV App,False
10856,692,14,2024-11-02,87,0.67,Smart TV,iOS,False
10857,1050,25,2025-01-10,112,0.83,Mobile,Android,True
10858,881,14,2024-08-04,96,0.74,Mobile,iOS,False
10859,1155,18,2025-03-27,105,0.74,Tablet,TV App,False
10860,195,12,2025-04-20,93,0.92,Laptop,Web,False
10861,630,11,2025-02-22,106,0.84,Mobile,iOS,True
10862,410,1,2025-02-13,109,0.93,Mobile,iOS,False
10863,5,1,2025-03-28,108,0.92,Mobile,Web,False
10864,603,6,2025-04-18,25,0.27,Mobile,iOS,False
10865,949,12,2024-11-14,73,0.72,Smart TV,iOS,False
10866,219,19,2025-04-27,80,0.64,Tablet,Android,False
10867,521,22,2025-03-30,110,0.92,Laptop,Android,False
10868,1083,3,2025-02-23,100,0.69,Laptop,iOS,True
10869,1040,11,2025-04-12,87,0.69,Desktop,Android,False
10870,576,22,2024-11-05,85,0.71,Tablet,TV App,False
10871,478,9,2025-04-22,80,0.58,Smart TV,Web,False
10872,1003,1,2025-02-25,95,0.81,Tablet,iOS,False
10873,917,19,2025-04-19,118,0.95,Mobile,iOS,True
10874,621,24,2025-03-05,66,0.63,Smart TV,Web,True
10875,92,3,2025-02-12,110,0.76,Laptop,iOS,True
10876,518,6,2025-03-02,50,0.53,Mobile,iOS,False
10877,916,1,2025-01-15,112,0.95,Laptop,Android,False
10878,682,14,2024-07-09,92,0.71,Laptop,iOS,False
10879,308,3,2025-02-15,111,0.77,Mobile,Web,False
10880,587,25,2025-02-18,125,0.93,Mobile,Web,False
10881,483,21,2025-04-29,108,0.7,Smart TV,iOS,False
10882,617,3,2025-03-31,116,0.8,Mobile,Android,False
10883,159,3,2024-12-17,121,0.84,Smart TV,iOS,True
10884,206,2,2024-11-13,89,0.68,Smart TV,Android,False
10885,41,1,2025-03-06,114,0.97,Desktop,iOS,False
10886,1197,11,2025-04-18,114,0.9,Smart TV,Web,False
10887,360,1,2025-01-23,112,0.95,Laptop,iOS,False
10888,721,3,2025-03-26,104,0.72,Smart TV,Web,False
10889,238,21,2025-04-16,111,0.72,Desktop,iOS,False
10890,890,13,2025-04-07,126,0.9,Desktop,iOS,False
10891,997,24,2025-03-23,86,0.82,Smart TV,iOS,False
10892,293,22,2025-01-17,100,0.84,Tablet,iOS,False
10893,771,11,2025-02-08,99,0.78,Smart TV,iOS,False
10894,355,23,2025-03-14,62,0.57,Mobile,Web,True
10895,1105,5,2024-12-09,84,0.69,Mobile,iOS,False
10896,852,1,2025-01-17,107,0.91,Mobile,iOS,False
10897,133,8,2025-02-04,36,0.42,Laptop,iOS,False
10898,668,23,2025-03-20,96,0.88,Smart TV,Web,False
10899,600,1,2025-03-21,109,0.93,Mobile,TV App,False
10900,185,1,2025-03-26,103,0.88,Laptop,iOS,False
10901,504,11,2025-03-13,88,0.7,Tablet,Web,True
10902,506,19,2025-04-25,92,0.74,Mobile,Web,False
10903,1099,18,2024-11-25,79,0.56,Smart TV,iOS,False
10904,473,21,2025-04-21,60,0.39,Mobile,iOS,False
10905,230,22,2025-03-11,106,0.89,Smart TV,Android,False
10906,755,9,2025-04-14,117,0.85,Smart TV,Web,False
10907,714,1,2025-01-17,99,0.84,Laptop,Android,False
10908,31,19,2025-04-26,76,0.61,Smart TV,Android,False
10909,749,3,2025-02-28,92,0.64,Mobile,TV App,False
10910,1117,25,2024-10-25,93,0.69,Tablet,TV App,False
10911,265,11,2025-02-14,81,0.64,Smart TV,Android,False
10912,456,6,2025-03-10,59,0.63,Laptop,Android,False
10913,1102,16,2025-02-21,57,0.59,Mobile,Android,False
10914,146,3,2024-12-12,116,0.8,Mobile,TV App,False
10915,408,1,2025-03-04,114,0.97,Smart TV,Android,False
10916,444,4,2025-04-05,97,0.9,Desktop,iOS,False
10917,329,12,2025-03-03,60,0.59,Laptop,iOS,False
10918,977,11,2025-02-15,91,0.72,Smart TV,Android,False
10919,188,3,2025-04-09,104,0.72,Tablet,Android,False
10920,457,1,2025-03-11,92,0.78,Tablet,TV App,False
10921,378,13,2025-04-23,92,0.66,Laptop,TV App,False
10922,967,20,2024-09-18,83,0.91,Laptop,TV App,False
10923,1063,5,2024-10-18,75,0.62,Tablet,TV App,False
10924,460,22,2025-03-06,120,1.0,Mobile,TV App,False
10925,981,3,2025-01-16,116,0.8,Laptop,TV App,False
10926,1159,1,2025-02-08,118,1.0,Laptop,Android,False
10927,92,1,2025-04-18,103,0.88,Tablet,iOS,False
10928,1099,21,2025-04-30,120,0.78,Smart TV,Web,False
10929,755,1,2025-02-19,93,0.79,Smart TV,iOS,False
10930,346,2,2025-01-03,80,0.61,Mobile,iOS,False
10931,708,2,2025-02-08,69,0.53,Tablet,iOS,False
10932,403,19,2025-04-14,86,0.69,Mobile,Web,False
10933,994,24,2024-12-25,89,0.85,Tablet,iOS,False
10934,197,9,2025-04-08,110,0.8,Mobile,iOS,False
10935,295,13,2025-04-18,58,0.42,Laptop,Android,False
10936,213,1,2025-02-03,97,0.83,Mobile,Android,False
10937,429,12,2025-03-07,65,0.64,Smart TV,iOS,False
10938,930,2,2024-10-18,85,0.65,Laptop,Web,False
10939,1148,11,2025-04-16,97,0.77,Smart TV,TV App,True
10940,948,6,2025-04-15,77,0.82,Smart TV,Web,False
10941,123,3,2025-01-12,107,0.74,Smart TV,Web,False
10942,117,1,2025-02-22,88,0.75,Smart TV,Web,False
10943,1199,9,2025-04-26,132,0.96,Mobile,iOS,True
10944,1007,19,2025-04-25,80,0.64,Laptop,Web,False
10945,650,9,2025-04-14,124,0.9,Laptop,Android,True
10946,977,7,2025-01-06,63,0.71,Tablet,Web,False
10947,888,20,2024-09-12,44,0.48,Desktop,iOS,False
10948,66,23,2025-02-20,100,0.91,Smart TV,Android,False
10949,790,14,2024-09-16,54,0.42,Mobile,Android,False
10950,281,2,2025-03-12,110,0.84,Mobile,Web,False
10951,1170,2,2024-10-19,104,0.79,Mobile,Web,True
10952,850,8,2025-03-20,51,0.59,Smart TV,iOS,False
10953,1152,11,2025-03-15,87,0.69,Tablet,Android,False
10954,803,25,2025-02-21,91,0.68,Smart TV,iOS,False
10955,88,21,2025-04-08,82,0.53,Mobile,Web,False
10956,411,5,2025-02-07,68,0.56,Mobile,iOS,False
10957,685,21,2025-04-25,124,0.8,Laptop,iOS,False
10958,49,8,2025-03-13,40,0.46,Mobile,iOS,False
10959,690,23,2025-02-19,60,0.55,Mobile,Android,False
10960,512,14,2025-03-15,101,0.78,Mobile,iOS,False
10961,1185,3,2024-11-29,107,0.74,Laptop,Android,False
10962,218,1,2025-02-11,109,0.93,Smart TV,Android,False
10963,373,1,2025-03-19,87,0.74,Tablet,Web,False
10964,502,13,2025-03-21,98,0.7,Mobile,iOS,False
10965,747,25,2024-11-09,90,0.67,Smart TV,Web,False
10966,383,9,2025-04-06,120,0.87,Smart TV,iOS,True
10967,262,13,2025-03-21,103,0.74,Mobile,Web,False
10968,284,1,2025-04-13,116,0.99,Smart TV,Web,False
10969,456,9,2025-04-21,100,0.73,Desktop,Android,False
10970,543,1,2025-01-28,116,0.99,Smart TV,Web,False
10971,230,5,2024-10-22,102,0.84,Mobile,Android,False
10972,156,19,2025-04-26,77,0.62,Laptop,iOS,False
10973,744,20,2024-10-02,47,0.52,Mobile,TV App,False
10974,596,21,2025-04-30,136,0.88,Tablet,Android,True
10975,1050,21,2025-04-15,139,0.9,Mobile,iOS,False
10976,46,18,2025-04-19,117,0.83,Smart TV,Web,False
10977,40,13,2025-04-07,85,0.61,Smart TV,Android,False
10978,305,4,2025-03-10,78,0.73,Smart TV,Android,False
10979,370,23,2025-04-14,72,0.66,Smart TV,Android,True
10980,160,18,2024-11-01,122,0.86,Laptop,Web,False
10981,582,5,2025-02-14,97,0.8,Laptop,iOS,True
10982,780,12,2024-12-17,69,0.68,Smart TV,Web,False
10983,221,12,2025-02-25,88,0.87,Mobile,Web,False
10984,51,11,2025-04-13,105,0.83,Mobile,iOS,False
10985,1170,1,2025-03-08,116,0.99,Laptop,Android,False
10986,293,24,2025-03-06,75,0.72,Smart TV,Web,False
10987,172,14,2024-09-05,89,0.69,Laptop,Web,False
10988,500,21,2025-04-25,83,0.54,Mobile,Android,False
10989,574,13,2025-04-17,113,0.81,Smart TV,Web,False
10990,1006,21,2025-04-04,37,0.24,Tablet,TV App,False
10991,671,1,2025-01-28,95,0.81,Mobile,Web,False
10992,87,11,2025-02-25,68,0.54,Laptop,iOS,False
10993,738,19,2025-04-18,53,0.43,Smart TV,Android,False
10994,164,3,2024-12-18,116,0.8,Tablet,Android,False
10995,694,17,2025-02-26,47,0.56,Mobile,Web,False
10996,62,8,2025-02-03,39,0.45,Laptop,Web,False
10997,669,9,2025-04-13,100,0.73,Mobile,Android,True
10998,900,11,2025-02-20,101,0.8,Laptop,Android,False
10999,897,13,2025-04-22,133,0.95,Smart TV,Web,False
11000,456,24,2025-02-12,69,0.66,Mobile,TV App,False
11001,235,24,2025-02-10,85,0.81,Laptop,Android,True
11002,997,23,2025-03-28,88,0.8,Mobile,Web,True
11003,612,15,2025-04-28,91,0.77,Smart TV,iOS,False
11004,1116,11,2025-04-13,121,0.96,Smart TV,iOS,False
11005,416,12,2024-12-15,102,1.0,Mobile,Android,False
11006,344,23,2025-04-16,95,0.87,Laptop,Android,False
11007,945,21,2025-04-08,125,0.81,Mobile,TV App,False
11008,1139,25,2024-11-17,74,0.55,Smart TV,iOS,False
11009,1018,21,2025-04-19,111,0.72,Mobile,TV App,False
11010,980,10,2024-12-24,83,0.73,Laptop,Android,False
11011,733,18,2024-11-01,123,0.87,Mobile,Android,False
11012,1181,13,2025-03-29,107,0.77,Smart TV,iOS,True
11013,800,11,2025-03-11,69,0.55,Laptop,TV App,False
11014,849,24,2025-02-02,58,0.56,Tablet,iOS,False
11015,834,18,2025-03-16,112,0.79,Laptop,iOS,False
11016,430,22,2024-12-17,94,0.79,Smart TV,iOS,False
11017,986,14,2024-12-24,88,0.68,Smart TV,TV App,False
11018,387,1,2025-01-23,115,0.98,Desktop,iOS,False
11019,940,4,2025-04-10,77,0.72,Laptop,Android,True
11020,651,12,2025-01-01,69,0.68,Desktop,Web,False
11021,1156,22,2025-04-09,105,0.88,Mobile,Web,False
11022,76,19,2025-04-17,67,0.54,Smart TV,TV App,False
11023,258,11,2025-04-18,118,0.93,Smart TV,Android,False
11024,66,13,2025-03-31,114,0.82,Mobile,iOS,False
11025,519,12,2025-02-28,86,0.85,Smart TV,iOS,True
11026,918,2,2025-02-01,129,0.98,Mobile,Android,False
11027,109,5,2024-09-06,67,0.55,Smart TV,Web,True
11028,770,4,2025-03-04,77,0.72,Mobile,Web,False
11029,319,19,2025-04-15,90,0.72,Smart TV,Android,False
11030,70,1,2025-02-14,87,0.74,Smart TV,iOS,False
11031,769,1,2025-04-22,118,1.0,Mobile,iOS,False
11032,608,2,2024-08-15,72,0.55,Mobile,Web,False
11033,130,23,2025-02-14,72,0.66,Mobile,Android,False
11034,287,13,2025-03-22,119,0.85,Tablet,TV App,False
11035,231,11,2025-04-05,76,0.6,Mobile,Android,False
11036,1067,5,2025-01-20,100,0.82,Smart TV,Web,False
11037,623,3,2025-01-23,142,0.98,Tablet,Web,False
11038,1027,2,2024-10-21,110,0.84,Tablet,Web,False
11039,1055,18,2024-10-29,96,0.68,Mobile,Android,False
11040,497,13,2025-03-23,120,0.86,Smart TV,Web,True
11041,508,15,2025-03-05,80,0.68,Laptop,Android,False
11042,1148,11,2025-03-01,86,0.68,Smart TV,Web,False
11043,970,6,2025-04-01,36,0.38,Laptop,Web,False
11044,736,6,2025-04-15,66,0.7,Laptop,iOS,False
11045,236,1,2025-01-20,115,0.98,Mobile,TV App,False
11046,95,9,2025-04-19,97,0.71,Laptop,Android,False
11047,1015,3,2025-03-11,105,0.73,Mobile,iOS,False
11048,332,19,2025-04-29,103,0.83,Mobile,iOS,False
11049,828,1,2025-04-01,97,0.83,Smart TV,TV App,False
11050,903,12,2025-02-17,48,0.48,Laptop,TV App,False
11051,240,20,2024-10-19,31,0.34,Tablet,Android,False
11052,720,1,2025-04-02,118,1.0,Smart TV,Android,False
11053,802,23,2025-03-24,71,0.65,Laptop,Android,False
11054,788,12,2024-11-15,72,0.71,Desktop,iOS,False
11055,486,24,2025-01-26,69,0.66,Smart TV,Web,True
11056,283,22,2025-04-29,51,0.43,Mobile,Web,False
11057,580,18,2025-02-24,139,0.98,Laptop,iOS,False
11058,348,19,2025-04-28,72,0.58,Laptop,TV App,False
11059,298,10,2025-03-15,69,0.6,Laptop,Android,False
11060,995,5,2025-02-05,78,0.64,Laptop,TV App,False
11061,519,15,2025-03-16,73,0.62,Laptop,Android,False
11062,760,3,2024-12-16,140,0.97,Mobile,TV App,False
11063,656,9,2025-04-25,80,0.58,Mobile,iOS,False
11064,849,22,2025-04-28,97,0.81,Mobile,iOS,False
11065,697,2,2025-01-16,95,0.72,Mobile,iOS,False
11066,586,3,2024-12-28,95,0.66,Smart TV,TV App,False
11067,80,1,2025-02-17,118,1.0,Mobile,iOS,False
11068,778,9,2025-04-18,103,0.75,Mobile,iOS,False
11069,937,19,2025-04-16,116,0.93,Smart TV,Web,False
11070,9,22,2025-03-13,92,0.77,Mobile,TV App,False
11071,1012,11,2025-03-14,127,1.0,Mobile,Web,True
11072,229,1,2025-01-29,105,0.89,Laptop,Android,False
11073,137,5,2025-02-17,102,0.84,Smart TV,iOS,False
11074,396,3,2025-02-03,114,0.79,Laptop,Web,False
11075,692,1,2025-01-15,96,0.82,Mobile,Web,False
11076,1179,9,2025-04-14,85,0.62,Smart TV,Web,False
11077,691,22,2024-12-13,96,0.8,Smart TV,Web,False
11078,435,9,2025-04-09,104,0.76,Mobile,iOS,False
11079,1121,14,2024-07-25,98,0.76,Smart TV,Web,False
11080,52,8,2025-02-18,66,0.75,Laptop,Android,True
11081,266,25,2024-12-29,106,0.79,Desktop,iOS,False
11082,760,24,2025-03-31,105,1.0,Mobile,Web,False
11083,217,5,2024-12-25,79,0.65,Mobile,Android,False
11084,1189,11,2025-02-18,96,0.76,Tablet,iOS,False
11085,582,14,2024-10-09,110,0.85,Tablet,Android,False
11086,154,5,2024-11-15,61,0.5,Tablet,Android,False
11087,635,24,2025-01-29,90,0.86,Mobile,TV App,False
11088,667,13,2025-04-29,137,0.98,Mobile,Web,False
11089,566,1,2025-02-04,100,0.85,Laptop,TV App,True
11090,6,21,2025-04-14,125,0.81,Tablet,iOS,True
11091,123,6,2025-04-18,38,0.41,Smart TV,Android,False
11092,1012,5,2025-03-26,101,0.83,Smart TV,iOS,False
11093,568,14,2024-11-16,58,0.45,Mobile,Web,False
11094,19,17,2025-04-22,75,0.89,Mobile,iOS,True
11095,446,4,2025-03-28,44,0.41,Smart TV,Android,False
11096,1024,9,2025-04-12,97,0.71,Smart TV,TV App,False
11097,1006,16,2024-11-08,37,0.38,Smart TV,Web,False
11098,866,5,2024-09-26,103,0.85,Smart TV,Web,False
11099,201,1,2025-02-26,114,0.97,Laptop,TV App,False
11100,835,25,2025-01-10,114,0.85,Laptop,Web,True
11101,471,4,2025-04-11,48,0.45,Laptop,Android,False
11102,451,15,2025-04-15,119,1.0,Smart TV,Web,False
11103,517,10,2024-12-12,96,0.84,Mobile,Web,False
11104,787,9,2025-04-16,115,0.84,Smart TV,Android,False
11105,141,1,2025-01-22,101,0.86,Laptop,iOS,False
11106,662,8,2025-02-09,48,0.55,Smart TV,Web,False
11107,1117,13,2025-03-30,109,0.78,Smart TV,Android,False
11108,478,16,2024-12-23,68,0.7,Mobile,iOS,False
11109,1072,9,2025-04-10,110,0.8,Smart TV,iOS,False
11110,59,7,2024-12-31,27,0.31,Smart TV,iOS,False
11111,97,4,2025-04-26,56,0.52,Smart TV,TV App,False
11112,425,9,2025-04-10,107,0.78,Smart TV,iOS,False
11113,371,2,2025-04-11,102,0.78,Laptop,iOS,False
11114,437,13,2025-04-30,140,1.0,Smart TV,Web,False
11115,900,1,2025-03-24,90,0.77,Tablet,iOS,False
11116,516,11,2025-04-23,96,0.76,Smart TV,iOS,False
11117,936,3,2024-12-19,142,0.98,Mobile,Web,False
11118,1137,3,2025-04-25,130,0.9,Smart TV,Web,True
11119,829,2,2024-11-06,121,0.92,Mobile,Web,False
11120,483,21,2025-04-06,97,0.63,Mobile,TV App,False
11121,206,23,2025-04-11,110,1.0,Smart TV,Web,False
11122,288,23,2025-03-05,56,0.51,Laptop,Android,False
11123,636,22,2025-02-28,91,0.76,Laptop,Android,False
11124,746,4,2025-02-19,79,0.74,Laptop,Web,True
11125,856,10,2024-11-26,82,0.72,Mobile,Android,False
11126,651,3,2025-02-25,108,0.75,Smart TV,Web,False
11127,1101,1,2025-04-04,118,1.0,Laptop,Android,False
11128,663,21,2025-04-26,128,0.83,Laptop,Android,False
11129,387,2,2024-08-10,132,1.0,Smart TV,Web,False
11130,918,25,2024-10-17,110,0.82,Tablet,Web,False
11131,10,19,2025-04-24,70,0.56,Mobile,TV App,True
11132,968,2,2025-01-08,132,1.0,Laptop,Web,False
11133,856,15,2025-02-28,57,0.48,Mobile,iOS,False
11134,1145,14,2025-03-06,104,0.8,Smart TV,Web,False
11135,1179,15,2025-04-02,82,0.69,Tablet,iOS,False
11136,416,9,2025-04-27,73,0.53,Desktop,iOS,False
11137,228,4,2025-02-21,73,0.68,Smart TV,iOS,False
11138,89,1,2025-03-11,115,0.98,Smart TV,Android,False
11139,724,15,2025-03-29,74,0.63,Smart TV,Web,False
11140,589,12,2024-11-14,76,0.75,Smart TV,Web,False
11141,520,1,2025-02-16,94,0.8,Mobile,Android,False
11142,453,5,2024-10-04,98,0.81,Smart TV,iOS,False
11143,430,4,2025-03-06,68,0.63,Tablet,Web,False
11144,981,2,2025-03-02,110,0.84,Mobile,Web,False
11145,102,5,2024-09-19,65,0.54,Smart TV,Web,False
11146,1187,17,2025-01-20,53,0.63,Mobile,Web,False
11147,1148,9,2025-04-29,107,0.78,Mobile,iOS,False
11148,928,11,2025-04-06,91,0.72,Tablet,TV App,True
11149,131,2,2025-01-05,91,0.69,Mobile,iOS,False
11150,1155,20,2024-09-03,51,0.56,Smart TV,iOS,False
11151,354,19,2025-04-21,125,1.0,Smart TV,Android,True
11152,174,12,2025-04-25,82,0.81,Desktop,TV App,False
11153,800,1,2025-01-17,108,0.92,Smart TV,iOS,False
11154,385,19,2025-04-23,82,0.66,Tablet,Web,False
11155,683,13,2025-03-19,35,0.25,Smart TV,TV App,True
11156,994,18,2025-01-08,82,0.58,Laptop,Android,False
11157,829,24,2024-12-27,105,1.0,Smart TV,iOS,True
11158,863,6,2025-04-10,51,0.54,Smart TV,iOS,False
11159,273,15,2025-03-23,79,0.67,Laptop,iOS,False
11160,664,4,2025-03-03,78,0.73,Mobile,Android,False
11161,507,1,2025-02-16,108,0.92,Mobile,Android,True
11162,11,2,2025-04-07,91,0.69,Laptop,Web,False
11163,525,24,2025-04-10,74,0.71,Mobile,Web,False
11164,464,1,2025-01-19,109,0.93,Mobile,TV App,False
11165,1171,3,2025-04-22,85,0.59,Smart TV,Web,False
11166,1186,23,2025-04-16,73,0.67,Laptop,Android,True
11167,395,1,2025-02-21,103,0.88,Smart TV,Android,False
11168,400,7,2025-01-19,41,0.46,Desktop,Android,False
11169,501,1,2025-03-01,118,1.0,Mobile,Web,False
11170,1180,25,2024-07-18,67,0.5,Smart TV,Web,False
11171,124,9,2025-04-07,126,0.92,Laptop,Android,False
11172,1191,19,2025-04-26,111,0.89,Tablet,iOS,False
11173,261,25,2024-12-29,112,0.83,Laptop,Web,False
11174,897,20,2024-08-29,65,0.71,Tablet,Web,False
11175,129,13,2025-03-20,121,0.87,Smart TV,Android,False
11176,682,9,2025-04-18,103,0.75,Laptop,Android,False
11177,224,13,2025-04-27,93,0.67,Smart TV,Web,False
11178,1042,11,2025-03-14,127,1.0,Desktop,iOS,False
11179,272,18,2025-04-17,124,0.88,Laptop,Web,False
11180,937,3,2025-01-29,71,0.49,Smart TV,Android,False
11181,624,14,2025-03-27,122,0.94,Mobile,iOS,False
11182,274,23,2025-03-20,75,0.69,Tablet,TV App,False
11183,83,13,2025-03-21,107,0.77,Mobile,iOS,False
11184,769,19,2025-04-26,101,0.81,Mobile,iOS,False
11185,110,4,2025-03-27,96,0.89,Desktop,Web,False
11186,239,1,2025-01-17,103,0.88,Smart TV,Web,False
11187,1162,1,2025-02-06,101,0.86,Smart TV,TV App,False
11188,815,1,2025-02-09,112,0.95,Laptop,Web,False
11189,573,2,2024-09-12,128,0.97,Mobile,iOS,False
11190,942,5,2025-03-28,85,0.7,Laptop,Web,False
11191,375,15,2025-03-30,67,0.57,Smart TV,iOS,False
11192,769,4,2025-04-28,77,0.72,Mobile,Android,False
11193,656,24,2025-04-23,61,0.59,Smart TV,Web,False
11194,554,22,2025-03-28,85,0.71,Smart TV,iOS,False
11195,299,23,2025-02-14,91,0.83,Tablet,iOS,False
11196,736,2,2025-02-05,93,0.71,Smart TV,Web,False
11197,195,24,2025-03-05,60,0.58,Tablet,Web,False
11198,487,3,2024-12-08,116,0.8,Smart TV,Android,True
11199,91,24,2025-03-19,78,0.75,Mobile,TV App,False
11200,419,3,2025-03-23,100,0.69,Smart TV,iOS,False
11201,991,14,2024-06-04,96,0.74,Smart TV,TV App,False
11202,170,14,2024-12-07,130,1.0,Mobile,Web,False
11203,1141,1,2025-02-21,101,0.86,Smart TV,Android,False
11204,265,16,2025-01-31,76,0.78,Laptop,iOS,False
11205,161,16,2025-03-11,67,0.69,Mobile,Web,False
11206,169,5,2024-10-07,76,0.63,Mobile,TV App,False
11207,1114,24,2025-04-06,67,0.64,Mobile,Web,False
11208,333,2,2024-12-13,105,0.8,Mobile,Web,False
11209,733,23,2025-03-31,100,0.91,Laptop,Web,False
11210,385,1,2025-02-09,100,0.85,Mobile,Web,False
11211,649,22,2025-04-28,93,0.78,Smart TV,Android,False
11212,53,14,2024-09-05,87,0.67,Laptop,Android,False
11213,684,6,2025-04-28,52,0.55,Mobile,iOS,False
11214,208,17,2025-03-19,63,0.75,Mobile,iOS,True
11215,712,1,2025-02-19,118,1.0,Smart TV,iOS,True
11216,335,10,2025-04-29,82,0.72,Mobile,TV App,False
11217,765,12,2025-04-19,76,0.75,Laptop,iOS,False
11218,803,13,2025-04-16,105,0.75,Mobile,Web,False
11219,835,3,2025-02-20,92,0.64,Laptop,iOS,False
11220,880,22,2025-03-18,76,0.64,Laptop,Android,False
11221,218,23,2025-04-21,106,0.97,Laptop,Android,False
11222,59,13,2025-03-22,72,0.52,Mobile,TV App,False
11223,219,4,2025-03-15,51,0.48,Mobile,TV App,False
11224,760,21,2025-04-07,75,0.49,Smart TV,Web,False
11225,301,1,2025-04-02,105,0.89,Tablet,iOS,True
11226,89,19,2025-04-15,85,0.68,Smart TV,Web,False
11227,178,18,2025-02-11,124,0.88,Tablet,TV App,True
11228,90,17,2025-03-17,45,0.54,Mobile,Android,False
11229,28,7,2025-01-06,23,0.26,Mobile,Android,False
11230,732,21,2025-03-27,119,0.77,Laptop,iOS,False
11231,42,9,2025-04-30,114,0.83,Smart TV,Web,False
11232,670,1,2025-02-11,107,0.91,Smart TV,Web,False
11233,672,22,2024-11-20,74,0.62,Smart TV,Web,False
11234,138,5,2024-12-12,51,0.42,Smart TV,Web,False
11235,620,5,2024-11-13,81,0.67,Mobile,iOS,False
11236,899,13,2025-03-20,123,0.88,Laptop,TV App,False
11237,113,22,2024-12-02,66,0.55,Tablet,TV App,False
11238,835,22,2024-12-21,96,0.8,Tablet,Web,False
11239,436,24,2025-01-04,78,0.75,Tablet,Web,False
11240,592,5,2024-09-06,97,0.8,Smart TV,Android,False
11241,982,14,2024-09-16,92,0.71,Laptop,TV App,False
11242,1081,10,2024-08-22,79,0.69,Laptop,TV App,False
11243,233,15,2025-03-30,83,0.7,Tablet,iOS,False
11244,312,5,2025-01-10,97,0.8,Desktop,iOS,False
11245,17,23,2025-03-11,81,0.74,Mobile,TV App,True
11246,421,16,2025-03-11,70,0.72,Laptop,iOS,False
11247,1148,13,2025-04-24,117,0.84,Mobile,Web,False
11248,58,9,2025-04-09,91,0.66,Desktop,Android,False
11249,699,22,2024-11-09,102,0.85,Mobile,iOS,True
11250,876,22,2024-11-29,81,0.68,Smart TV,Web,False
11251,227,19,2025-04-25,83,0.67,Desktop,iOS,False
11252,18,18,2025-04-12,130,0.92,Mobile,TV App,False
11253,141,5,2025-02-23,76,0.63,Laptop,Web,False
11254,778,23,2025-03-06,103,0.94,Laptop,iOS,False
11255,610,16,2024-12-28,93,0.95,Mobile,iOS,False
11256,687,6,2025-04-16,32,0.34,Smart TV,Web,False
11257,1128,5,2024-12-21,86,0.71,Laptop,Web,False
11258,1098,24,2025-03-22,75,0.72,Smart TV,Web,False
11259,261,11,2025-02-05,97,0.77,Smart TV,Web,False
11260,402,22,2024-12-18,76,0.64,Smart TV,TV App,False
11261,324,14,2024-12-27,94,0.73,Smart TV,Web,False
11262,1166,23,2025-03-30,50,0.46,Laptop,iOS,False
11263,387,5,2024-11-20,90,0.74,Mobile,iOS,False
11264,1103,19,2025-04-25,121,0.97,Mobile,iOS,False
11265,873,25,2024-11-23,98,0.73,Mobile,iOS,False
11266,716,22,2024-11-09,93,0.78,Smart TV,TV App,False
11267,750,2,2024-12-15,132,1.0,Mobile,Web,False
11268,62,24,2025-04-07,59,0.57,Smart TV,Web,False
11269,56,25,2024-07-17,67,0.5,Laptop,iOS,False
11270,316,21,2025-04-02,124,0.8,Tablet,iOS,False
11271,329,14,2024-06-24,113,0.87,Mobile,Web,True
11272,1180,10,2025-04-21,100,0.87,Smart TV,TV App,False
11273,514,1,2025-03-10,97,0.83,Mobile,Android,False
11274,763,23,2025-03-04,77,0.7,Mobile,iOS,False
11275,1026,6,2025-03-31,33,0.35,Smart TV,Web,False
11276,775,2,2024-10-27,81,0.62,Tablet,Web,False
11277,932,4,2025-03-15,87,0.81,Laptop,Android,False
11278,34,19,2025-04-29,76,0.61,Mobile,Android,False
11279,772,1,2025-02-25,99,0.84,Smart TV,Web,False
11280,1099,21,2025-04-05,86,0.56,Mobile,Web,False
11281,1028,1,2025-01-27,118,1.0,Tablet,Android,False
11282,1071,22,2025-03-09,84,0.7,Smart TV,iOS,False
11283,1021,14,2024-07-13,85,0.66,Mobile,Android,False
11284,687,24,2025-01-15,92,0.88,Mobile,Web,False
11285,357,11,2025-02-12,109,0.86,Mobile,iOS,False
11286,118,18,2025-03-18,99,0.7,Smart TV,iOS,True
11287,735,19,2025-04-17,95,0.76,Mobile,Android,False
11288,1146,20,2024-08-30,58,0.64,Mobile,iOS,False
11289,738,1,2025-03-09,101,0.86,Mobile,Web,True
11290,715,22,2024-12-12,93,0.78,Mobile,Web,False
11291,1082,23,2025-04-23,88,0.8,Laptop,Android,False
11292,901,14,2025-02-25,104,0.8,Mobile,Web,False
11293,6,8,2025-03-03,34,0.39,Tablet,TV App,False
11294,945,23,2025-04-05,59,0.54,Mobile,iOS,False
11295,1094,1,2025-01-29,74,0.63,Mobile,Android,False
11296,619,22,2024-12-24,114,0.95,Mobile,iOS,False
11297,1151,4,2025-03-12,82,0.76,Smart TV,TV App,False
11298,1129,2,2024-09-17,118,0.9,Mobile,Web,False
11299,400,4,2025-03-01,75,0.7,Smart TV,Web,False
11300,402,22,2025-01-13,55,0.46,Smart TV,Android,False
11301,964,3,2025-03-03,100,0.69,Smart TV,iOS,False
11302,1022,11,2025-02-04,87,0.69,Laptop,Android,True
11303,1018,11,2025-02-16,100,0.79,Smart TV,Web,False
11304,1154,6,2025-04-20,68,0.72,Laptop,Web,True
11305,852,1,2025-01-27,99,0.84,Laptop,iOS,False
11306,289,5,2025-03-17,102,0.84,Mobile,iOS,False
11307,539,1,2025-01-28,118,1.0,Tablet,Web,False
11308,116,24,2025-04-21,89,0.85,Smart TV,iOS,False
11309,960,2,2024-09-04,126,0.96,Laptop,TV App,True
11310,1096,23,2025-04-30,61,0.56,Smart TV,iOS,False
11311,670,12,2024-10-30,89,0.88,Smart TV,Android,False
11312,84,9,2025-04-28,121,0.88,Mobile,TV App,False
11313,57,19,2025-04-24,88,0.71,Smart TV,TV App,False
11314,1035,14,2025-02-19,127,0.98,Smart TV,Web,False
11315,113,1,2025-02-03,116,0.99,Mobile,Web,False
11316,219,21,2025-04-19,108,0.7,Laptop,Web,False
11317,449,16,2025-01-23,74,0.76,Laptop,iOS,False
11318,699,1,2025-04-08,102,0.87,Tablet,iOS,False
11319,525,13,2025-04-11,113,0.81,Mobile,Android,False
11320,1006,14,2024-11-19,118,0.91,Smart TV,Web,False
11321,296,2,2024-11-12,93,0.71,Tablet,Android,False
11322,401,23,2025-04-30,61,0.56,Laptop,iOS,False
11323,894,15,2025-03-03,101,0.85,Smart TV,iOS,False
11324,426,19,2025-04-22,100,0.8,Mobile,TV App,False
11325,1015,10,2025-02-24,102,0.89,Mobile,iOS,False
11326,430,13,2025-04-05,130,0.93,Laptop,Android,False
11327,1076,16,2025-03-18,84,0.86,Smart TV,iOS,False
11328,764,2,2024-09-14,97,0.74,Mobile,Android,False
11329,408,21,2025-04-30,128,0.83,Smart TV,Web,False
11330,367,2,2024-09-12,126,0.96,Mobile,Web,False
11331,3,10,2024-11-17,101,0.88,Mobile,Web,False
11332,636,19,2025-04-17,103,0.83,Smart TV,iOS,False
11333,510,9,2025-04-18,82,0.6,Laptop,iOS,False
11334,447,11,2025-04-18,83,0.66,Smart TV,Web,False
11335,949,5,2025-02-17,119,0.98,Mobile,Android,False
11336,344,4,2025-04-24,46,0.43,Smart TV,Android,True
11337,145,25,2024-08-19,66,0.49,Smart TV,Web,False
11338,719,19,2025-04-16,102,0.82,Smart TV,Android,False
11339,936,16,2025-01-01,51,0.53,Smart TV,iOS,False
11340,65,23,2025-03-16,79,0.72,Mobile,TV App,False
11341,875,25,2024-11-23,89,0.66,Mobile,Web,False
11342,986,4,2025-03-15,108,1.0,Smart TV,Web,True
11343,10,2,2024-09-13,96,0.73,Desktop,Android,True
11344,211,16,2024-12-02,94,0.96,Smart TV,Android,False
11345,1193,22,2025-04-26,68,0.57,Smart TV,TV App,False
11346,964,21,2025-04-09,114,0.74,Laptop,Android,False
11347,200,22,2024-11-05,85,0.71,Mobile,TV App,False
11348,632,7,2025-01-28,31,0.35,Smart TV,Android,False
11349,969,15,2025-04-11,107,0.9,Desktop,Android,False
11350,199,19,2025-04-19,72,0.58,Mobile,TV App,False
11351,122,10,2025-03-31,75,0.66,Mobile,iOS,False
11352,74,9,2025-04-23,100,0.73,Smart TV,iOS,False
11353,324,13,2025-04-20,119,0.85,Tablet,iOS,False
11354,222,12,2025-01-14,76,0.75,Smart TV,Web,False
11355,48,14,2024-08-26,79,0.61,Mobile,TV App,False
11356,239,24,2025-03-25,49,0.47,Laptop,iOS,False
11357,590,11,2025-03-31,102,0.81,Tablet,iOS,False
11358,884,24,2025-02-19,84,0.8,Laptop,Web,False
11359,574,22,2025-01-02,78,0.65,Tablet,TV App,False
11360,1007,25,2024-11-24,122,0.91,Laptop,Web,False
11361,754,23,2025-04-10,105,0.96,Smart TV,Android,False
11362,640,18,2024-12-16,129,0.91,Mobile,iOS,True
11363,1024,22,2025-04-30,108,0.9,Tablet,iOS,False
11364,14,4,2025-03-27,95,0.88,Smart TV,iOS,False
11365,736,4,2025-04-17,82,0.76,Tablet,iOS,False
11366,574,9,2025-04-15,77,0.56,Mobile,Web,False
11367,588,2,2024-09-29,110,0.84,Smart TV,Android,False
11368,1034,19,2025-04-27,118,0.95,Mobile,Web,True
11369,589,11,2025-04-17,82,0.65,Tablet,iOS,False
11370,822,4,2025-02-17,100,0.93,Mobile,TV App,False
11371,344,13,2025-04-21,124,0.89,Laptop,TV App,False
11372,673,10,2024-07-28,104,0.91,Mobile,Web,False
11373,485,13,2025-03-25,105,0.75,Desktop,iOS,True
11374,728,14,2024-06-23,115,0.89,Laptop,iOS,False
11375,416,8,2025-03-26,47,0.54,Tablet,iOS,False
11376,1005,15,2025-04-12,119,1.0,Smart TV,TV App,False
11377,325,13,2025-04-28,127,0.91,Smart TV,Web,False
11378,1149,21,2025-03-26,150,0.97,Smart TV,iOS,False
11379,874,10,2025-01-17,81,0.71,Smart TV,TV App,False
11380,984,8,2025-03-13,51,0.58,Mobile,TV App,True
11381,1100,23,2025-02-16,77,0.7,Smart TV,Web,False
11382,155,21,2025-04-17,99,0.64,Smart TV,iOS,False
11383,963,23,2025-03-02,75,0.69,Mobile,Web,False
11384,161,20,2024-08-22,86,0.94,Smart TV,iOS,False
11385,126,9,2025-04-15,85,0.62,Mobile,iOS,False
11386,235,21,2025-04-12,91,0.59,Smart TV,iOS,False
11387,638,2,2025-01-20,97,0.74,Tablet,Web,False
11388,778,5,2025-01-12,82,0.68,Laptop,TV App,True
11389,854,21,2025-04-29,136,0.88,Laptop,Android,False
11390,51,12,2025-04-07,56,0.55,Smart TV,iOS,False
11391,248,11,2025-03-09,96,0.76,Laptop,Web,False
11392,1016,10,2025-04-16,79,0.69,Mobile,TV App,False
11393,930,2,2025-03-06,116,0.88,Mobile,TV App,True
11394,632,3,2025-04-03,81,0.56,Mobile,Web,False
11395,386,22,2025-02-11,100,0.84,Smart TV,iOS,False
11396,1058,2,2025-01-10,118,0.9,Mobile,Web,False
11397,77,3,2025-03-29,94,0.65,Mobile,Android,False
11398,1110,10,2025-02-16,73,0.64,Mobile,TV App,True
11399,126,11,2025-02-22,85,0.67,Smart TV,iOS,True
11400,904,19,2025-04-12,80,0.64,Mobile,iOS,False
11401,965,11,2025-04-25,88,0.7,Tablet,iOS,False
11402,1035,8,2025-03-27,49,0.56,Laptop,Web,True
11403,39,4,2025-04-01,85,0.79,Smart TV,Android,False
11404,585,13,2025-04-30,133,0.95,Laptop,Android,True
11405,264,21,2025-04-26,108,0.7,Laptop,Android,False
11406,760,20,2024-09-12,58,0.64,Mobile,TV App,False
11407,1039,19,2025-04-26,93,0.75,Tablet,Web,False
11408,860,1,2025-04-09,118,1.0,Mobile,iOS,False
11409,441,22,2024-12-26,98,0.82,Desktop,TV App,False
11410,237,17,2025-01-31,75,0.89,Desktop,Web,False
11411,310,22,2024-12-05,98,0.82,Laptop,Web,False
11412,88,2,2024-10-17,120,0.91,Mobile,Web,False
11413,501,25,2025-02-21,94,0.7,Smart TV,Android,False
11414,1041,11,2025-03-16,64,0.51,Mobile,TV App,True
11415,580,13,2025-04-26,126,0.9,Smart TV,Android,False
11416,584,6,2025-03-10,62,0.66,Smart TV,Android,False
11417,1020,1,2025-04-09,81,0.69,Mobile,Android,True
11418,961,15,2025-03-24,74,0.63,Laptop,iOS,False
11419,346,19,2025-04-21,81,0.65,Laptop,Web,False
11420,841,23,2025-02-11,67,0.61,Laptop,iOS,False
11421,203,10,2024-09-28,78,0.68,Tablet,TV App,False
11422,1061,25,2024-12-23,93,0.69,Smart TV,iOS,False
11423,153,23,2025-03-19,67,0.61,Tablet,iOS,False
11424,237,21,2025-03-29,120,0.78,Laptop,Web,False
11425,44,19,2025-04-21,78,0.63,Smart TV,Android,False
11426,1189,11,2025-03-08,109,0.86,Smart TV,Web,False
11427,995,15,2025-03-18,102,0.86,Smart TV,iOS,False
11428,962,3,2024-12-14,108,0.75,Laptop,TV App,True
11429,788,10,2024-12-05,105,0.92,Mobile,Android,False
11430,545,1,2025-03-22,107,0.91,Smart TV,Web,False
11431,770,13,2025-04-02,116,0.83,Laptop,Web,False
11432,219,11,2025-03-06,96,0.76,Mobile,iOS,False
11433,457,19,2025-04-13,88,0.71,Smart TV,TV App,False
11434,1127,19,2025-04-20,83,0.67,Laptop,TV App,False
11435,507,2,2025-03-19,99,0.75,Mobile,Web,False
11436,843,23,2025-02-08,101,0.92,Mobile,iOS,False
11437,5,1,2025-02-10,103,0.88,Laptop,Web,False
11438,518,19,2025-04-19,103,0.83,Smart TV,Web,False
11439,949,17,2025-02-07,45,0.54,Mobile,iOS,False
11440,1083,17,2025-03-14,73,0.87,Laptop,Android,False
11441,1197,4,2025-04-27,106,0.99,Mobile,Android,False
11442,22,1,2025-03-19,102,0.87,Smart TV,Web,False
11443,186,13,2025-03-31,133,0.95,Mobile,TV App,False
11444,909,14,2025-02-03,126,0.97,Smart TV,iOS,False
11445,679,11,2025-02-17,109,0.86,Smart TV,TV App,False
11446,459,15,2025-04-26,91,0.77,Smart TV,Android,False
11447,797,9,2025-04-23,114,0.83,Smart TV,Web,False
11448,163,3,2024-12-26,131,0.91,Mobile,iOS,False
11449,152,22,2025-04-28,68,0.57,Smart TV,Web,False
11450,723,3,2025-04-16,123,0.85,Smart TV,TV App,False
11451,862,3,2025-03-09,97,0.67,Laptop,Android,False
11452,983,15,2025-03-07,92,0.78,Mobile,Android,False
11453,890,11,2025-03-08,80,0.63,Smart TV,iOS,False
11454,1134,19,2025-04-22,86,0.69,Smart TV,iOS,False
11455,784,2,2025-02-06,106,0.81,Laptop,Web,False
11456,1095,2,2025-03-16,99,0.75,Smart TV,Android,False
11457,938,9,2025-04-27,96,0.7,Smart TV,Web,False
11458,426,1,2025-04-16,77,0.66,Laptop,iOS,False
11459,244,9,2025-04-25,95,0.69,Smart TV,Web,False
11460,101,22,2025-02-10,73,0.61,Smart TV,iOS,True
11461,865,2,2024-10-17,132,1.0,Tablet,iOS,False
11462,711,5,2025-04-14,98,0.81,Laptop,iOS,True
11463,884,18,2025-04-17,76,0.54,Desktop,iOS,False
11464,231,1,2025-03-04,109,0.93,Smart TV,iOS,True
11465,761,21,2025-04-25,75,0.49,Laptop,Web,False
11466,788,2,2025-04-08,93,0.71,Laptop,iOS,False
11467,746,11,2025-04-06,104,0.82,Tablet,iOS,True
11468,1058,1,2025-04-27,84,0.72,Laptop,Web,False
11469,1192,1,2025-04-23,103,0.88,Tablet,iOS,False
11470,985,22,2025-01-30,80,0.67,Tablet,Web,False
11471,112,24,2025-01-16,86,0.82,Laptop,Web,False
11472,428,1,2025-01-16,95,0.81,Mobile,iOS,False
11473,1136,16,2025-01-08,48,0.49,Smart TV,Android,False
11474,996,2,2025-03-22,68,0.52,Laptop,Web,False
11475,35,19,2025-04-17,112,0.9,Mobile,Web,False
11476,528,19,2025-04-16,118,0.95,Laptop,iOS,True
11477,593,22,2025-01-11,78,0.65,Tablet,Web,False
11478,606,10,2025-01-10,92,0.8,Mobile,iOS,False
11479,460,19,2025-04-26,60,0.48,Laptop,iOS,False
11480,783,16,2025-01-14,86,0.88,Smart TV,TV App,False
11481,763,22,2025-03-06,98,0.82,Mobile,Android,False
11482,528,5,2025-03-09,58,0.48,Smart TV,iOS,False
11483,526,14,2024-12-24,94,0.73,Laptop,iOS,False
11484,419,1,2025-02-04,115,0.98,Smart TV,Android,False
11485,660,1,2025-04-03,80,0.68,Desktop,Web,False
11486,244,13,2025-04-25,116,0.83,Laptop,TV App,False
11487,755,10,2024-10-01,90,0.79,Mobile,Android,True
11488,955,16,2025-01-06,42,0.43,Mobile,Android,False
11489,1137,3,2025-01-23,102,0.71,Mobile,Android,False
11490,940,13,2025-04-11,107,0.77,Smart TV,TV App,True
11491,998,20,2024-09-12,29,0.32,Tablet,TV App,True
11492,763,1,2025-03-26,105,0.89,Laptop,Web,False
11493,1080,16,2025-02-22,71,0.73,Mobile,Android,False
11494,1091,22,2024-11-29,100,0.84,Tablet,iOS,False
11495,593,12,2024-11-15,59,0.58,Mobile,iOS,False
11496,1164,21,2025-03-31,94,0.61,Smart TV,Android,False
11497,725,10,2025-03-01,94,0.82,Smart TV,Android,False
11498,723,1,2025-01-30,102,0.87,Mobile,Web,False
11499,114,9,2025-04-29,78,0.57,Desktop,iOS,False
11500,499,3,2025-03-07,117,0.81,Mobile,Android,False
11501,855,7,2025-01-30,67,0.75,Smart TV,TV App,True
11502,678,18,2024-12-03,83,0.59,Tablet,Android,False
11503,865,21,2025-04-30,131,0.85,Smart TV,Android,False
11504,978,9,2025-04-18,91,0.66,Laptop,TV App,False
11505,38,7,2025-02-05,36,0.41,Laptop,Web,False
11506,427,4,2025-02-20,85,0.79,Smart TV,Android,False
11507,569,22,2025-01-05,90,0.75,Smart TV,Web,False
11508,568,10,2025-02-05,79,0.69,Laptop,Android,False
11509,562,3,2024-11-22,84,0.58,Mobile,iOS,False
11510,760,9,2025-04-06,120,0.87,Laptop,Android,True
11511,482,11,2025-02-21,106,0.84,Tablet,Android,False
11512,72,13,2025-03-22,63,0.45,Smart TV,iOS,False
11513,513,22,2024-12-19,92,0.77,Mobile,iOS,False
11514,1072,24,2025-03-03,89,0.85,Smart TV,Web,True
11515,1049,19,2025-04-23,71,0.57,Laptop,Android,False
11516,281,7,2025-01-03,37,0.42,Tablet,iOS,True
11517,448,23,2025-04-21,89,0.81,Laptop,Android,False
11518,944,13,2025-04-08,99,0.71,Smart TV,Android,False
11519,1159,6,2025-04-18,32,0.34,Tablet,Web,True
11520,1080,9,2025-04-12,118,0.86,Laptop,iOS,True
11521,209,13,2025-04-18,82,0.59,Mobile,Android,False
11522,1081,10,2025-02-17,78,0.68,Smart TV,TV App,False
11523,280,11,2025-03-19,97,0.77,Smart TV,Web,True
11524,569,23,2025-02-22,102,0.93,Smart TV,Web,False
11525,571,5,2025-04-09,59,0.49,Smart TV,iOS,False
11526,383,10,2025-04-19,87,0.76,Laptop,iOS,False
11527,143,13,2025-04-12,113,0.81,Smart TV,iOS,False
11528,78,3,2025-04-20,121,0.84,Laptop,iOS,False
11529,662,23,2025-03-04,96,0.88,Smart TV,iOS,False
11530,936,19,2025-04-30,115,0.92,Mobile,TV App,False
11531,980,7,2025-01-13,27,0.31,Mobile,Web,False
11532,242,1,2025-01-29,106,0.9,Mobile,Android,False
11533,479,3,2025-03-15,108,0.75,Laptop,iOS,True
11534,78,2,2024-10-18,121,0.92,Mobile,Web,False
11535,774,9,2025-04-05,111,0.81,Smart TV,Web,False
11536,432,24,2025-01-20,95,0.91,Laptop,Android,False
11537,647,2,2024-09-27,100,0.76,Smart TV,Web,False
11538,841,4,2025-03-03,83,0.77,Laptop,iOS,False
11539,389,9,2025-04-06,95,0.69,Mobile,Web,False
11540,692,9,2025-04-13,126,0.92,Smart TV,Android,False
11541,1098,1,2025-03-02,92,0.78,Smart TV,Web,False
11542,296,11,2025-02-26,49,0.39,Smart TV,iOS,True
11543,78,1,2025-03-19,106,0.9,Smart TV,iOS,False
11544,169,15,2025-04-09,94,0.79,Mobile,iOS,True
11545,327,21,2025-03-28,134,0.87,Tablet,Android,False
11546,1193,21,2025-04-27,102,0.66,Tablet,Android,False
11547,433,22,2024-11-23,117,0.98,Smart TV,iOS,False
11548,428,5,2024-10-24,79,0.65,Smart TV,iOS,False
11549,1048,19,2025-04-20,105,0.84,Mobile,Web,False
11550,1031,19,2025-04-18,106,0.85,Desktop,Web,False
11551,458,19,2025-04-25,76,0.61,Smart TV,Android,False
11552,1021,9,2025-04-30,89,0.65,Laptop,iOS,False
11553,927,1,2025-04-07,115,0.98,Smart TV,Android,False
11554,753,11,2025-04-19,85,0.67,Desktop,Web,False
11555,1142,13,2025-04-21,103,0.74,Mobile,Android,False
11556,877,25,2025-03-05,101,0.75,Smart TV,Web,True
11557,78,25,2024-11-03,74,0.55,Mobile,Android,True
11558,187,19,2025-04-17,77,0.62,Laptop,iOS,False
11559,764,1,2025-01-18,88,0.75,Smart TV,Android,False
11560,1028,1,2025-03-22,92,0.78,Smart TV,Android,False
11561,872,11,2025-02-28,106,0.84,Laptop,iOS,False
11562,860,13,2025-04-16,123,0.88,Laptop,Web,False
11563,46,15,2025-04-21,89,0.75,Laptop,Web,False
11564,219,1,2025-01-16,107,0.91,Mobile,iOS,False
11565,1155,11,2025-04-29,85,0.67,Smart TV,Web,False
11566,1087,19,2025-04-15,122,0.98,Tablet,iOS,False
11567,713,1,2025-01-25,118,1.0,Laptop,iOS,False
11568,686,11,2025-03-12,99,0.78,Laptop,iOS,False
11569,389,18,2025-01-19,85,0.6,Mobile,Web,False
11570,702,4,2025-02-24,88,0.82,Smart TV,TV App,False
11571,267,24,2024-12-27,95,0.91,Smart TV,Web,False
11572,112,24,2025-02-01,81,0.78,Laptop,Android,False
11573,515,2,2024-08-19,117,0.89,Mobile,iOS,False
11574,1105,23,2025-02-14,79,0.72,Mobile,iOS,False
11575,1027,14,2025-03-17,70,0.54,Mobile,Web,False
11576,569,19,2025-04-28,56,0.45,Mobile,iOS,False
11577,679,1,2025-01-19,84,0.72,Desktop,Android,False
11578,93,10,2024-09-23,78,0.68,Smart TV,Android,False
11579,174,6,2025-04-11,47,0.5,Laptop,Web,False
11580,259,9,2025-04-28,109,0.79,Tablet,Web,False
11581,61,12,2024-11-27,73,0.72,Smart TV,TV App,False
11582,792,5,2025-04-27,102,0.84,Mobile,Web,False
11583,669,13,2025-03-25,84,0.6,Tablet,Web,False
11584,65,19,2025-04-12,105,0.84,Smart TV,Android,True
11585,631,18,2025-04-30,90,0.64,Mobile,Web,False
11586,725,11,2025-02-13,107,0.85,Mobile,iOS,False
11587,287,3,2025-01-17,139,0.96,Smart TV,Web,False
11588,1013,24,2025-04-27,90,0.86,Mobile,TV App,False
11589,323,19,2025-04-16,78,0.63,Mobile,Android,False
11590,419,5,2024-11-16,107,0.88,Mobile,iOS,False
11591,16,11,2025-03-09,127,1.0,Laptop,iOS,False
11592,756,22,2025-02-02,61,0.51,Smart TV,Android,False
11593,93,3,2025-04-26,92,0.64,Smart TV,iOS,False
11594,1165,1,2025-02-23,118,1.0,Mobile,iOS,False
11595,1064,21,2025-04-14,106,0.69,Tablet,Web,False
11596,1057,18,2025-03-28,80,0.57,Mobile,iOS,False
11597,70,19,2025-04-14,82,0.66,Smart TV,TV App,False
11598,339,8,2025-03-22,54,0.62,Laptop,iOS,False
11599,1024,21,2025-04-23,113,0.73,Smart TV,Web,False
11600,811,14,2024-12-19,88,0.68,Mobile,iOS,False
11601,2,1,2025-02-24,95,0.81,Mobile,Android,True
11602,500,7,2024-12-14,56,0.63,Mobile,Android,False
11603,1057,13,2025-04-26,107,0.77,Tablet,Android,True
11604,404,19,2025-04-22,77,0.62,Tablet,iOS,False
11605,30,15,2025-04-17,83,0.7,Tablet,iOS,False
11606,938,1,2025-03-29,116,0.99,Mobile,Android,False
11607,912,1,2025-04-02,84,0.72,Smart TV,Android,False
11608,807,12,2025-02-04,66,0.65,Mobile,Web,False
11609,257,11,2025-04-28,55,0.44,Smart TV,iOS,False
11610,96,13,2025-04-26,100,0.72,Laptop,iOS,False
11611,515,6,2025-03-13,28,0.3,Mobile,TV App,False
11612,857,13,2025-04-13,106,0.76,Smart TV,TV App,False
11613,628,22,2024-12-11,120,1.0,Smart TV,Web,False
11614,923,21,2025-04-17,145,0.94,Laptop,iOS,True
11615,793,22,2025-04-20,96,0.8,Smart TV,Web,False
11616,226,24,2025-02-08,80,0.77,Mobile,iOS,False
11617,126,1,2025-04-18,109,0.93,Mobile,Web,False
11618,130,9,2025-04-26,85,0.62,Smart TV,TV App,False
11619,356,24,2025-02-17,87,0.83,Smart TV,iOS,True
11620,1049,22,2024-11-15,82,0.69,Smart TV,iOS,False
11621,1079,3,2024-12-23,116,0.8,Laptop,Web,False
11622,669,22,2025-04-04,63,0.53,Laptop,iOS,False
11623,788,19,2025-04-16,90,0.72,Tablet,iOS,False
11624,267,11,2025-01-31,91,0.72,Smart TV,Android,False
11625,897,25,2024-08-25,64,0.48,Smart TV,Web,False
11626,488,9,2025-04-13,96,0.7,Laptop,Android,False
11627,758,18,2024-10-02,80,0.57,Mobile,iOS,False
11628,383,11,2025-03-11,88,0.7,Laptop,iOS,False
11629,1105,18,2025-04-14,107,0.76,Tablet,Web,False
11630,14,19,2025-04-21,77,0.62,Smart TV,Android,False
11631,592,11,2025-02-08,86,0.68,Mobile,iOS,False
11632,669,18,2025-02-08,129,0.91,Laptop,Web,False
11633,880,1,2025-04-05,108,0.92,Smart TV,Web,False
11634,505,19,2025-04-19,75,0.6,Tablet,TV App,False
11635,918,23,2025-04-29,99,0.9,Laptop,TV App,False
11636,926,20,2024-09-30,60,0.66,Mobile,Android,False
11637,358,15,2025-03-30,89,0.75,Desktop,Android,False
11638,949,24,2025-04-07,90,0.86,Tablet,Android,False
11639,270,10,2024-10-12,64,0.56,Laptop,Web,False
11640,739,6,2025-03-17,54,0.57,Laptop,iOS,False
11641,17,23,2025-03-27,90,0.82,Tablet,iOS,False
11642,180,1,2025-01-29,118,1.0,Laptop,TV App,False
11643,770,15,2025-04-15,102,0.86,Mobile,iOS,False
11644,756,13,2025-04-07,134,0.96,Laptop,Android,False
11645,928,1,2025-03-28,80,0.68,Mobile,iOS,False
11646,719,13,2025-04-30,74,0.53,Mobile,iOS,False
11647,950,3,2024-12-25,76,0.53,Smart TV,Android,False
11648,587,22,2024-11-11,120,1.0,Tablet,Android,True
11649,1058,5,2025-04-27,79,0.65,Mobile,Android,False
11650,939,10,2024-08-18,67,0.59,Mobile,iOS,False
11651,268,1,2025-01-30,94,0.8,Smart TV,TV App,False
11652,347,18,2025-02-16,85,0.6,Mobile,iOS,False
11653,774,6,2025-03-29,49,0.52,Mobile,Android,False
11654,997,2,2025-01-19,92,0.7,Smart TV,Web,False
11655,1026,13,2025-04-18,123,0.88,Smart TV,Web,False
11656,120,3,2024-11-28,69,0.48,Mobile,Web,True
11657,857,2,2024-09-07,83,0.63,Mobile,iOS,False
11658,877,23,2025-03-11,78,0.71,Smart TV,TV App,False
11659,1180,22,2025-02-03,68,0.57,Laptop,iOS,False
11660,234,23,2025-03-05,72,0.66,Mobile,iOS,False
11661,974,2,2024-09-05,72,0.55,Smart TV,Web,True
11662,1038,1,2025-02-13,115,0.98,Smart TV,Web,False
11663,806,23,2025-04-11,49,0.45,Laptop,Android,False
11664,411,11,2025-02-14,111,0.88,Smart TV,Web,False
11665,864,23,2025-02-08,99,0.9,Mobile,Web,False
11666,713,14,2024-08-21,104,0.8,Smart TV,iOS,False
11667,832,2,2024-08-18,97,0.74,Smart TV,iOS,True
11668,642,4,2025-03-09,65,0.61,Tablet,iOS,False
11669,1198,7,2025-02-08,67,0.75,Smart TV,Android,False
11670,792,1,2025-03-02,96,0.82,Laptop,Web,True
11671,407,13,2025-03-21,112,0.8,Laptop,Web,False
11672,854,4,2025-02-16,96,0.89,Smart TV,iOS,True
11673,1107,25,2024-08-27,103,0.77,Tablet,iOS,True
11674,274,19,2025-04-25,85,0.68,Mobile,Android,False
11675,1067,7,2024-12-29,46,0.52,Smart TV,Web,True
11676,605,22,2025-01-18,91,0.76,Mobile,TV App,True
11677,529,10,2024-07-28,52,0.46,Mobile,Android,False
11678,939,17,2025-02-26,64,0.76,Smart TV,Android,True
11679,490,13,2025-03-21,119,0.85,Smart TV,Web,False
11680,200,9,2025-04-20,111,0.81,Smart TV,Android,False
11681,185,2,2024-10-28,125,0.95,Desktop,iOS,False
11682,1039,18,2024-12-04,106,0.75,Mobile,iOS,False
11683,757,15,2025-04-01,88,0.74,Desktop,iOS,False
11684,683,19,2025-04-20,77,0.62,Smart TV,Android,False
11685,772,13,2025-03-27,91,0.65,Laptop,Web,False
11686,582,21,2025-04-30,106,0.69,Mobile,iOS,False
11687,976,25,2024-12-16,124,0.92,Laptop,Android,False
11688,417,23,2025-04-07,104,0.95,Smart TV,Android,False
11689,995,5,2024-10-25,101,0.83,Mobile,Web,False
11690,996,3,2025-03-09,78,0.54,Mobile,Web,False
11691,1189,18,2024-12-09,79,0.56,Smart TV,iOS,True
11692,411,21,2025-04-11,110,0.71,Tablet,iOS,False
11693,552,3,2024-12-25,78,0.54,Smart TV,iOS,False
11694,419,13,2025-03-19,79,0.57,Laptop,iOS,False
11695,34,23,2025-03-27,63,0.58,Smart TV,Android,False
11696,700,1,2025-04-10,82,0.7,Tablet,iOS,False
11697,796,16,2025-03-04,64,0.66,Smart TV,Android,False
11698,751,5,2024-10-06,89,0.73,Smart TV,iOS,False
11699,260,22,2024-11-16,91,0.76,Laptop,Web,False
11700,909,9,2025-04-20,118,0.86,Tablet,Android,True
11701,243,2,2025-03-03,84,0.64,Smart TV,Android,True
11702,132,20,2024-09-28,62,0.68,Mobile,TV App,False
11703,409,22,2024-11-04,75,0.63,Laptop,iOS,False
11704,675,4,2025-02-17,72,0.67,Desktop,Web,False
11705,747,9,2025-04-15,91,0.66,Smart TV,iOS,True
11706,1171,24,2025-04-12,79,0.76,Mobile,iOS,False
11707,74,4,2025-03-28,79,0.74,Smart TV,Web,False
11708,275,4,2025-02-15,72,0.67,Mobile,Web,False
11709,469,13,2025-04-09,113,0.81,Smart TV,TV App,True
11710,268,19,2025-04-14,102,0.82,Laptop,Web,False
11711,654,23,2025-04-08,110,1.0,Smart TV,Web,False
11712,305,1,2025-01-29,107,0.91,Mobile,TV App,True
11713,37,9,2025-04-12,118,0.86,Mobile,Web,False
11714,975,15,2025-04-12,115,0.97,Laptop,Android,False
11715,1098,25,2024-08-04,114,0.85,Mobile,iOS,False
11716,402,1,2025-04-20,99,0.84,Mobile,Web,False
11717,390,19,2025-04-25,122,0.98,Smart TV,iOS,False
11718,56,21,2025-03-30,110,0.71,Desktop,iOS,False
11719,843,23,2025-02-28,69,0.63,Smart TV,Android,False
11720,382,25,2025-04-23,121,0.9,Smart TV,iOS,False
11721,1144,23,2025-04-22,100,0.91,Desktop,Android,False
11722,71,9,2025-04-24,93,0.68,Smart TV,iOS,False
11723,449,16,2024-12-12,82,0.84,Tablet,Web,False
11724,629,22,2025-02-12,100,0.84,Mobile,Web,True
11725,598,2,2025-03-28,132,1.0,Laptop,Web,False
11726,1026,16,2024-11-21,60,0.62,Smart TV,Android,False
11727,963,2,2024-08-31,95,0.72,Desktop,iOS,False
11728,915,8,2025-03-13,40,0.46,Desktop,Web,False
11729,1072,2,2024-12-16,126,0.96,Smart TV,Web,False
11730,171,4,2025-04-06,104,0.97,Laptop,Web,False
11731,491,5,2024-09-15,113,0.93,Laptop,TV App,False
11732,507,19,2025-04-25,85,0.68,Laptop,iOS,False
11733,579,1,2025-04-23,102,0.87,Smart TV,Web,False
11734,1024,14,2024-07-26,59,0.46,Laptop,iOS,True
11735,1165,18,2024-12-14,127,0.9,Mobile,Android,False
11736,733,11,2025-04-03,57,0.45,Smart TV,Web,False
11737,200,18,2025-01-24,89,0.63,Laptop,TV App,False
11738,546,14,2024-06-20,88,0.68,Mobile,Web,False
11739,993,21,2025-04-29,116,0.75,Smart TV,TV App,False
11740,965,1,2025-01-29,107,0.91,Mobile,iOS,True
11741,174,3,2024-11-29,89,0.62,Laptop,iOS,False
11742,1088,2,2025-01-12,39,0.3,Tablet,iOS,False
11743,1182,21,2025-04-09,155,1.0,Tablet,iOS,False
11744,446,25,2025-03-13,132,0.98,Laptop,TV App,True
11745,73,13,2025-04-16,112,0.8,Laptop,Web,False
11746,469,25,2024-11-21,63,0.47,Laptop,Web,False
11747,60,13,2025-04-04,79,0.57,Tablet,TV App,False
11748,962,12,2025-02-02,88,0.87,Mobile,Web,False
11749,10,6,2025-04-13,73,0.77,Smart TV,iOS,False
11750,1172,15,2025-04-01,103,0.87,Smart TV,Web,False
11751,496,3,2024-12-09,117,0.81,Mobile,TV App,False
11752,976,16,2025-01-30,82,0.84,Smart TV,Android,False
11753,472,14,2024-12-08,106,0.82,Smart TV,Android,False
11754,475,1,2025-01-22,94,0.8,Tablet,iOS,False
11755,218,25,2025-01-07,95,0.71,Mobile,iOS,False
11756,150,24,2025-01-20,77,0.74,Desktop,iOS,False
11757,412,24,2025-03-02,71,0.68,Mobile,iOS,False
11758,303,5,2025-02-04,107,0.88,Laptop,TV App,False
11759,1058,19,2025-04-29,101,0.81,Mobile,Web,False
11760,642,2,2024-12-27,104,0.79,Smart TV,iOS,False
11761,530,22,2025-02-27,110,0.92,Laptop,Android,True
11762,1082,18,2025-01-14,79,0.56,Smart TV,TV App,False
11763,238,19,2025-04-30,117,0.94,Mobile,iOS,False
11764,1006,5,2025-04-10,75,0.62,Mobile,Web,False
11765,1055,6,2025-03-24,71,0.75,Desktop,iOS,False
11766,513,10,2024-12-13,66,0.58,Mobile,TV App,False
11767,1171,15,2025-03-20,85,0.72,Smart TV,Android,False
11768,68,17,2025-01-16,40,0.48,Mobile,iOS,False
11769,86,18,2024-10-14,90,0.64,Mobile,Web,False
11770,84,13,2025-04-28,117,0.84,Mobile,Web,True
11771,608,19,2025-04-22,87,0.7,Smart TV,TV App,False
11772,245,14,2024-12-12,92,0.71,Tablet,Web,True
11773,214,3,2024-12-10,110,0.76,Laptop,TV App,False
11774,298,1,2025-04-11,80,0.68,Mobile,Android,True
11775,763,1,2025-01-31,90,0.77,Laptop,iOS,True
11776,604,25,2024-07-12,74,0.55,Laptop,TV App,False
11777,57,21,2025-04-22,110,0.71,Mobile,Web,True
11778,734,20,2024-09-29,43,0.47,Smart TV,Android,False
11779,309,1,2025-01-27,114,0.97,Mobile,TV App,False
11780,881,25,2025-04-12,120,0.89,Mobile,Web,False
11781,1079,10,2024-08-13,66,0.58,Mobile,iOS,False
11782,1112,13,2025-04-02,105,0.75,Smart TV,iOS,False
11783,70,12,2024-10-16,76,0.75,Mobile,iOS,False
11784,757,13,2025-04-03,95,0.68,Laptop,iOS,True
11785,879,25,2024-10-14,70,0.52,Smart TV,Android,False
11786,264,10,2025-01-07,67,0.59,Laptop,iOS,False
11787,416,15,2025-04-20,108,0.91,Desktop,TV App,False
11788,611,24,2025-02-27,55,0.53,Smart TV,Android,True
11789,1041,25,2024-12-06,83,0.62,Laptop,Android,True
11790,891,23,2025-04-02,104,0.95,Laptop,Android,False
11791,561,1,2025-02-26,107,0.91,Laptop,iOS,False
11792,78,11,2025-04-16,80,0.63,Laptop,TV App,False
11793,1092,15,2025-04-01,66,0.56,Desktop,iOS,False
11794,1103,22,2025-02-13,90,0.75,Smart TV,iOS,False
11795,1013,9,2025-04-11,138,1.0,Smart TV,iOS,False
11796,772,2,2024-12-26,88,0.67,Laptop,Android,False
11797,319,19,2025-04-12,73,0.59,Mobile,Android,False
11798,73,1,2025-03-18,101,0.86,Laptop,iOS,False
11799,28,5,2024-11-08,89,0.73,Mobile,Web,False
11800,336,14,2025-03-27,100,0.77,Smart TV,Android,False
11801,1090,4,2025-02-15,83,0.77,Smart TV,Android,False
11802,1054,13,2025-03-29,134,0.96,Smart TV,Web,False
11803,416,21,2025-04-14,155,1.0,Mobile,iOS,False
11804,84,14,2025-03-06,65,0.5,Mobile,TV App,False
11805,502,5,2024-09-12,65,0.54,Smart TV,iOS,False
11806,614,11,2025-04-28,64,0.51,Laptop,Android,False
11807,624,19,2025-04-30,105,0.84,Smart TV,Web,False
11808,364,3,2025-03-31,107,0.74,Smart TV,Android,False
11809,309,3,2025-04-04,113,0.78,Mobile,TV App,True
11810,77,14,2024-11-20,89,0.69,Smart TV,Android,False
11811,82,24,2025-03-10,42,0.4,Mobile,iOS,True
11812,925,19,2025-04-27,106,0.85,Tablet,iOS,True
11813,673,6,2025-03-13,19,0.2,Mobile,TV App,False
11814,642,19,2025-04-22,106,0.85,Smart TV,TV App,False
11815,929,13,2025-04-06,107,0.77,Mobile,Android,False
11816,1061,13,2025-04-06,126,0.9,Mobile,iOS,False
11817,1099,18,2024-10-01,93,0.66,Smart TV,Android,False
11818,1084,1,2025-01-24,118,1.0,Mobile,iOS,False
11819,745,21,2025-03-28,110,0.71,Smart TV,Web,False
11820,824,21,2025-04-15,105,0.68,Tablet,Android,True
11821,912,3,2025-01-15,121,0.84,Laptop,iOS,True
11822,812,23,2025-02-15,66,0.6,Desktop,Android,False
11823,910,16,2024-11-06,98,1.0,Desktop,TV App,True
11824,401,1,2025-03-29,112,0.95,Laptop,Web,False
11825,448,5,2025-02-24,96,0.79,Laptop,Web,False
11826,452,12,2025-03-06,79,0.78,Mobile,iOS,False
11827,609,22,2025-01-07,86,0.72,Smart TV,Web,False
11828,264,25,2025-01-15,75,0.56,Desktop,Web,True
11829,559,4,2025-04-08,72,0.67,Laptop,Web,False
11830,860,15,2025-04-28,109,0.92,Mobile,Android,False
11831,1184,21,2025-04-05,94,0.61,Mobile,Web,False
11832,451,24,2025-01-05,97,0.93,Laptop,Android,False
11833,1011,8,2025-03-12,30,0.35,Mobile,Web,False
11834,1095,23,2025-02-28,52,0.48,Smart TV,Android,True
11835,760,13,2025-04-02,126,0.9,Mobile,iOS,False
11836,4,8,2025-03-01,39,0.45,Smart TV,Android,False
11837,923,21,2025-04-04,155,1.0,Mobile,TV App,False
11838,1111,1,2025-01-26,116,0.99,Smart TV,Web,False
11839,580,13,2025-03-23,86,0.62,Smart TV,Web,False
11840,82,10,2025-02-08,83,0.73,Tablet,iOS,False
11841,650,12,2024-12-05,59,0.58,Mobile,Web,False
11842,799,18,2024-10-08,97,0.69,Desktop,TV App,False
11843,724,15,2025-03-21,79,0.67,Mobile,TV App,False
11844,137,11,2025-03-26,82,0.65,Smart TV,Android,False
11845,736,15,2025-04-29,109,0.92,Mobile,Web,False
11846,152,17,2025-02-22,72,0.85,Smart TV,Android,False
11847,1189,8,2025-02-03,43,0.49,Tablet,iOS,False
11848,1172,1,2025-04-22,96,0.82,Laptop,iOS,False
11849,720,25,2025-03-15,103,0.77,Tablet,Android,False
11850,996,9,2025-04-20,103,0.75,Laptop,Android,False
11851,998,2,2024-10-18,106,0.81,Smart TV,Web,False
11852,86,24,2025-03-16,79,0.76,Smart TV,iOS,True
11853,130,22,2024-10-31,70,0.59,Smart TV,iOS,False
11854,491,1,2025-02-26,99,0.84,Tablet,Web,False
11855,348,1,2025-01-30,102,0.87,Mobile,Android,False
11856,1167,13,2025-04-28,135,0.97,Mobile,iOS,False
11857,596,8,2025-03-26,49,0.56,Mobile,iOS,False
11858,406,13,2025-04-27,88,0.63,Mobile,TV App,False
11859,141,20,2024-10-13,30,0.33,Mobile,TV App,False
11860,907,10,2025-04-27,75,0.66,Laptop,Android,False
11861,92,5,2024-11-23,92,0.76,Mobile,Android,False
11862,664,19,2025-04-24,91,0.73,Mobile,Web,False
11863,851,19,2025-04-29,111,0.89,Smart TV,iOS,False
11864,764,11,2025-02-28,100,0.79,Smart TV,Android,False
11865,1006,18,2025-01-15,88,0.62,Laptop,Android,False
11866,1120,23,2025-04-08,50,0.46,Desktop,Android,False
11867,848,3,2025-02-12,79,0.55,Mobile,Android,False
11868,59,4,2025-04-23,85,0.79,Mobile,TV App,False
11869,955,2,2025-03-26,71,0.54,Smart TV,Android,False
11870,1194,19,2025-04-13,91,0.73,Smart TV,TV App,False
11871,225,9,2025-04-22,82,0.6,Smart TV,Web,True
11872,302,17,2025-02-14,39,0.47,Laptop,TV App,True
11873,1022,14,2024-12-29,110,0.85,Mobile,TV App,False
11874,981,5,2024-09-29,74,0.61,Laptop,Android,False
11875,874,25,2025-01-01,110,0.82,Smart TV,Web,True
11876,7,10,2025-01-12,57,0.5,Smart TV,iOS,False
11877,239,1,2025-04-17,90,0.77,Tablet,Web,False
11878,828,21,2025-04-01,71,0.46,Mobile,Android,False
11879,226,15,2025-03-30,78,0.66,Tablet,Web,False
11880,1091,2,2025-03-21,100,0.76,Mobile,Android,True
11881,482,19,2025-04-30,80,0.64,Laptop,TV App,False
11882,41,25,2024-07-19,135,1.0,Smart TV,Web,False
11883,495,10,2024-08-01,74,0.65,Smart TV,Android,False
11884,258,11,2025-03-22,93,0.74,Laptop,Web,False
11885,1079,19,2025-04-15,83,0.67,Laptop,Android,False
11886,686,16,2025-04-30,85,0.87,Mobile,Web,False
11887,213,4,2025-04-16,73,0.68,Laptop,TV App,True
11888,442,4,2025-02-17,85,0.79,Tablet,Android,False
11889,663,18,2024-10-07,122,0.86,Smart TV,iOS,False
11890,738,9,2025-04-16,109,0.79,Smart TV,Web,False
11891,607,25,2025-04-22,106,0.79,Smart TV,Web,False
11892,975,2,2025-04-15,124,0.94,Tablet,TV App,True
11893,1188,25,2025-03-18,98,0.73,Smart TV,iOS,False
11894,847,20,2024-10-16,42,0.46,Smart TV,Android,False
11895,236,6,2025-03-24,30,0.32,Smart TV,Android,False
11896,466,20,2024-09-23,46,0.51,Tablet,Web,True
11897,957,19,2025-04-26,112,0.9,Smart TV,iOS,False
11898,767,3,2024-12-02,127,0.88,Laptop,TV App,True
11899,529,15,2025-03-21,91,0.77,Smart TV,TV App,False
11900,759,19,2025-04-18,87,0.7,Laptop,iOS,False
11901,379,11,2025-03-30,83,0.66,Desktop,Android,False
11902,747,11,2025-02-25,78,0.62,Laptop,iOS,False
11903,156,13,2025-04-20,95,0.68,Mobile,Web,False
11904,553,23,2025-04-20,86,0.79,Smart TV,Web,False
11905,978,3,2025-01-31,82,0.57,Mobile,iOS,False
11906,401,18,2025-01-08,113,0.8,Mobile,Android,False
11907,136,1,2025-03-13,84,0.72,Mobile,Android,False
11908,364,5,2024-09-15,100,0.82,Desktop,iOS,False
11909,914,9,2025-04-29,106,0.77,Laptop,TV App,False
11910,682,22,2025-01-18,85,0.71,Desktop,iOS,False
11911,369,22,2024-11-08,102,0.85,Mobile,TV App,False
11912,1006,16,2024-12-21,79,0.81,Tablet,iOS,False
11913,728,25,2024-07-27,118,0.88,Smart TV,iOS,False
11914,756,19,2025-04-21,101,0.81,Smart TV,iOS,False
11915,1066,4,2025-04-20,65,0.61,Smart TV,Web,False
11916,7,18,2025-02-07,95,0.67,Smart TV,Android,False
11917,1175,13,2025-03-29,103,0.74,Smart TV,Web,False
11918,663,14,2024-06-14,109,0.84,Laptop,Android,False
11919,685,11,2025-03-25,63,0.5,Mobile,iOS,True
11920,1164,2,2024-09-25,106,0.81,Smart TV,Web,False
11921,621,7,2025-02-03,64,0.72,Tablet,iOS,False
11922,577,3,2024-11-26,105,0.73,Desktop,iOS,False
11923,859,24,2025-01-26,76,0.73,Mobile,Android,False
11924,55,10,2025-01-17,69,0.6,Mobile,Web,False
11925,286,1,2025-01-16,109,0.93,Mobile,Web,False
11926,472,1,2025-01-21,115,0.98,Mobile,Web,False
11927,535,24,2025-02-27,77,0.74,Mobile,Web,False
11928,1107,5,2025-01-22,102,0.84,Desktop,Web,False
11929,1106,22,2025-01-21,64,0.54,Smart TV,Web,True
11930,409,21,2025-04-01,54,0.35,Tablet,Web,False
11931,454,5,2024-10-25,104,0.86,Mobile,Android,False
11932,483,13,2025-03-25,91,0.65,Laptop,iOS,False
11933,412,18,2025-04-20,105,0.74,Laptop,Android,False
11934,96,22,2025-01-18,103,0.86,Mobile,Web,False
11935,312,20,2024-08-27,34,0.38,Smart TV,iOS,False
11936,176,9,2025-04-30,109,0.79,Laptop,Web,False
11937,1039,24,2025-03-18,105,1.0,Smart TV,Android,False
11938,86,20,2024-10-16,59,0.65,Laptop,Android,False
11939,978,9,2025-04-06,118,0.86,Laptop,Android,False
11940,1088,2,2024-10-24,116,0.88,Mobile,Web,False
11941,657,15,2025-04-17,80,0.68,Desktop,Web,False
11942,388,19,2025-04-22,100,0.8,Laptop,Web,False
11943,51,5,2024-10-11,87,0.72,Tablet,Android,False
11944,317,6,2025-03-23,51,0.54,Tablet,Android,False
11945,408,13,2025-04-01,95,0.68,Mobile,TV App,False
11946,580,18,2025-02-06,107,0.76,Laptop,iOS,False
11947,392,24,2025-03-19,56,0.54,Smart TV,Web,False
11948,1074,23,2025-02-15,73,0.67,Mobile,TV App,False
11949,1012,1,2025-02-08,92,0.78,Mobile,Android,False
11950,787,15,2025-04-25,98,0.83,Tablet,iOS,False
11951,738,1,2025-04-09,114,0.97,Laptop,Android,False
11952,1000,15,2025-04-11,86,0.73,Mobile,Android,False
11953,821,13,2025-03-28,82,0.59,Laptop,iOS,False
11954,790,24,2025-04-14,63,0.6,Laptop,iOS,False
11955,846,7,2025-02-07,41,0.46,Laptop,iOS,False
11956,657,11,2025-03-05,58,0.46,Mobile,Android,False
11957,878,16,2025-01-07,91,0.93,Mobile,TV App,False
11958,906,13,2025-03-25,84,0.6,Smart TV,iOS,False
11959,177,14,2024-12-08,88,0.68,Mobile,Android,False
11960,434,21,2025-04-30,147,0.95,Smart TV,iOS,False
11961,314,23,2025-03-04,82,0.75,Laptop,Android,True
11962,763,2,2025-04-21,79,0.6,Smart TV,iOS,True
11963,690,9,2025-04-29,53,0.39,Smart TV,Web,False
11964,1143,1,2025-04-24,118,1.0,Laptop,Web,False
11965,1037,14,2025-04-07,70,0.54,Mobile,iOS,False
11966,606,15,2025-03-12,79,0.67,Mobile,Web,False
11967,1042,20,2024-10-19,73,0.8,Laptop,iOS,False
11968,429,7,2025-01-29,71,0.79,Mobile,iOS,False
11969,36,21,2025-03-31,148,0.96,Laptop,Web,False
11970,351,13,2025-03-28,95,0.68,Laptop,Android,False
11971,703,2,2024-12-15,91,0.69,Mobile,Web,False
11972,363,24,2025-03-10,59,0.57,Smart TV,iOS,False
11973,618,1,2025-01-18,115,0.98,Smart TV,Web,False
11974,516,21,2025-04-25,139,0.9,Smart TV,iOS,False
11975,1108,19,2025-04-21,81,0.65,Laptop,Android,False
11976,778,23,2025-03-12,102,0.93,Tablet,Android,False
11977,432,1,2025-03-08,110,0.94,Mobile,Android,False
11978,777,19,2025-04-16,106,0.85,Desktop,TV App,False
11979,1084,22,2025-02-27,94,0.79,Smart TV,Android,False
11980,137,19,2025-04-20,76,0.61,Desktop,iOS,False
11981,1114,15,2025-03-05,86,0.73,Laptop,TV App,False
11982,1025,9,2025-04-18,111,0.81,Laptop,Android,False
11983,648,10,2025-04-16,65,0.57,Laptop,iOS,False
11984,460,4,2025-02-17,65,0.61,Mobile,Web,True
11985,414,12,2024-11-14,58,0.57,Mobile,Android,False
11986,246,11,2025-02-28,91,0.72,Smart TV,iOS,False
11987,416,25,2025-01-10,76,0.57,Laptop,iOS,False
11988,923,19,2025-04-22,110,0.88,Smart TV,TV App,False
11989,605,19,2025-04-15,83,0.67,Mobile,TV App,True
11990,471,13,2025-03-18,109,0.78,Tablet,iOS,False
11991,592,4,2025-02-16,84,0.78,Smart TV,iOS,True
11992,489,24,2025-03-05,67,0.64,Desktop,iOS,False
11993,706,24,2025-01-20,67,0.64,Smart TV,Web,False
11994,1194,19,2025-04-12,80,0.64,Tablet,iOS,False
11995,327,24,2025-01-06,85,0.81,Laptop,Web,False
11996,509,20,2024-09-30,33,0.36,Laptop,iOS,True
11997,278,21,2025-03-27,113,0.73,Mobile,Web,False
11998,1111,4,2025-04-10,108,1.0,Mobile,TV App,True
11999,1146,25,2025-04-07,78,0.58,Mobile,Android,True
12000,1089,5,2024-10-10,80,0.66,Laptop,iOS,False
12001,156,11,2025-04-04,67,0.53,Smart TV,iOS,False
12002,230,21,2025-04-25,133,0.86,Mobile,TV App,True
12003,990,19,2025-04-13,78,0.63,Smart TV,Web,False
12004,261,12,2025-03-01,85,0.84,Laptop,iOS,False
12005,290,21,2025-04-28,103,0.67,Smart TV,Web,True
12006,90,23,2025-04-13,77,0.7,Smart TV,iOS,True
12007,310,9,2025-04-17,69,0.5,Smart TV,iOS,False
12008,773,20,2024-09-11,51,0.56,Mobile,Android,True
12009,579,14,2024-07-09,104,0.8,Smart TV,iOS,False
12010,536,19,2025-04-12,103,0.83,Laptop,Android,False
12011,338,1,2025-01-25,93,0.79,Laptop,iOS,True
12012,1100,14,2024-12-23,97,0.75,Smart TV,iOS,False
12013,62,7,2025-01-30,61,0.68,Tablet,Android,False
12014,855,16,2024-12-22,70,0.72,Smart TV,TV App,False
12015,1026,18,2025-02-11,124,0.88,Smart TV,iOS,False
12016,617,5,2025-03-04,107,0.88,Smart TV,iOS,False
12017,1116,14,2024-11-03,93,0.72,Laptop,Android,False
12018,690,9,2025-04-27,91,0.66,Tablet,TV App,False
12019,450,8,2025-02-20,42,0.48,Smart TV,Web,False
12020,551,11,2025-04-15,53,0.42,Smart TV,Android,True
12021,1113,3,2025-03-09,116,0.8,Smart TV,iOS,False
12022,791,23,2025-04-03,67,0.61,Smart TV,Android,False
12023,135,1,2025-03-13,109,0.93,Mobile,Android,False
12024,129,1,2025-03-26,118,1.0,Mobile,Web,False
12025,574,15,2025-04-23,44,0.37,Mobile,Android,False
12026,612,9,2025-04-20,118,0.86,Smart TV,iOS,False
12027,226,19,2025-04-25,88,0.71,Desktop,Android,False
12028,1156,21,2025-04-04,139,0.9,Laptop,Web,False
12029,575,11,2025-02-06,116,0.92,Laptop,Android,False
12030,389,17,2025-03-23,79,0.94,Smart TV,iOS,False
12031,307,21,2025-03-26,144,0.93,Smart TV,iOS,False
12032,8,19,2025-04-16,96,0.77,Smart TV,TV App,False
12033,788,19,2025-04-14,67,0.54,Mobile,Android,False
12034,1181,10,2024-12-08,67,0.59,Mobile,Web,False
12035,87,4,2025-02-21,86,0.8,Smart TV,Web,False
12036,652,9,2025-04-22,86,0.63,Mobile,Android,True
12037,252,10,2024-12-29,104,0.91,Mobile,iOS,False
12038,1115,23,2025-04-15,104,0.95,Mobile,Android,False
12039,82,1,2025-03-23,110,0.94,Smart TV,Android,True
12040,573,23,2025-02-07,106,0.97,Smart TV,iOS,False
12041,397,4,2025-04-08,87,0.81,Mobile,iOS,False
12042,1095,22,2025-04-21,69,0.58,Smart TV,Web,False
12043,96,23,2025-04-20,82,0.75,Tablet,iOS,False
12044,1084,23,2025-04-13,105,0.96,Smart TV,iOS,False
12045,1183,4,2025-04-26,70,0.65,Mobile,Web,False
12046,152,1,2025-04-04,118,1.0,Laptop,Android,False
12047,732,1,2025-01-17,118,1.0,Smart TV,Web,False
12048,953,16,2025-01-22,70,0.72,Smart TV,Android,False
12049,824,5,2024-12-11,91,0.75,Mobile,TV App,True
12050,966,8,2025-02-11,52,0.6,Laptop,Android,False
12051,23,18,2024-11-17,92,0.65,Laptop,Web,True
12052,742,24,2025-03-11,49,0.47,Smart TV,Web,False
12053,450,16,2025-03-09,83,0.85,Mobile,TV App,False
12054,515,21,2025-03-27,99,0.64,Smart TV,Web,True
12055,852,11,2025-04-30,107,0.85,Tablet,Android,False
12056,557,22,2024-11-28,82,0.69,Mobile,iOS,True
12057,206,17,2025-03-06,55,0.65,Mobile,iOS,False
12058,1088,25,2024-09-27,121,0.9,Laptop,Web,False
12059,756,24,2025-04-18,79,0.76,Mobile,iOS,False
12060,989,15,2025-04-19,104,0.88,Mobile,iOS,False
12061,931,5,2024-12-17,90,0.74,Tablet,Android,False
12062,286,21,2025-04-28,142,0.92,Mobile,iOS,True
12063,1107,9,2025-04-05,133,0.97,Smart TV,Android,True
12064,465,11,2025-04-17,100,0.79,Mobile,iOS,False
12065,313,10,2024-12-08,101,0.88,Laptop,Web,False
12066,389,22,2025-01-03,110,0.92,Laptop,Android,False
12067,678,1,2025-01-27,118,1.0,Laptop,iOS,False
12068,977,19,2025-04-13,106,0.85,Tablet,iOS,False
12069,1014,3,2025-02-17,117,0.81,Laptop,TV App,False
12070,781,21,2025-04-04,127,0.82,Laptop,Web,False
12071,1085,17,2025-02-22,61,0.72,Mobile,iOS,False
12072,900,11,2025-02-17,109,0.86,Mobile,iOS,False
12073,354,1,2025-04-07,108,0.92,Tablet,Android,False
12074,722,5,2025-01-27,91,0.75,Laptop,Web,False
12075,371,19,2025-04-19,77,0.62,Smart TV,Web,False
12076,273,25,2025-01-30,85,0.63,Mobile,Android,False
12077,1029,15,2025-04-14,91,0.77,Smart TV,iOS,False
12078,138,8,2025-02-12,36,0.41,Tablet,Web,False
12079,335,3,2025-04-22,100,0.69,Mobile,Web,False
12080,278,3,2025-04-30,121,0.84,Smart TV,Android,False
12081,533,9,2025-04-13,86,0.63,Mobile,Web,False
12082,420,16,2024-12-01,93,0.95,Desktop,Android,False
12083,872,16,2025-02-26,85,0.87,Tablet,Web,True
12084,698,2,2024-12-02,64,0.49,Smart TV,Web,False
12085,503,5,2024-11-24,82,0.68,Laptop,TV App,True
12086,960,15,2025-04-20,99,0.84,Desktop,Web,False
12087,44,13,2025-03-24,120,0.86,Mobile,Web,False
12088,205,11,2025-04-17,69,0.55,Mobile,Web,False
12089,695,9,2025-04-20,88,0.64,Smart TV,TV App,True
12090,1065,18,2024-11-21,88,0.62,Mobile,TV App,True
12091,587,2,2024-08-10,101,0.77,Smart TV,Android,False
12092,1058,1,2025-01-21,86,0.73,Smart TV,Web,False
12093,532,20,2024-09-11,35,0.39,Smart TV,Android,True
12094,1055,12,2025-02-04,74,0.73,Mobile,iOS,True
12095,428,1,2025-03-30,96,0.82,Laptop,iOS,False
12096,212,5,2025-03-30,59,0.49,Mobile,Web,False
12097,122,1,2025-04-12,101,0.86,Laptop,iOS,False
12098,682,23,2025-03-31,69,0.63,Mobile,Android,False
12099,1087,1,2025-04-02,116,0.99,Mobile,iOS,False
12100,1170,11,2025-02-17,69,0.55,Mobile,iOS,False
12101,262,12,2025-03-30,64,0.63,Smart TV,iOS,False
12102,441,14,2025-02-11,88,0.68,Smart TV,Web,False
12103,710,13,2025-03-23,130,0.93,Mobile,Web,False
12104,1193,11,2025-03-17,95,0.75,Tablet,TV App,False
12105,139,13,2025-04-09,140,1.0,Laptop,TV App,False
12106,705,25,2024-11-07,97,0.72,Laptop,iOS,False
12107,284,3,2025-02-25,94,0.65,Laptop,iOS,False
12108,1119,8,2025-02-25,28,0.32,Mobile,iOS,False
12109,372,5,2025-04-24,85,0.7,Mobile,TV App,False
12110,139,9,2025-04-21,99,0.72,Mobile,Web,False
12111,672,1,2025-02-28,113,0.96,Laptop,iOS,True
12112,876,18,2025-03-14,105,0.74,Smart TV,Android,False
12113,1048,11,2025-02-26,72,0.57,Mobile,Android,False
12114,556,5,2025-01-10,120,0.99,Mobile,iOS,True
12115,276,12,2025-04-08,55,0.54,Smart TV,iOS,False
12116,1069,4,2025-04-03,44,0.41,Smart TV,TV App,False
12117,858,10,2024-08-11,73,0.64,Smart TV,Web,False
12118,159,18,2024-12-17,122,0.86,Laptop,Android,True
12119,300,3,2025-01-20,85,0.59,Laptop,iOS,False
12120,29,11,2025-01-30,69,0.55,Tablet,Web,False
12121,763,13,2025-04-12,96,0.69,Laptop,Android,False
12122,1085,21,2025-04-14,127,0.82,Smart TV,iOS,False
12123,247,11,2025-03-25,78,0.62,Smart TV,Android,False
12124,1036,23,2025-02-13,74,0.68,Laptop,Android,False
12125,55,18,2025-04-30,73,0.52,Mobile,Android,True
12126,185,24,2025-01-20,64,0.61,Mobile,TV App,False
12127,973,13,2025-04-07,88,0.63,Smart TV,TV App,False
12128,95,19,2025-04-23,105,0.84,Mobile,Web,False
12129,1110,11,2025-04-28,127,1.0,Mobile,Web,False
12130,1055,24,2025-03-26,70,0.67,Smart TV,Web,False
12131,5,9,2025-04-29,92,0.67,Mobile,iOS,False
12132,441,1,2025-03-11,109,0.93,Mobile,iOS,True
12133,578,19,2025-04-29,88,0.71,Mobile,Web,False
12134,127,21,2025-04-02,145,0.94,Desktop,iOS,False
12135,899,21,2025-03-30,97,0.63,Smart TV,Web,False
12136,416,9,2025-04-22,115,0.84,Laptop,Android,False
12137,952,20,2024-08-21,54,0.59,Laptop,Web,False
12138,574,9,2025-04-26,131,0.95,Mobile,Android,False
12139,442,9,2025-04-24,100,0.73,Mobile,Web,False
12140,186,10,2024-11-24,54,0.47,Mobile,Web,False
12141,93,13,2025-04-19,42,0.3,Laptop,Android,False
12142,881,25,2024-09-23,135,1.0,Tablet,Android,False
12143,223,24,2025-01-07,64,0.61,Mobile,Web,False
12144,520,2,2024-12-31,87,0.66,Smart TV,Android,False
12145,191,19,2025-04-28,83,0.67,Laptop,Android,True
12146,563,25,2024-10-10,81,0.6,Smart TV,Web,False
12147,60,1,2025-03-12,118,1.0,Laptop,TV App,False
12148,1003,10,2025-04-18,93,0.81,Smart TV,Android,False
12149,1033,15,2025-04-13,113,0.95,Smart TV,Android,False
12150,1200,11,2025-04-15,93,0.74,Tablet,iOS,False
12151,222,22,2024-11-17,90,0.75,Laptop,Android,False
12152,245,1,2025-02-26,118,1.0,Mobile,Web,True
12153,426,5,2025-04-12,84,0.69,Laptop,iOS,False
12154,1130,1,2025-02-09,92,0.78,Mobile,Web,False
12155,91,9,2025-04-10,96,0.7,Tablet,iOS,False
12156,1139,13,2025-03-29,91,0.65,Mobile,Web,False
12157,194,5,2025-01-09,96,0.79,Desktop,Web,False
12158,523,3,2024-12-23,71,0.49,Mobile,iOS,False
12159,92,15,2025-03-27,110,0.93,Mobile,Android,False
12160,452,9,2025-04-19,104,0.76,Smart TV,Android,False
12161,406,13,2025-04-09,86,0.62,Mobile,Android,False
12162,315,16,2025-04-10,83,0.85,Mobile,Web,False
12163,1042,21,2025-04-03,96,0.62,Laptop,iOS,False
12164,452,21,2025-04-27,116,0.75,Mobile,Android,False
12165,361,1,2025-03-14,100,0.85,Tablet,iOS,True
12166,372,8,2025-02-17,25,0.29,Laptop,iOS,False
12167,723,21,2025-03-26,125,0.81,Laptop,Web,False
12168,706,3,2024-12-28,134,0.93,Desktop,Web,True
12169,367,19,2025-04-16,125,1.0,Desktop,iOS,False
12170,223,1,2025-01-28,103,0.88,Mobile,Android,False
12171,826,5,2025-01-13,85,0.7,Smart TV,Web,False
12172,1056,21,2025-03-27,74,0.48,Laptop,TV App,False
12173,1154,11,2025-03-30,92,0.73,Mobile,TV App,False
12174,409,15,2025-03-13,104,0.88,Laptop,TV App,True
12175,99,11,2025-04-13,120,0.95,Smart TV,iOS,False
12176,242,5,2025-01-24,58,0.48,Smart TV,Web,False
12177,232,11,2025-02-12,82,0.65,Smart TV,Android,False
12178,467,21,2025-04-14,108,0.7,Smart TV,TV App,False
12179,137,6,2025-03-08,17,0.18,Smart TV,Web,False
12180,74,24,2025-01-28,75,0.72,Mobile,iOS,False
12181,1039,25,2024-07-15,44,0.33,Smart TV,iOS,False
12182,686,12,2025-03-31,84,0.83,Mobile,Web,False
12183,747,24,2025-04-12,63,0.6,Laptop,TV App,False
12184,196,11,2025-03-01,71,0.56,Mobile,Android,False
12185,876,1,2025-04-10,107,0.91,Mobile,Web,False
12186,78,5,2025-04-23,85,0.7,Smart TV,TV App,False
12187,668,17,2025-04-20,63,0.75,Laptop,iOS,False
12188,787,10,2025-04-24,69,0.6,Mobile,Android,False
12189,333,16,2025-01-03,68,0.7,Smart TV,TV App,False
12190,1006,15,2025-03-14,72,0.61,Mobile,iOS,False
12191,391,1,2025-01-28,82,0.7,Laptop,iOS,True
12192,547,4,2025-02-21,81,0.75,Tablet,Web,False
12193,134,24,2025-04-19,73,0.7,Tablet,TV App,False
12194,682,13,2025-04-10,81,0.58,Smart TV,Android,False
12195,1083,15,2025-03-25,67,0.57,Smart TV,Web,True
12196,1150,1,2025-01-17,107,0.91,Smart TV,TV App,False
12197,408,18,2024-11-30,130,0.92,Laptop,iOS,True
12198,205,1,2025-04-19,113,0.96,Smart TV,iOS,False
12199,279,5,2025-02-05,106,0.87,Laptop,Android,True
12200,432,4,2025-03-31,45,0.42,Mobile,Web,False
12201,669,22,2025-02-16,80,0.67,Smart TV,Web,True
12202,1186,25,2025-03-01,85,0.63,Desktop,Web,False
12203,1127,21,2025-04-29,86,0.56,Mobile,TV App,False
12204,665,4,2025-04-19,85,0.79,Mobile,iOS,False
12205,205,23,2025-03-04,83,0.76,Smart TV,Web,False
12206,145,3,2024-11-26,123,0.85,Mobile,iOS,False
12207,419,13,2025-03-27,112,0.8,Smart TV,Android,False
12208,232,4,2025-04-15,98,0.91,Smart TV,Web,False
12209,537,21,2025-04-13,99,0.64,Smart TV,Android,False
12210,521,7,2025-01-27,80,0.89,Mobile,iOS,False
12211,1149,24,2025-02-24,86,0.82,Mobile,iOS,False
12212,123,13,2025-03-27,119,0.85,Mobile,Web,False
12213,840,1,2025-02-22,83,0.71,Smart TV,TV App,False
12214,639,1,2025-01-21,105,0.89,Laptop,iOS,False
12215,292,19,2025-04-24,92,0.74,Laptop,Web,False
12216,825,7,2025-01-11,72,0.8,Mobile,Web,False
12217,904,14,2024-10-02,71,0.55,Smart TV,Android,False
12218,1085,25,2024-08-08,90,0.67,Smart TV,iOS,False
12219,1033,7,2024-12-17,57,0.64,Mobile,Android,False
12220,54,21,2025-04-17,116,0.75,Smart TV,iOS,False
12221,176,3,2025-02-07,107,0.74,Smart TV,Web,False
12222,390,6,2025-04-08,65,0.69,Smart TV,Android,False
12223,401,5,2024-10-15,63,0.52,Laptop,iOS,False
12224,933,24,2025-04-17,71,0.68,Laptop,iOS,False
12225,504,14,2025-02-21,107,0.83,Laptop,iOS,False
12226,669,1,2025-01-19,94,0.8,Smart TV,Android,False
12227,509,10,2025-04-07,79,0.69,Laptop,Android,False
12228,118,24,2025-03-21,63,0.6,Laptop,Android,False
12229,1037,5,2025-02-17,85,0.7,Mobile,iOS,True
12230,1124,14,2025-01-30,71,0.55,Mobile,iOS,False
12231,73,23,2025-02-09,74,0.68,Mobile,Android,False
12232,62,4,2025-04-29,89,0.83,Smart TV,iOS,True
12233,18,1,2025-01-19,93,0.79,Smart TV,Web,True
12234,135,22,2025-01-20,116,0.97,Tablet,Web,False
12235,167,21,2025-04-10,155,1.0,Mobile,Web,False
12236,912,23,2025-04-27,89,0.81,Tablet,Android,False
12237,799,9,2025-04-09,88,0.64,Laptop,Web,True
12238,584,18,2025-01-13,126,0.89,Mobile,Web,False
12239,392,12,2025-04-07,89,0.88,Laptop,iOS,False
12240,1095,24,2025-01-10,72,0.69,Laptop,Web,False
12241,626,10,2024-11-24,104,0.91,Mobile,Android,False
12242,6,7,2025-01-12,41,0.46,Smart TV,iOS,False
12243,699,19,2025-04-25,101,0.81,Laptop,iOS,True
12244,242,1,2025-03-31,102,0.87,Laptop,iOS,False
12245,1084,2,2024-11-21,106,0.81,Mobile,TV App,False
12246,100,13,2025-04-17,81,0.58,Tablet,Web,False
12247,998,19,2025-04-26,80,0.64,Smart TV,Web,False
12248,945,3,2025-02-21,100,0.69,Laptop,iOS,False
12249,694,13,2025-04-27,119,0.85,Desktop,TV App,False
12250,414,14,2024-08-13,65,0.5,Smart TV,Web,False
12251,79,3,2025-02-06,123,0.85,Mobile,TV App,False
12252,845,13,2025-04-15,123,0.88,Laptop,Android,False
12253,338,1,2025-04-08,99,0.84,Laptop,iOS,False
12254,648,22,2025-04-30,74,0.62,Tablet,Web,False
12255,579,20,2024-10-17,76,0.83,Smart TV,Web,False
12256,538,1,2025-04-11,105,0.89,Laptop,iOS,False
12257,348,5,2024-10-11,75,0.62,Laptop,iOS,False
12258,433,5,2024-09-25,89,0.73,Smart TV,iOS,False
12259,15,15,2025-03-17,71,0.6,Mobile,TV App,False
12260,677,23,2025-03-30,85,0.78,Tablet,iOS,False
12261,938,4,2025-03-24,75,0.7,Mobile,Web,False
12262,198,11,2025-03-10,115,0.91,Mobile,Web,False
12263,1017,21,2025-04-04,93,0.6,Smart TV,Web,False
12264,720,24,2024-12-21,78,0.75,Smart TV,iOS,False
12265,890,13,2025-04-17,140,1.0,Smart TV,Web,True
12266,638,6,2025-04-12,48,0.51,Mobile,Web,False
12267,1034,19,2025-04-27,93,0.75,Desktop,iOS,False
12268,1146,14,2025-04-03,104,0.8,Tablet,iOS,False
12269,1122,23,2025-04-14,83,0.76,Laptop,Web,False
12270,55,13,2025-03-20,93,0.67,Mobile,Web,False
12271,284,13,2025-04-22,103,0.74,Tablet,iOS,False
12272,326,11,2025-02-23,60,0.48,Mobile,TV App,False
12273,1136,19,2025-04-26,118,0.95,Mobile,iOS,False
12274,529,8,2025-02-06,36,0.42,Laptop,Android,False
12275,318,6,2025-03-14,20,0.22,Smart TV,Android,False
12276,98,9,2025-04-15,133,0.97,Tablet,Web,False
12277,258,18,2025-01-31,97,0.69,Tablet,iOS,False
12278,364,10,2024-11-24,98,0.86,Smart TV,iOS,False
12279,733,14,2025-04-30,89,0.69,Laptop,Web,False
12280,852,9,2025-04-20,118,0.86,Smart TV,iOS,True
12281,312,18,2024-11-22,103,0.73,Laptop,Android,False
12282,573,6,2025-03-07,64,0.68,Tablet,Web,False
12283,576,2,2024-09-20,76,0.58,Mobile,Android,False
12284,342,20,2024-08-24,69,0.76,Laptop,Android,False
12285,635,21,2025-04-22,120,0.78,Smart TV,Android,False
12286,126,11,2025-04-15,101,0.8,Smart TV,iOS,False
12287,191,19,2025-04-22,116,0.93,Laptop,iOS,False
12288,248,12,2025-01-16,87,0.86,Smart TV,Android,False
12289,292,10,2024-08-24,88,0.77,Mobile,Android,False
12290,219,25,2024-11-13,87,0.65,Smart TV,iOS,False
12291,521,9,2025-04-14,104,0.76,Smart TV,iOS,False
12292,531,19,2025-04-22,110,0.88,Smart TV,Web,False
12293,601,25,2025-02-17,106,0.79,Smart TV,iOS,False
12294,167,19,2025-04-22,92,0.74,Smart TV,Android,False
12295,756,12,2024-11-16,59,0.58,Smart TV,Web,False
12296,84,11,2025-04-05,96,0.76,Laptop,Web,True
12297,819,20,2024-09-23,62,0.68,Laptop,Web,False
12298,67,18,2024-11-16,97,0.69,Tablet,iOS,False
12299,1132,14,2024-11-12,79,0.61,Smart TV,Android,False
12300,494,9,2025-04-21,111,0.81,Mobile,Web,False
12301,870,6,2025-03-08,18,0.19,Smart TV,iOS,True
12302,411,3,2025-01-25,71,0.49,Smart TV,iOS,True
12303,1081,13,2025-03-24,106,0.76,Tablet,Android,False
12304,352,1,2025-03-25,106,0.9,Smart TV,Web,False
12305,464,20,2024-09-10,42,0.46,Smart TV,Web,False
12306,913,11,2025-02-21,88,0.7,Smart TV,iOS,False
12307,183,19,2025-04-19,91,0.73,Tablet,Web,False
12308,551,21,2025-03-27,136,0.88,Mobile,Web,False
12309,986,23,2025-04-05,95,0.87,Tablet,iOS,False
12310,755,15,2025-04-05,53,0.45,Laptop,TV App,False
12311,84,15,2025-03-15,69,0.58,Smart TV,Web,False
12312,879,25,2025-03-25,93,0.69,Mobile,Android,False
12313,592,3,2025-02-25,124,0.86,Laptop,TV App,False
12314,62,12,2025-04-16,62,0.61,Smart TV,Android,False
12315,128,5,2025-03-05,86,0.71,Mobile,TV App,False
12316,190,4,2025-03-19,64,0.6,Desktop,Web,False
12317,604,25,2025-03-18,109,0.81,Mobile,Web,False
12318,169,25,2024-07-05,90,0.67,Mobile,iOS,False
12319,916,9,2025-04-13,97,0.71,Desktop,Web,True
12320,1181,15,2025-04-01,119,1.0,Laptop,iOS,True
12321,900,19,2025-04-20,75,0.6,Mobile,Android,False
12322,318,5,2024-09-16,89,0.73,Smart TV,Web,False
12323,472,11,2025-03-26,80,0.63,Mobile,Android,True
12324,752,4,2025-03-04,71,0.66,Laptop,Web,False
12325,469,21,2025-04-07,130,0.84,Mobile,Android,False
12326,975,11,2025-02-13,60,0.48,Laptop,Web,False
12327,200,11,2025-04-27,106,0.84,Mobile,Android,False
12328,1091,21,2025-04-10,100,0.65,Mobile,iOS,False
12329,241,22,2025-02-03,81,0.68,Mobile,Android,False
12330,340,1,2025-04-18,99,0.84,Mobile,Android,False
12331,1190,11,2025-02-25,60,0.48,Mobile,iOS,False
12332,984,9,2025-04-24,121,0.88,Laptop,iOS,False
12333,581,25,2024-12-01,110,0.82,Mobile,Android,False
12334,629,5,2025-03-27,64,0.53,Smart TV,iOS,False
12335,652,14,2024-08-20,45,0.35,Tablet,Web,False
12336,907,3,2025-02-25,92,0.64,Smart TV,Android,True
12337,418,2,2024-12-07,76,0.58,Tablet,Web,False
12338,1055,25,2024-11-20,120,0.89,Smart TV,iOS,False
12339,9,11,2025-04-09,78,0.62,Mobile,Android,False
12340,152,1,2025-04-12,116,0.99,Smart TV,Web,False
12341,710,7,2024-12-18,72,0.81,Mobile,TV App,True
12342,316,1,2025-01-26,110,0.94,Smart TV,Web,False
12343,742,24,2025-02-04,78,0.75,Laptop,Android,False
12344,936,15,2025-03-06,80,0.68,Mobile,Web,False
12345,395,9,2025-04-14,78,0.57,Laptop,Web,True
12346,687,3,2024-11-24,120,0.83,Laptop,TV App,False
12347,1178,19,2025-04-28,81,0.65,Laptop,iOS,False
12348,550,25,2024-10-01,112,0.83,Smart TV,Web,False
12349,538,12,2024-11-21,72,0.71,Smart TV,iOS,False
12350,983,21,2025-04-05,155,1.0,Smart TV,Android,True
12351,548,3,2025-04-12,111,0.77,Smart TV,iOS,False
12352,1115,21,2025-04-02,124,0.8,Tablet,Web,False
12353,730,1,2025-03-02,97,0.83,Mobile,iOS,False
12354,1113,14,2024-09-10,79,0.61,Smart TV,Android,False
12355,101,11,2025-02-06,71,0.56,Smart TV,iOS,False
12356,1174,9,2025-04-16,92,0.67,Smart TV,iOS,False
12357,625,11,2025-02-09,91,0.72,Smart TV,Android,False
12358,139,11,2025-02-06,85,0.67,Desktop,TV App,True
12359,654,12,2025-03-09,89,0.88,Smart TV,TV App,False
12360,1135,23,2025-04-05,82,0.75,Laptop,iOS,True
12361,822,10,2025-02-12,70,0.61,Laptop,iOS,False
12362,685,18,2025-01-14,92,0.65,Smart TV,TV App,False
12363,8,9,2025-04-13,113,0.82,Mobile,Android,False
12364,307,9,2025-04-15,107,0.78,Mobile,Web,False
12365,986,1,2025-01-19,105,0.89,Mobile,TV App,False
12366,614,19,2025-04-22,100,0.8,Mobile,Android,False
12367,367,15,2025-04-01,59,0.5,Mobile,iOS,False
12368,314,22,2025-03-16,75,0.63,Mobile,Web,False
12369,196,8,2025-02-14,45,0.52,Laptop,Web,False
12370,595,19,2025-04-21,93,0.75,Mobile,Web,True
12371,278,2,2024-09-14,101,0.77,Mobile,Web,True
12372,1059,5,2024-09-25,63,0.52,Desktop,Android,False
12373,1010,18,2025-02-27,88,0.62,Smart TV,Web,False
12374,176,16,2025-03-19,78,0.8,Laptop,Android,False
12375,354,13,2025-03-31,140,1.0,Desktop,Web,False
12376,868,16,2024-12-10,82,0.84,Tablet,Web,True
12377,255,22,2025-03-18,78,0.65,Smart TV,Web,False
12378,100,6,2025-03-06,45,0.48,Laptop,Web,False
12379,778,12,2025-01-25,77,0.76,Tablet,iOS,False
12380,306,5,2024-11-24,79,0.65,Smart TV,iOS,False
12381,109,13,2025-03-24,113,0.81,Mobile,Android,False
12382,1038,15,2025-04-11,119,1.0,Mobile,Android,False
12383,480,11,2025-02-09,120,0.95,Smart TV,TV App,False
12384,876,5,2024-11-12,73,0.6,Smart TV,Web,False
12385,876,4,2025-03-05,108,1.0,Smart TV,iOS,False
12386,164,16,2024-11-22,53,0.55,Smart TV,iOS,False
12387,1037,21,2025-04-20,106,0.69,Laptop,Web,False
12388,579,3,2025-03-29,59,0.41,Smart TV,Web,False
12389,52,3,2025-01-17,79,0.55,Smart TV,Web,False
12390,228,13,2025-03-26,91,0.65,Tablet,Android,False
12391,892,1,2025-01-20,114,0.97,Mobile,Android,False
12392,1198,19,2025-04-26,75,0.6,Desktop,TV App,False
12393,523,1,2025-04-04,106,0.9,Smart TV,TV App,False
12394,197,1,2025-03-13,94,0.8,Laptop,Web,False
12395,661,2,2024-09-04,105,0.8,Mobile,iOS,False
12396,1039,23,2025-03-25,64,0.59,Smart TV,Web,False
12397,1095,4,2025-03-29,108,1.0,Smart TV,iOS,True
12398,471,8,2025-03-29,18,0.21,Smart TV,Android,False
12399,979,1,2025-01-22,114,0.97,Laptop,iOS,False
12400,491,15,2025-04-24,74,0.63,Mobile,Web,False
12401,184,23,2025-03-04,67,0.61,Laptop,Web,False
12402,844,22,2025-02-01,80,0.67,Smart TV,iOS,False
12403,478,8,2025-03-08,31,0.36,Mobile,Android,False
12404,702,25,2024-12-28,74,0.55,Desktop,Web,False
12405,140,1,2025-01-30,110,0.94,Smart TV,Android,False
12406,998,13,2025-03-30,70,0.5,Mobile,Web,False
12407,185,24,2025-03-23,85,0.81,Mobile,Android,False
12408,194,14,2025-02-02,50,0.39,Tablet,TV App,True
12409,415,9,2025-04-22,92,0.67,Tablet,Android,False
12410,1147,15,2025-04-13,119,1.0,Tablet,Android,False
12411,851,12,2025-01-15,78,0.77,Smart TV,TV App,False
12412,1087,20,2024-10-04,37,0.41,Mobile,Web,True
12413,690,18,2025-01-29,126,0.89,Mobile,TV App,False
12414,1005,2,2024-10-10,91,0.69,Mobile,iOS,False
12415,458,25,2025-02-17,74,0.55,Laptop,Web,False
12416,880,11,2025-01-31,87,0.69,Mobile,Web,False
12417,462,11,2025-02-27,97,0.77,Smart TV,TV App,False
12418,146,22,2024-12-02,112,0.94,Laptop,iOS,True
12419,1057,4,2025-04-09,82,0.76,Smart TV,iOS,False
12420,128,4,2025-04-27,43,0.4,Laptop,iOS,False
12421,1000,23,2025-03-12,102,0.93,Laptop,Web,False
12422,515,2,2024-09-27,84,0.64,Smart TV,Web,False
12423,374,12,2024-12-08,69,0.68,Desktop,iOS,False
12424,1151,19,2025-04-22,87,0.7,Smart TV,Android,True
12425,406,8,2025-02-14,43,0.49,Laptop,Web,True
12426,589,10,2024-11-05,115,1.0,Mobile,Android,False
12427,89,7,2025-01-15,62,0.7,Smart TV,TV App,False
12428,895,2,2025-01-12,114,0.87,Mobile,iOS,False
12429,1148,4,2025-02-18,78,0.73,Smart TV,iOS,False
12430,225,11,2025-03-13,114,0.9,Laptop,Android,True
12431,403,5,2024-10-09,75,0.62,Mobile,iOS,False
12432,108,5,2024-11-01,76,0.63,Laptop,Android,False
12433,284,4,2025-03-02,65,0.61,Tablet,Web,False
12434,1051,23,2025-04-02,61,0.56,Smart TV,TV App,True
12435,198,19,2025-04-24,77,0.62,Tablet,iOS,False
12436,1100,18,2025-02-01,100,0.71,Laptop,Android,False
12437,1136,1,2025-04-09,95,0.81,Desktop,Android,False
12438,398,18,2025-01-05,66,0.47,Smart TV,iOS,False
12439,578,22,2024-12-21,96,0.8,Smart TV,TV App,False
12440,511,1,2025-02-16,113,0.96,Laptop,Web,False
12441,241,6,2025-04-02,28,0.3,Mobile,Android,False
12442,649,14,2024-12-20,130,1.0,Smart TV,Android,False
12443,136,23,2025-02-20,58,0.53,Mobile,TV App,False
12444,527,16,2025-01-14,65,0.67,Smart TV,TV App,False
12445,171,1,2025-01-17,112,0.95,Laptop,TV App,True
12446,1060,15,2025-02-28,119,1.0,Laptop,Android,False
12447,92,13,2025-04-27,124,0.89,Desktop,Web,False
12448,643,4,2025-02-26,84,0.78,Mobile,Android,False
12449,1155,19,2025-04-22,118,0.95,Laptop,Android,False
12450,525,9,2025-04-29,80,0.58,Smart TV,iOS,False
12451,239,7,2025-02-03,35,0.39,Tablet,Web,False
12452,1118,24,2025-02-13,99,0.95,Desktop,iOS,False
12453,562,19,2025-04-16,102,0.82,Mobile,Android,False
12454,402,12,2025-01-07,71,0.7,Laptop,TV App,False
12455,140,23,2025-04-23,97,0.89,Tablet,iOS,False
12456,442,13,2025-03-25,102,0.73,Laptop,Android,False
12457,79,15,2025-04-03,119,1.0,Mobile,Web,False
12458,1133,24,2025-01-29,77,0.74,Mobile,Android,True
12459,125,21,2025-04-30,128,0.83,Smart TV,iOS,False
12460,281,1,2025-01-31,113,0.96,Smart TV,Android,False
12461,860,1,2025-01-18,96,0.82,Desktop,iOS,False
12462,410,25,2024-11-20,78,0.58,Mobile,iOS,True
12463,640,19,2025-04-17,72,0.58,Tablet,iOS,False
12464,774,4,2025-03-18,83,0.77,Smart TV,TV App,False
12465,279,9,2025-04-26,138,1.0,Smart TV,TV App,False
12466,92,5,2025-02-12,96,0.79,Mobile,Web,False
12467,571,3,2024-12-26,118,0.82,Mobile,TV App,True
12468,934,21,2025-04-06,128,0.83,Laptop,Web,False
12469,912,5,2025-03-14,98,0.81,Laptop,Web,False
12470,798,14,2024-08-23,106,0.82,Smart TV,Android,False
12471,364,5,2025-01-08,71,0.59,Mobile,iOS,False
12472,570,19,2025-04-17,117,0.94,Mobile,Web,False
12473,873,9,2025-04-26,77,0.56,Smart TV,iOS,True
12474,278,6,2025-04-21,41,0.44,Smart TV,TV App,False
12475,1108,11,2025-03-31,85,0.67,Tablet,iOS,True
12476,1031,23,2025-02-17,75,0.69,Smart TV,Web,False
12477,609,3,2024-11-28,108,0.75,Smart TV,Web,False
12478,1115,25,2024-08-23,126,0.94,Laptop,TV App,False
12479,677,25,2024-10-23,97,0.72,Mobile,Android,False
12480,962,4,2025-04-16,72,0.67,Mobile,Web,False
12481,545,1,2025-01-19,115,0.98,Laptop,Android,False
12482,485,11,2025-04-10,90,0.71,Desktop,Android,False
12483,1038,19,2025-04-17,75,0.6,Smart TV,Android,False
12484,212,5,2025-02-01,107,0.88,Tablet,Web,False
12485,549,23,2025-03-22,52,0.48,Mobile,iOS,False
12486,372,16,2025-03-13,52,0.54,Laptop,Android,False
12487,1038,25,2024-07-16,110,0.82,Mobile,iOS,True
12488,473,13,2025-04-23,135,0.97,Tablet,TV App,False
12489,290,1,2025-01-24,101,0.86,Mobile,Android,False
12490,1078,10,2024-07-23,72,0.63,Laptop,Web,False
12491,1089,3,2024-12-01,98,0.68,Smart TV,Android,True
12492,949,13,2025-03-25,120,0.86,Smart TV,Android,False
12493,46,19,2025-04-20,82,0.66,Mobile,Web,False
12494,329,9,2025-04-18,109,0.79,Smart TV,Android,False
12495,872,1,2025-02-24,103,0.88,Laptop,Web,False
12496,412,21,2025-04-09,131,0.85,Smart TV,Web,False
12497,1106,2,2024-12-01,102,0.78,Mobile,TV App,False
12498,269,15,2025-02-28,92,0.78,Smart TV,TV App,False
12499,752,11,2025-04-06,105,0.83,Desktop,iOS,False
12500,326,23,2025-02-27,103,0.94,Mobile,TV App,True
12501,515,22,2025-01-12,55,0.46,Mobile,iOS,False
12502,331,16,2024-12-18,71,0.73,Laptop,Web,False
12503,1155,18,2025-03-06,126,0.89,Smart TV,iOS,False
12504,191,9,2025-04-27,92,0.67,Mobile,Web,True
12505,479,1,2025-02-03,112,0.95,Desktop,Web,True
12506,225,13,2025-04-17,131,0.94,Laptop,Web,False
12507,243,4,2025-04-15,99,0.92,Laptop,iOS,True
12508,788,10,2025-04-28,81,0.71,Smart TV,Android,False
12509,1077,3,2025-01-01,56,0.39,Laptop,TV App,False
12510,153,9,2025-04-06,113,0.82,Desktop,Android,False
12511,245,5,2024-09-24,84,0.69,Smart TV,Android,False
12512,987,5,2024-10-24,118,0.97,Laptop,Web,True
12513,383,23,2025-02-08,73,0.67,Laptop,iOS,False
12514,911,11,2025-03-09,104,0.82,Tablet,iOS,False
12515,1190,20,2024-09-12,49,0.54,Smart TV,iOS,False
12516,864,11,2025-03-17,104,0.82,Mobile,Android,False
12517,715,7,2025-01-29,37,0.42,Mobile,Web,False
12518,245,10,2025-03-02,85,0.74,Smart TV,Web,True
12519,1089,10,2024-12-23,115,1.0,Tablet,Android,False
12520,1083,23,2025-03-06,79,0.72,Laptop,iOS,False
12521,92,11,2025-02-07,81,0.64,Laptop,Web,False
12522,991,1,2025-04-02,97,0.83,Laptop,iOS,False
12523,565,19,2025-04-20,110,0.88,Mobile,TV App,False
12524,70,1,2025-01-22,82,0.7,Laptop,iOS,True
12525,200,18,2025-02-20,110,0.78,Smart TV,iOS,False
12526,710,13,2025-04-22,113,0.81,Laptop,iOS,False
12527,580,7,2024-12-25,69,0.77,Laptop,Android,False
12528,899,6,2025-04-04,67,0.71,Smart TV,iOS,False
12529,1154,15,2025-03-25,74,0.63,Mobile,TV App,False
12530,354,15,2025-04-12,85,0.72,Tablet,Web,False
12531,399,4,2025-03-09,69,0.64,Mobile,iOS,False
12532,859,16,2025-01-12,97,0.99,Desktop,Web,False
12533,1170,1,2025-04-24,102,0.87,Smart TV,TV App,False
12534,1170,2,2024-08-27,108,0.82,Mobile,Android,False
12535,1118,13,2025-03-27,113,0.81,Tablet,Android,True
12536,1058,14,2025-02-23,91,0.7,Mobile,Android,False
12537,772,11,2025-02-06,90,0.71,Smart TV,TV App,True
12538,860,12,2025-04-10,86,0.85,Mobile,Android,False
12539,89,11,2025-03-04,73,0.58,Laptop,iOS,True
12540,65,10,2024-09-09,48,0.42,Mobile,Web,False
12541,905,17,2025-03-22,61,0.72,Mobile,Web,False
12542,1136,3,2025-01-27,69,0.48,Smart TV,TV App,False
12543,1189,1,2025-01-15,88,0.75,Smart TV,Web,False
12544,518,9,2025-04-10,135,0.98,Smart TV,iOS,True
12545,914,1,2025-01-25,68,0.58,Smart TV,Android,False
12546,635,22,2024-12-08,82,0.69,Smart TV,iOS,False
12547,1189,11,2025-02-08,118,0.93,Desktop,iOS,False
12548,147,22,2024-12-03,85,0.71,Smart TV,Web,True
12549,1112,4,2025-04-20,90,0.84,Laptop,TV App,False
12550,323,13,2025-04-19,102,0.73,Mobile,iOS,False
12551,37,4,2025-04-17,85,0.79,Laptop,Android,False
12552,1122,9,2025-04-20,64,0.47,Laptop,Web,False
12553,80,22,2024-11-03,67,0.56,Mobile,TV App,False
12554,989,15,2025-03-27,91,0.77,Smart TV,Android,False
12555,787,9,2025-04-13,74,0.54,Mobile,Android,False
12556,735,20,2024-09-30,53,0.58,Smart TV,Android,False
12557,991,6,2025-03-12,36,0.38,Desktop,Web,False
12558,434,25,2025-04-12,87,0.65,Mobile,Android,False
12559,899,21,2025-04-18,97,0.63,Smart TV,iOS,False
12560,863,17,2025-01-25,43,0.51,Smart TV,TV App,True
12561,449,22,2024-12-10,69,0.58,Tablet,TV App,False
12562,840,23,2025-04-09,78,0.71,Laptop,Android,False
12563,357,11,2025-03-12,80,0.63,Smart TV,iOS,True
12564,133,3,2025-01-23,110,0.76,Mobile,Android,True
12565,428,16,2025-03-05,98,1.0,Desktop,Android,False
12566,534,16,2025-03-04,70,0.72,Mobile,TV App,False
12567,868,18,2025-02-10,109,0.77,Mobile,iOS,False
12568,456,25,2024-12-30,95,0.71,Smart TV,Web,False
12569,12,15,2025-04-01,88,0.74,Smart TV,Android,False
12570,667,9,2025-04-16,81,0.59,Smart TV,Web,False
12571,656,7,2024-12-26,18,0.21,Laptop,Android,False
12572,273,14,2025-02-27,128,0.99,Tablet,Android,True
12573,516,3,2025-02-04,145,1.0,Smart TV,TV App,False
12574,958,21,2025-04-09,114,0.74,Smart TV,TV App,False
12575,124,24,2025-02-26,68,0.65,Tablet,Android,False
12576,1097,8,2025-02-14,74,0.85,Mobile,TV App,False
12577,544,14,2024-06-21,92,0.71,Mobile,Web,False
12578,9,22,2024-12-18,70,0.59,Smart TV,Web,True
12579,909,22,2025-04-23,66,0.55,Laptop,iOS,False
12580,583,1,2025-03-05,83,0.71,Smart TV,Android,True
12581,207,19,2025-04-21,115,0.92,Mobile,Android,False
12582,171,5,2025-03-16,64,0.53,Smart TV,iOS,True
12583,927,17,2025-04-05,55,0.65,Smart TV,Web,False
12584,574,1,2025-01-31,84,0.72,Mobile,TV App,False
12585,380,11,2025-02-10,119,0.94,Laptop,Android,False
12586,3,1,2025-01-27,87,0.74,Laptop,iOS,False
12587,829,15,2025-04-15,98,0.83,Smart TV,TV App,False
12588,104,1,2025-01-22,97,0.83,Tablet,iOS,False
12589,1115,13,2025-04-23,105,0.75,Smart TV,Web,False
12590,783,5,2025-04-14,74,0.61,Mobile,TV App,False
12591,599,24,2025-01-21,98,0.94,Smart TV,iOS,False
12592,964,22,2025-03-14,80,0.67,Mobile,iOS,False
12593,1075,1,2025-01-31,92,0.78,Smart TV,iOS,False
12594,40,4,2025-03-27,84,0.78,Mobile,iOS,False
12595,1048,22,2025-03-03,84,0.7,Smart TV,iOS,True
12596,498,1,2025-03-08,95,0.81,Mobile,Web,False
12597,273,11,2025-04-01,97,0.77,Laptop,iOS,False
12598,534,20,2024-08-22,69,0.76,Mobile,TV App,False
12599,1144,21,2025-04-05,130,0.84,Laptop,Android,False
12600,160,12,2025-03-12,81,0.8,Tablet,Android,False
12601,603,15,2025-04-26,110,0.93,Desktop,iOS,False
12602,623,25,2024-08-18,75,0.56,Desktop,TV App,False
12603,367,14,2024-09-17,107,0.83,Smart TV,iOS,False
12604,14,4,2025-02-22,57,0.53,Mobile,Web,False
12605,431,22,2025-02-27,108,0.9,Laptop,Android,False
12606,1070,15,2025-04-24,61,0.52,Mobile,iOS,False
12607,100,16,2024-11-15,78,0.8,Mobile,TV App,True
12608,1006,11,2025-04-05,99,0.78,Smart TV,TV App,False
12609,567,21,2025-04-05,131,0.85,Smart TV,Android,False
12610,539,4,2025-03-16,64,0.6,Laptop,Android,False
12611,572,23,2025-04-07,89,0.81,Smart TV,TV App,False
12612,203,16,2025-03-09,86,0.88,Mobile,iOS,False
12613,21,13,2025-04-13,126,0.9,Mobile,iOS,False
12614,12,2,2024-09-02,118,0.9,Mobile,Web,False
12615,749,5,2024-09-09,67,0.55,Mobile,TV App,False
12616,632,15,2025-04-20,109,0.92,Mobile,iOS,False
12617,1004,3,2024-12-26,123,0.85,Smart TV,Android,False
12618,514,6,2025-04-08,59,0.63,Smart TV,Web,True
12619,1005,24,2025-02-07,80,0.77,Mobile,Android,False
12620,475,21,2025-03-28,141,0.91,Smart TV,Android,False
12621,898,15,2025-04-27,64,0.54,Desktop,iOS,False
12622,793,1,2025-01-30,118,1.0,Mobile,Web,False
12623,202,24,2025-04-25,85,0.81,Desktop,Web,False
12624,1056,4,2025-02-21,87,0.81,Smart TV,iOS,False
12625,746,7,2024-12-19,36,0.41,Smart TV,TV App,False
12626,304,21,2025-04-11,69,0.45,Tablet,TV App,True
12627,200,9,2025-04-30,91,0.66,Smart TV,Web,True
12628,473,25,2024-08-20,102,0.76,Laptop,iOS,False
12629,1138,10,2024-09-22,111,0.97,Mobile,TV App,False
12630,418,25,2025-02-19,68,0.51,Smart TV,Web,True
12631,1142,22,2024-11-14,102,0.85,Laptop,iOS,False
12632,210,23,2025-04-11,94,0.86,Smart TV,TV App,False
12633,1058,6,2025-04-15,61,0.65,Mobile,iOS,False
12634,520,22,2025-03-03,94,0.79,Smart TV,TV App,False
12635,822,4,2025-03-18,91,0.85,Mobile,Android,False
12636,175,9,2025-04-21,66,0.48,Mobile,Web,False
12637,462,2,2024-11-15,105,0.8,Smart TV,Android,False
12638,752,11,2025-04-22,82,0.65,Mobile,iOS,False
12639,329,5,2024-10-17,104,0.86,Smart TV,iOS,True
12640,748,3,2024-12-27,88,0.61,Laptop,Web,False
12641,819,5,2025-03-15,92,0.76,Laptop,Android,False
12642,698,13,2025-04-11,112,0.8,Tablet,iOS,False
12643,988,5,2025-01-17,103,0.85,Smart TV,Android,False
12644,628,3,2025-03-20,84,0.58,Mobile,TV App,False
12645,1087,22,2024-11-15,66,0.55,Mobile,TV App,False
12646,725,19,2025-04-15,125,1.0,Smart TV,iOS,False
12647,307,4,2025-02-14,83,0.77,Mobile,TV App,False
12648,532,5,2025-04-12,114,0.94,Smart TV,Web,False
12649,126,12,2025-02-08,80,0.79,Smart TV,TV App,False
12650,274,14,2024-09-14,114,0.88,Smart TV,TV App,True
12651,373,19,2025-04-21,108,0.87,Mobile,iOS,False
12652,326,1,2025-04-12,108,0.92,Tablet,iOS,False
12653,1094,24,2025-01-10,82,0.79,Mobile,iOS,False
12654,681,14,2024-12-14,110,0.85,Mobile,Web,True
12655,737,24,2025-04-29,95,0.91,Mobile,iOS,False
12656,29,15,2025-03-18,114,0.96,Smart TV,Web,False
12657,222,15,2025-04-25,108,0.91,Tablet,TV App,False
12658,392,17,2025-04-07,77,0.91,Laptop,Web,True
12659,573,2,2025-03-06,116,0.88,Smart TV,Web,False
12660,509,15,2025-03-24,71,0.6,Mobile,iOS,False
12661,897,1,2025-01-25,118,1.0,Smart TV,Android,False
12662,264,14,2024-07-28,127,0.98,Laptop,iOS,False
12663,726,10,2024-09-04,67,0.59,Smart TV,Android,False
12664,552,1,2025-03-06,116,0.99,Mobile,TV App,False
12665,792,15,2025-04-18,89,0.75,Mobile,Web,False
12666,561,22,2025-01-07,86,0.72,Tablet,Web,True
12667,862,9,2025-04-22,95,0.69,Laptop,iOS,False
12668,232,21,2025-04-14,122,0.79,Laptop,Web,False
12669,746,19,2025-04-24,97,0.78,Mobile,TV App,False
12670,23,18,2024-10-15,105,0.74,Mobile,Android,False
12671,1099,13,2025-04-28,114,0.82,Mobile,Android,False
12672,1148,7,2025-01-30,46,0.52,Laptop,Android,False
12673,483,6,2025-04-08,55,0.58,Smart TV,Web,False
12674,730,25,2025-03-24,72,0.54,Mobile,TV App,False
12675,388,11,2025-02-24,81,0.64,Smart TV,TV App,True
12676,528,5,2025-04-07,113,0.93,Smart TV,Web,False
12677,489,10,2024-11-24,87,0.76,Mobile,Web,False
12678,549,12,2025-03-28,84,0.83,Laptop,TV App,False
12679,208,2,2025-02-20,120,0.91,Smart TV,iOS,False
12680,1195,14,2025-04-10,113,0.87,Mobile,iOS,False
12681,415,13,2025-03-24,140,1.0,Smart TV,TV App,True
12682,878,8,2025-01-31,59,0.68,Smart TV,Android,False
12683,146,13,2025-04-19,120,0.86,Mobile,Web,False
12684,481,18,2025-01-29,83,0.59,Smart TV,Web,False
12685,252,21,2025-03-27,139,0.9,Desktop,iOS,False
12686,947,23,2025-03-13,110,1.0,Tablet,iOS,False
12687,620,1,2025-01-21,118,1.0,Mobile,iOS,False
12688,43,12,2025-02-28,100,0.99,Laptop,Android,False
12689,297,1,2025-04-19,101,0.86,Smart TV,Web,False
12690,713,10,2024-09-13,67,0.59,Mobile,iOS,False
12691,464,4,2025-03-20,73,0.68,Laptop,iOS,False
12692,1104,14,2025-04-08,80,0.62,Mobile,TV App,False
12693,886,3,2025-01-19,95,0.66,Laptop,iOS,True
12694,1009,9,2025-04-13,97,0.71,Smart TV,TV App,False
12695,561,23,2025-03-03,90,0.82,Tablet,Web,False
12696,472,25,2024-10-18,124,0.92,Desktop,iOS,False
12697,1169,23,2025-02-28,95,0.87,Mobile,Android,False
12698,117,4,2025-04-21,62,0.58,Smart TV,iOS,False
12699,18,13,2025-04-19,133,0.95,Desktop,Android,False
12700,1066,1,2025-01-22,89,0.76,Smart TV,Web,False
12701,695,2,2024-10-29,84,0.64,Mobile,iOS,False
12702,289,3,2025-01-23,69,0.48,Smart TV,iOS,False
12703,952,25,2025-01-15,81,0.6,Desktop,iOS,False
12704,78,19,2025-04-16,70,0.56,Tablet,TV App,False
12705,1012,7,2025-01-22,65,0.73,Smart TV,Android,False
12706,692,4,2025-03-23,96,0.89,Laptop,Android,False
12707,497,25,2025-03-31,118,0.88,Desktop,iOS,False
12708,1186,21,2025-04-23,130,0.84,Laptop,Web,False
12709,690,11,2025-02-01,53,0.42,Laptop,TV App,False
12710,1072,4,2025-04-04,71,0.66,Mobile,iOS,False
12711,978,4,2025-04-07,83,0.77,Smart TV,TV App,False
12712,637,13,2025-03-22,112,0.8,Mobile,iOS,False
12713,89,24,2025-01-29,93,0.89,Tablet,Web,False
12714,634,12,2024-12-24,84,0.83,Laptop,Web,False
12715,9,22,2025-02-28,120,1.0,Smart TV,TV App,False
12716,419,1,2025-02-04,109,0.93,Smart TV,Web,False
12717,232,9,2025-04-19,113,0.82,Mobile,iOS,False
12718,1198,16,2025-01-20,57,0.59,Smart TV,Android,False
12719,1132,12,2025-01-22,84,0.83,Mobile,iOS,False
12720,1091,5,2025-02-09,93,0.77,Desktop,iOS,False
12721,989,1,2025-03-07,116,0.99,Smart TV,TV App,False
12722,358,22,2024-11-27,111,0.93,Mobile,Web,False
12723,558,23,2025-04-04,105,0.96,Desktop,Web,False
12724,922,9,2025-04-22,102,0.74,Smart TV,iOS,False
12725,804,13,2025-04-26,95,0.68,Mobile,iOS,False
12726,156,1,2025-04-25,106,0.9,Smart TV,Android,True
12727,714,10,2024-12-04,101,0.88,Mobile,Web,False
12728,978,11,2025-02-05,100,0.79,Mobile,Web,False
12729,542,3,2025-01-04,114,0.79,Mobile,Android,False
12730,1003,11,2025-04-04,68,0.54,Smart TV,Android,False
12731,1046,14,2024-10-31,105,0.81,Smart TV,Android,True
12732,1178,1,2025-01-31,92,0.78,Smart TV,iOS,False
12733,1111,13,2025-04-01,103,0.74,Smart TV,iOS,False
12734,162,2,2024-09-27,81,0.62,Smart TV,Android,False
12735,882,20,2024-09-24,46,0.51,Mobile,Web,True
12736,829,1,2025-01-15,107,0.91,Mobile,Android,False
12737,1140,3,2025-01-24,131,0.91,Mobile,Android,False
12738,1121,4,2025-03-04,77,0.72,Laptop,iOS,True
12739,243,2,2024-12-29,114,0.87,Laptop,Web,False
12740,308,17,2025-04-25,56,0.67,Laptop,Android,False
12741,260,19,2025-04-24,93,0.75,Smart TV,Android,False
12742,289,5,2025-04-23,84,0.69,Desktop,Web,False
12743,562,5,2024-09-25,69,0.57,Smart TV,Android,False
12744,438,8,2025-02-14,63,0.72,Smart TV,TV App,False
12745,978,25,2024-09-10,126,0.94,Mobile,Web,False
12746,1043,1,2025-03-12,115,0.98,Desktop,Web,False
12747,925,21,2025-04-14,130,0.84,Laptop,iOS,False
12748,82,2,2024-12-10,54,0.41,Mobile,iOS,True
12749,458,5,2025-01-14,78,0.64,Laptop,Web,False
12750,638,13,2025-04-23,100,0.72,Smart TV,Web,False
12751,1120,20,2024-10-14,43,0.47,Smart TV,iOS,True
12752,406,17,2025-01-26,51,0.61,Tablet,iOS,False
12753,764,9,2025-04-20,99,0.72,Mobile,iOS,False
12754,416,23,2025-03-13,99,0.9,Smart TV,TV App,False
12755,315,4,2025-04-16,51,0.48,Laptop,iOS,False
12756,1007,13,2025-04-20,100,0.72,Tablet,Android,False
12757,1153,24,2025-01-17,102,0.98,Laptop,Web,False
12758,140,4,2025-02-21,88,0.82,Mobile,TV App,False
12759,423,9,2025-04-22,60,0.44,Smart TV,iOS,False
12760,145,13,2025-03-18,78,0.56,Smart TV,Android,False
12761,297,21,2025-04-13,153,0.99,Desktop,Android,False
12762,229,11,2025-03-25,63,0.5,Laptop,TV App,False
12763,45,1,2025-01-26,106,0.9,Tablet,Web,False
12764,914,18,2025-01-07,126,0.89,Mobile,iOS,False
12765,722,9,2025-04-11,114,0.83,Mobile,Web,False
12766,323,23,2025-04-27,104,0.95,Smart TV,Web,False
12767,243,13,2025-04-11,100,0.72,Mobile,Web,False
12768,467,22,2024-11-07,93,0.78,Smart TV,Web,False
12769,866,9,2025-04-19,115,0.84,Laptop,TV App,False
12770,175,6,2025-04-04,27,0.29,Smart TV,Android,False
12771,59,18,2025-01-07,123,0.87,Laptop,Web,False
12772,268,19,2025-04-26,123,0.99,Smart TV,iOS,False
12773,106,12,2025-04-07,86,0.85,Mobile,iOS,False
12774,1061,13,2025-04-04,128,0.92,Smart TV,Android,False
12775,691,9,2025-04-24,75,0.55,Smart TV,Web,False
12776,452,14,2024-09-14,101,0.78,Tablet,iOS,False
12777,607,19,2025-04-17,108,0.87,Laptop,iOS,True
12778,1123,21,2025-04-08,116,0.75,Smart TV,Web,False
12779,1082,5,2025-03-24,120,0.99,Mobile,Android,False
12780,769,1,2025-02-20,99,0.84,Mobile,iOS,True
12781,201,8,2025-02-21,22,0.26,Mobile,TV App,True
12782,265,14,2025-03-24,96,0.74,Mobile,Android,False
12783,12,3,2025-03-05,68,0.47,Mobile,TV App,False
12784,230,12,2025-03-29,81,0.8,Mobile,iOS,False
12785,726,9,2025-04-12,38,0.28,Mobile,Web,False
12786,760,9,2025-04-21,99,0.72,Smart TV,iOS,False
12787,143,9,2025-04-23,106,0.77,Mobile,TV App,False
12788,371,11,2025-02-19,113,0.89,Smart TV,iOS,False
12789,1057,9,2025-04-08,91,0.66,Mobile,iOS,False
12790,353,1,2025-04-20,99,0.84,Mobile,Web,False
12791,385,3,2024-12-27,105,0.73,Tablet,TV App,True
12792,81,2,2024-12-22,132,1.0,Tablet,Web,False
12793,4,21,2025-04-14,77,0.5,Mobile,Android,False
12794,865,19,2025-04-28,95,0.76,Smart TV,iOS,False
12795,215,10,2024-09-22,95,0.83,Smart TV,iOS,False
12796,805,1,2025-02-18,102,0.87,Tablet,iOS,True
12797,467,13,2025-03-31,140,1.0,Laptop,Web,False
12798,571,2,2025-03-25,106,0.81,Mobile,Web,False
12799,406,22,2025-03-03,104,0.87,Laptop,Android,False
12800,143,17,2025-01-28,57,0.68,Smart TV,TV App,False
12801,546,13,2025-04-05,103,0.74,Mobile,Web,False
12802,1184,21,2025-04-10,155,1.0,Tablet,Web,False
12803,1198,19,2025-04-25,75,0.6,Mobile,TV App,False
12804,231,25,2024-09-19,103,0.77,Smart TV,Web,False
12805,636,5,2025-01-28,106,0.87,Laptop,iOS,True
12806,371,8,2025-01-31,14,0.16,Laptop,Web,False
12807,1030,2,2024-08-23,120,0.91,Desktop,TV App,False
12808,321,19,2025-04-17,120,0.96,Mobile,iOS,False
12809,93,13,2025-04-29,106,0.76,Tablet,Android,False
12810,926,15,2025-03-19,47,0.4,Mobile,Web,False
12811,1086,22,2025-03-24,90,0.75,Mobile,Android,True
12812,880,19,2025-04-18,93,0.75,Smart TV,Android,False
12813,808,21,2025-04-19,106,0.69,Smart TV,Web,False
12814,797,10,2025-01-04,105,0.92,Mobile,Web,False
12815,133,11,2025-03-19,33,0.26,Smart TV,Android,False
12816,721,19,2025-04-12,73,0.59,Smart TV,Android,False
12817,386,1,2025-03-30,118,1.0,Smart TV,iOS,True
12818,606,4,2025-03-26,97,0.9,Smart TV,Android,False
12819,208,14,2024-08-13,123,0.95,Mobile,Web,False
12820,782,19,2025-04-26,67,0.54,Mobile,TV App,False
12821,354,13,2025-04-03,89,0.64,Smart TV,TV App,False
12822,547,1,2025-01-19,118,1.0,Smart TV,iOS,False
12823,647,10,2024-11-08,97,0.85,Smart TV,Android,False
12824,243,15,2025-04-03,97,0.82,Laptop,TV App,False
12825,640,1,2025-03-14,92,0.78,Laptop,Web,False
12826,481,1,2025-04-10,114,0.97,Laptop,Web,False
12827,718,7,2024-12-21,43,0.48,Mobile,Android,False
12828,1092,1,2025-01-30,109,0.93,Smart TV,TV App,False
12829,4,10,2025-04-28,106,0.93,Mobile,iOS,False
12830,260,13,2025-04-03,117,0.84,Smart TV,TV App,False
12831,937,19,2025-04-23,102,0.82,Desktop,Android,False
12832,634,20,2024-10-13,43,0.47,Smart TV,iOS,True
12833,470,11,2025-02-02,93,0.74,Mobile,iOS,False
12834,736,14,2024-11-11,117,0.9,Mobile,Android,False
12835,185,7,2025-01-01,39,0.44,Tablet,iOS,False
12836,113,11,2025-03-07,60,0.48,Smart TV,Web,False
12837,530,4,2025-04-17,93,0.87,Mobile,Android,True
12838,517,25,2024-11-08,82,0.61,Tablet,Android,False
12839,647,19,2025-04-12,92,0.74,Smart TV,TV App,False
12840,652,21,2025-04-28,89,0.58,Laptop,Android,True
12841,1142,19,2025-04-30,77,0.62,Tablet,Android,False
12842,891,3,2025-04-16,121,0.84,Mobile,Web,True
12843,868,8,2025-02-19,43,0.49,Smart TV,iOS,True
12844,39,6,2025-03-16,45,0.48,Laptop,Web,True
12845,1161,3,2024-12-02,145,1.0,Laptop,iOS,False
12846,313,1,2025-01-17,94,0.8,Smart TV,TV App,False
12847,376,24,2025-04-03,38,0.37,Laptop,Android,False
12848,464,22,2024-12-19,120,1.0,Mobile,Web,False
12849,814,25,2025-04-11,103,0.77,Laptop,iOS,False
12850,728,15,2025-03-23,84,0.71,Tablet,Web,False
12851,602,4,2025-04-07,84,0.78,Desktop,Web,True
12852,745,13,2025-04-30,88,0.63,Laptop,Android,False
12853,842,10,2024-11-05,70,0.61,Laptop,iOS,False
12854,58,1,2025-03-13,100,0.85,Smart TV,Android,False
12855,188,23,2025-02-26,83,0.76,Smart TV,iOS,False
12856,1018,23,2025-04-29,83,0.76,Mobile,Web,False
12857,941,21,2025-03-27,102,0.66,Smart TV,Web,False
12858,1178,4,2025-04-15,68,0.63,Laptop,Web,True
12859,297,9,2025-04-19,122,0.89,Laptop,Web,False
12860,44,1,2025-02-05,106,0.9,Smart TV,iOS,False
12861,903,1,2025-04-28,96,0.82,Mobile,TV App,False
12862,776,21,2025-04-01,114,0.74,Mobile,iOS,False
12863,314,5,2025-04-22,97,0.8,Mobile,iOS,False
12864,397,14,2024-08-24,72,0.56,Laptop,Android,False
12865,447,1,2025-04-18,118,1.0,Mobile,Android,True
12866,290,22,2024-12-12,73,0.61,Laptop,Android,False
12867,473,1,2025-01-22,118,1.0,Mobile,Android,False
12868,712,15,2025-04-07,55,0.47,Smart TV,Android,False
12869,100,3,2025-01-14,89,0.62,Smart TV,Web,False
12870,640,2,2024-10-27,106,0.81,Laptop,Android,False
12871,434,17,2025-04-20,46,0.55,Smart TV,Web,False
12872,547,12,2025-01-04,88,0.87,Smart TV,Android,False
12873,825,4,2025-04-05,62,0.58,Tablet,Web,False
12874,618,19,2025-04-21,77,0.62,Smart TV,Web,False
12875,49,7,2025-02-04,27,0.3,Tablet,Web,False
12876,244,13,2025-03-26,116,0.83,Smart TV,iOS,False
12877,1184,15,2025-03-07,119,1.0,Smart TV,iOS,False
12878,18,20,2024-09-23,27,0.3,Tablet,TV App,False
12879,727,12,2025-02-25,65,0.64,Laptop,Android,False
12880,523,5,2024-10-30,41,0.34,Smart TV,Web,True
12881,1114,3,2025-02-25,105,0.73,Smart TV,iOS,False
12882,1144,15,2025-03-09,79,0.67,Smart TV,iOS,False
12883,252,8,2025-01-31,30,0.35,Laptop,iOS,False
12884,386,21,2025-04-07,106,0.69,Smart TV,Web,False
12885,1095,16,2025-01-04,96,0.98,Mobile,Android,False
12886,541,10,2025-02-27,69,0.6,Laptop,iOS,False
12887,455,18,2025-02-03,134,0.95,Mobile,Web,False
12888,1092,13,2025-04-10,119,0.85,Smart TV,Web,False
12889,746,9,2025-04-29,124,0.9,Tablet,Android,False
12890,258,18,2025-04-10,142,1.0,Mobile,Android,True
12891,1166,17,2025-04-17,72,0.85,Smart TV,Android,False
12892,781,19,2025-04-30,61,0.49,Smart TV,iOS,False
12893,346,15,2025-04-20,88,0.74,Laptop,iOS,True
12894,826,2,2025-04-04,75,0.57,Mobile,Web,False
12895,499,9,2025-04-17,88,0.64,Smart TV,Web,False
12896,303,24,2025-04-19,78,0.75,Mobile,Web,False
12897,410,16,2024-12-26,52,0.54,Mobile,Web,False
12898,459,3,2025-04-11,134,0.93,Desktop,Android,False
12899,155,15,2025-04-09,70,0.59,Smart TV,TV App,False
12900,1087,1,2025-01-30,93,0.79,Smart TV,Android,False
12901,446,23,2025-03-24,69,0.63,Smart TV,Android,False
12902,645,4,2025-02-28,83,0.77,Mobile,iOS,False
12903,214,7,2025-01-05,60,0.67,Mobile,Web,False
12904,911,18,2024-11-28,103,0.73,Smart TV,Android,False
12905,1070,14,2024-10-14,120,0.93,Smart TV,Android,True
12906,786,14,2024-12-05,96,0.74,Mobile,iOS,True
12907,600,25,2024-11-15,122,0.91,Mobile,iOS,True
12908,1149,14,2025-02-16,102,0.79,Laptop,Android,False
12909,1020,8,2025-01-28,49,0.56,Mobile,TV App,False
12910,244,1,2025-01-28,81,0.69,Desktop,Web,True
12911,53,9,2025-04-24,107,0.78,Smart TV,Web,False
12912,620,21,2025-04-02,153,0.99,Mobile,Android,False
12913,1120,10,2024-08-27,110,0.96,Laptop,TV App,False
12914,1166,18,2025-01-20,110,0.78,Laptop,Android,False
12915,202,15,2025-03-05,102,0.86,Smart TV,TV App,False
12916,905,13,2025-03-29,105,0.75,Mobile,iOS,False
12917,623,5,2024-09-16,90,0.74,Smart TV,TV App,False
12918,477,21,2025-04-27,117,0.76,Tablet,TV App,False
12919,750,19,2025-04-25,62,0.5,Mobile,TV App,False
12920,677,3,2024-12-04,140,0.97,Smart TV,iOS,False
12921,1153,21,2025-03-31,122,0.79,Laptop,Android,False
12922,1039,11,2025-04-20,78,0.62,Smart TV,Web,True
12923,395,1,2025-01-26,90,0.77,Tablet,Android,False
12924,163,9,2025-04-27,128,0.93,Smart TV,Android,False
12925,299,4,2025-04-12,97,0.9,Mobile,Web,False
12926,612,2,2025-04-11,81,0.62,Smart TV,Android,False
12927,1164,11,2025-02-27,82,0.65,Smart TV,Android,False
12928,864,13,2025-04-19,113,0.81,Smart TV,Web,False
12929,150,9,2025-04-11,85,0.62,Tablet,Web,True
12930,574,23,2025-02-17,97,0.89,Laptop,Android,False
12931,261,15,2025-03-13,89,0.75,Mobile,iOS,False
12932,1064,1,2025-01-16,118,1.0,Mobile,Android,False
12933,924,21,2025-04-28,111,0.72,Mobile,Android,False
12934,150,5,2025-02-08,100,0.82,Laptop,Web,False
12935,659,12,2024-12-22,73,0.72,Smart TV,TV App,False
12936,614,22,2025-03-29,78,0.65,Mobile,iOS,False
12937,197,9,2025-04-16,81,0.59,Smart TV,iOS,False
12938,200,22,2025-02-01,39,0.33,Smart TV,Android,False
12939,68,25,2025-03-21,108,0.8,Smart TV,Android,False
12940,1110,7,2025-01-17,34,0.38,Smart TV,iOS,False
12941,464,17,2025-02-08,59,0.7,Mobile,Web,False
12942,250,6,2025-03-16,41,0.44,Laptop,iOS,False
12943,1146,5,2025-03-09,92,0.76,Smart TV,Android,False
12944,865,1,2025-03-24,115,0.98,Laptop,iOS,False
12945,605,23,2025-04-30,93,0.85,Smart TV,Web,False
12946,836,19,2025-04-25,92,0.74,Smart TV,Web,False
12947,509,14,2025-02-04,92,0.71,Laptop,Web,False
12948,160,13,2025-04-24,99,0.71,Smart TV,Android,True
12949,203,1,2025-01-17,114,0.97,Laptop,iOS,False
12950,782,6,2025-03-16,22,0.24,Mobile,TV App,True
12951,649,22,2025-01-15,32,0.27,Tablet,iOS,False
12952,792,21,2025-03-26,130,0.84,Mobile,iOS,True
12953,247,24,2025-04-15,60,0.58,Mobile,Android,False
12954,312,2,2024-11-19,97,0.74,Desktop,Web,False
12955,913,11,2025-04-02,92,0.73,Smart TV,Web,False
12956,441,12,2024-12-13,49,0.49,Tablet,Android,False
12957,235,12,2025-01-10,61,0.6,Desktop,Android,True
12958,591,7,2024-12-21,18,0.2,Desktop,Web,False
12959,1146,23,2025-04-30,60,0.55,Laptop,Web,False
12960,828,1,2025-01-15,88,0.75,Tablet,TV App,False
12961,766,9,2025-04-23,131,0.95,Mobile,Web,True
12962,1120,21,2025-04-05,103,0.67,Smart TV,TV App,False
12963,666,2,2024-10-04,93,0.71,Mobile,Web,False
12964,276,2,2024-10-31,91,0.69,Smart TV,iOS,False
12965,484,7,2024-12-18,54,0.61,Laptop,Web,False
12966,219,22,2025-03-19,96,0.8,Tablet,Web,False
12967,1177,13,2025-04-03,133,0.95,Laptop,Web,False
12968,407,14,2024-12-25,109,0.84,Smart TV,Android,False
12969,175,22,2025-04-28,120,1.0,Mobile,Android,False
12970,1061,14,2024-11-19,65,0.5,Desktop,TV App,False
12971,852,22,2024-12-08,88,0.74,Laptop,Android,False
12972,711,4,2025-03-08,89,0.83,Mobile,iOS,False
12973,209,15,2025-04-22,92,0.78,Laptop,Web,True
12974,810,7,2025-01-27,30,0.34,Mobile,TV App,False
12975,1184,3,2024-11-26,98,0.68,Laptop,Web,False
12976,76,16,2024-12-08,96,0.98,Mobile,Android,False
12977,101,1,2025-03-05,93,0.79,Mobile,Android,False
12978,617,9,2025-04-06,96,0.7,Tablet,iOS,False
12979,1035,9,2025-04-24,113,0.82,Laptop,Web,False
12980,554,11,2025-02-19,86,0.68,Mobile,iOS,False
12981,622,4,2025-04-11,79,0.74,Laptop,Web,False
12982,732,5,2025-02-09,52,0.43,Mobile,TV App,False
12983,271,1,2025-02-09,97,0.83,Smart TV,Web,False
12984,66,4,2025-04-20,108,1.0,Laptop,iOS,False
12985,303,4,2025-04-16,68,0.63,Smart TV,iOS,False
12986,652,21,2025-04-07,111,0.72,Laptop,Web,False
12987,457,24,2025-01-13,64,0.61,Tablet,Android,True
12988,768,22,2024-12-27,93,0.78,Mobile,TV App,False
12989,112,23,2025-02-26,81,0.74,Smart TV,TV App,False
12990,197,7,2025-01-11,47,0.53,Smart TV,Web,False
12991,929,9,2025-04-07,124,0.9,Tablet,Android,False
12992,996,15,2025-04-11,85,0.72,Desktop,iOS,False
12993,651,18,2024-12-31,112,0.79,Mobile,Web,True
12994,118,1,2025-04-21,102,0.87,Desktop,iOS,False
12995,967,12,2025-02-14,84,0.83,Smart TV,iOS,False
12996,224,19,2025-04-15,86,0.69,Mobile,iOS,False
12997,1084,18,2024-11-25,90,0.64,Smart TV,TV App,False
12998,650,1,2025-04-10,108,0.92,Tablet,Web,False
12999,514,9,2025-04-20,85,0.62,Mobile,Web,False
13000,945,2,2025-04-15,88,0.67,Smart TV,Web,False
13001,1135,13,2025-04-23,121,0.87,Laptop,Web,False
13002,73,15,2025-03-09,99,0.84,Tablet,Web,False
13003,14,20,2024-09-13,69,0.76,Smart TV,iOS,False
13004,1058,23,2025-02-11,84,0.77,Smart TV,iOS,False
13005,938,18,2024-10-16,83,0.59,Laptop,TV App,False
13006,42,5,2025-04-18,74,0.61,Smart TV,Android,True
13007,76,7,2025-01-03,42,0.47,Smart TV,iOS,False
13008,947,14,2024-09-17,87,0.67,Smart TV,Android,False
13009,297,15,2025-04-15,109,0.92,Smart TV,Web,False
13010,299,25,2025-03-18,106,0.79,Tablet,TV App,False
13011,746,14,2024-08-10,123,0.95,Smart TV,TV App,False
13012,325,21,2025-04-18,144,0.93,Laptop,Android,True
13013,17,11,2025-02-27,106,0.84,Desktop,Web,False
13014,73,1,2025-01-17,105,0.89,Tablet,Web,True
13015,8,21,2025-04-06,131,0.85,Tablet,iOS,False
13016,727,14,2024-08-05,65,0.5,Mobile,TV App,False
13017,287,1,2025-03-11,106,0.9,Mobile,Web,True
13018,840,1,2025-03-18,114,0.97,Mobile,Web,False
13019,1163,1,2025-03-25,90,0.77,Tablet,iOS,False
13020,393,25,2025-01-05,97,0.72,Smart TV,iOS,False
13021,65,1,2025-01-28,118,1.0,Smart TV,Android,True
13022,729,5,2025-04-01,114,0.94,Mobile,iOS,False
13023,103,16,2025-03-13,67,0.69,Mobile,iOS,False
13024,869,16,2025-03-18,72,0.74,Smart TV,Web,False
13025,138,8,2025-03-27,42,0.48,Smart TV,Android,False
13026,341,18,2024-10-12,109,0.77,Tablet,Web,False
13027,836,3,2025-03-26,105,0.73,Mobile,iOS,False
13028,128,19,2025-04-19,96,0.77,Smart TV,TV App,False
13029,539,13,2025-04-01,86,0.62,Mobile,Android,False
13030,1065,1,2025-04-19,97,0.83,Mobile,Android,False
13031,868,7,2024-12-12,49,0.55,Laptop,Web,False
13032,15,1,2025-04-11,93,0.79,Laptop,TV App,False
13033,951,16,2025-04-11,68,0.7,Smart TV,Web,False
13034,85,1,2025-03-12,96,0.82,Smart TV,iOS,False
13035,1149,23,2025-03-08,86,0.79,Laptop,Android,False
13036,866,15,2025-04-21,97,0.82,Tablet,Android,False
13037,344,2,2024-12-13,93,0.71,Laptop,TV App,False
13038,1120,1,2025-01-15,74,0.63,Laptop,Android,False
13039,888,18,2024-10-05,107,0.76,Laptop,Web,False
13040,517,4,2025-04-14,83,0.77,Mobile,Web,False
13041,480,1,2025-01-31,113,0.96,Smart TV,iOS,False
13042,494,23,2025-02-21,88,0.8,Smart TV,iOS,False
13043,523,24,2025-01-08,90,0.86,Smart TV,iOS,False
13044,240,22,2025-03-16,120,1.0,Mobile,Web,False
13045,1092,19,2025-04-23,91,0.73,Mobile,TV App,False
13046,701,18,2025-01-11,83,0.59,Smart TV,TV App,False
13047,797,15,2025-03-01,85,0.72,Mobile,Web,False
13048,347,24,2025-03-22,68,0.65,Smart TV,iOS,False
13049,654,2,2025-02-17,120,0.91,Smart TV,Web,False
13050,1120,23,2025-02-28,75,0.69,Mobile,Web,False
13051,517,17,2025-03-03,68,0.8,Smart TV,Android,False
13052,920,9,2025-04-22,91,0.66,Mobile,Android,False
13053,657,1,2025-02-25,103,0.88,Mobile,Web,True
13054,72,15,2025-04-27,77,0.65,Mobile,Web,False
13055,969,14,2025-02-18,50,0.39,Laptop,iOS,False
13056,1130,17,2025-01-24,49,0.58,Smart TV,iOS,False
13057,880,3,2025-01-08,92,0.64,Smart TV,Android,False
13058,483,11,2025-04-09,57,0.45,Desktop,Android,True
13059,181,11,2025-03-05,73,0.58,Smart TV,iOS,True
13060,387,15,2025-03-23,91,0.77,Smart TV,iOS,False
13061,978,23,2025-04-01,78,0.71,Smart TV,Android,True
13062,921,10,2025-01-22,82,0.72,Smart TV,iOS,False
13063,211,22,2024-12-06,81,0.68,Mobile,Android,False
13064,384,8,2025-02-18,43,0.49,Smart TV,Android,True
13065,557,3,2024-12-15,107,0.74,Mobile,iOS,False
13066,827,2,2024-10-10,101,0.77,Smart TV,Web,False
13067,29,3,2025-04-19,118,0.82,Mobile,Web,False
13068,627,24,2025-02-23,56,0.54,Laptop,Android,False
13069,698,7,2024-12-14,44,0.49,Tablet,TV App,False
13070,988,21,2025-04-07,100,0.65,Smart TV,iOS,False
13071,30,19,2025-04-13,110,0.88,Laptop,TV App,False
13072,789,11,2025-04-28,91,0.72,Smart TV,Android,False
13073,849,18,2025-01-09,116,0.82,Laptop,TV App,False
13074,59,15,2025-04-23,92,0.78,Mobile,Android,False
13075,1027,4,2025-04-01,78,0.73,Smart TV,TV App,False
13076,215,22,2025-04-03,99,0.83,Smart TV,TV App,False
13077,210,13,2025-04-19,91,0.65,Laptop,iOS,False
13078,655,8,2025-02-26,59,0.68,Mobile,Android,False
13079,1075,22,2024-12-08,90,0.75,Mobile,TV App,False
13080,93,11,2025-03-29,82,0.65,Mobile,Web,True
13081,165,17,2025-04-03,68,0.8,Mobile,iOS,True
13082,163,7,2025-02-08,15,0.17,Laptop,TV App,False
13083,1077,23,2025-02-10,61,0.56,Smart TV,Web,False
13084,515,1,2025-03-25,115,0.98,Smart TV,Web,False
13085,217,21,2025-04-11,99,0.64,Mobile,iOS,True
13086,405,5,2025-04-10,106,0.87,Laptop,Android,True
13087,607,17,2025-03-13,74,0.88,Smart TV,Web,True
13088,768,5,2025-04-12,100,0.82,Smart TV,Android,False
13089,516,18,2025-03-04,62,0.44,Laptop,TV App,False
13090,608,13,2025-03-27,112,0.8,Smart TV,iOS,False
13091,1139,16,2024-11-29,35,0.36,Mobile,TV App,False
13092,734,5,2025-03-09,61,0.5,Smart TV,iOS,False
13093,487,18,2025-01-13,133,0.94,Smart TV,Web,False
13094,876,19,2025-04-21,82,0.66,Mobile,iOS,True
13095,344,9,2025-04-27,133,0.97,Tablet,TV App,False
13096,223,24,2024-12-24,72,0.69,Smart TV,iOS,False
13097,857,17,2025-04-01,73,0.87,Mobile,Web,False
13098,369,13,2025-04-18,117,0.84,Laptop,Android,False
13099,795,7,2025-01-16,12,0.14,Mobile,iOS,False
13100,1116,21,2025-04-17,102,0.66,Laptop,iOS,False
13101,480,23,2025-04-30,79,0.72,Smart TV,Web,False
13102,1067,2,2024-12-31,93,0.71,Mobile,TV App,False
13103,166,3,2025-04-18,108,0.75,Mobile,TV App,False
13104,1095,23,2025-02-11,85,0.78,Mobile,Android,True
13105,139,10,2024-08-21,54,0.47,Laptop,Web,False
13106,107,23,2025-04-08,81,0.74,Smart TV,iOS,False
13107,872,16,2025-04-29,58,0.6,Mobile,iOS,False
13108,1170,2,2024-10-30,75,0.57,Tablet,iOS,False
13109,456,19,2025-04-17,66,0.53,Tablet,Web,False
13110,240,6,2025-04-01,67,0.71,Mobile,iOS,False
13111,1010,24,2025-02-27,97,0.93,Laptop,TV App,False
13112,294,19,2025-04-16,80,0.64,Smart TV,Web,True
13113,251,22,2025-02-25,76,0.64,Mobile,Web,True
13114,29,16,2024-12-11,67,0.69,Tablet,Android,False
13115,878,25,2025-01-24,68,0.51,Mobile,Android,False
13116,590,9,2025-04-23,129,0.94,Mobile,TV App,False
13117,1172,6,2025-03-12,57,0.61,Smart TV,Web,True
13118,149,22,2025-01-09,105,0.88,Smart TV,Android,False
13119,315,21,2025-04-05,150,0.97,Smart TV,Web,False
13120,957,15,2025-04-21,73,0.62,Mobile,iOS,False
13121,114,15,2025-04-04,89,0.75,Smart TV,TV App,True
13122,630,19,2025-04-30,108,0.87,Mobile,Web,False
13123,630,22,2025-03-03,100,0.84,Smart TV,Android,False
13124,496,25,2024-07-21,109,0.81,Laptop,Android,True
13125,1172,23,2025-04-07,71,0.65,Smart TV,Web,False
13126,322,18,2025-03-19,116,0.82,Laptop,Web,True
13127,42,14,2024-06-26,106,0.82,Mobile,Android,False
13128,163,10,2025-04-20,70,0.61,Smart TV,Android,False
13129,812,23,2025-04-09,85,0.78,Laptop,Web,False
13130,372,5,2024-12-24,80,0.66,Smart TV,iOS,False
13131,37,20,2024-08-22,66,0.72,Laptop,TV App,True
13132,655,14,2025-03-02,104,0.8,Smart TV,Web,False
13133,361,5,2025-02-09,85,0.7,Mobile,Web,True
13134,527,16,2025-02-10,98,1.0,Laptop,iOS,False
13135,722,5,2024-12-20,78,0.64,Smart TV,Android,False
13136,1042,10,2024-12-15,85,0.74,Laptop,Android,False
13137,694,11,2025-02-11,106,0.84,Desktop,Web,False
13138,829,11,2025-04-22,71,0.56,Desktop,iOS,False
13139,1076,13,2025-03-25,82,0.59,Smart TV,Android,False
13140,797,13,2025-04-11,105,0.75,Laptop,Web,False
13141,672,12,2025-02-14,70,0.69,Laptop,TV App,True
13142,529,4,2025-03-16,64,0.6,Desktop,iOS,False
13143,702,4,2025-03-24,84,0.78,Mobile,iOS,False
13144,308,19,2025-04-16,87,0.7,Laptop,Android,False
13145,767,25,2024-10-26,90,0.67,Desktop,Android,False
13146,315,18,2025-01-23,89,0.63,Smart TV,Android,False
13147,983,2,2025-02-23,95,0.72,Mobile,Android,False
13148,1137,5,2025-04-05,101,0.83,Smart TV,TV App,False
13149,1029,3,2025-01-14,107,0.74,Tablet,iOS,False
13150,543,19,2025-04-18,65,0.52,Mobile,Web,False
13151,960,4,2025-02-14,84,0.78,Laptop,iOS,True
13152,719,12,2025-02-12,84,0.83,Smart TV,iOS,True
13153,984,19,2025-04-30,107,0.86,Mobile,iOS,False
13154,700,25,2025-03-15,103,0.77,Mobile,Android,False
13155,58,21,2025-04-25,62,0.4,Mobile,Web,False
13156,183,23,2025-02-17,46,0.42,Laptop,iOS,True
13157,967,25,2025-01-25,94,0.7,Smart TV,Web,True
13158,647,19,2025-04-27,92,0.74,Smart TV,iOS,False
13159,1181,4,2025-03-12,87,0.81,Smart TV,iOS,True
13160,629,12,2025-02-07,95,0.94,Smart TV,Web,False
13161,42,21,2025-04-02,155,1.0,Laptop,Android,True
13162,476,17,2025-04-06,85,1.0,Tablet,iOS,False
13163,811,1,2025-02-06,93,0.79,Desktop,Web,False
13164,352,17,2025-02-09,62,0.73,Mobile,TV App,True
13165,1102,15,2025-04-04,69,0.58,Laptop,TV App,False
13166,515,7,2025-01-04,56,0.63,Desktop,TV App,False
13167,603,24,2025-02-28,65,0.62,Laptop,iOS,False
13168,325,2,2025-03-13,60,0.46,Desktop,Android,False
13169,115,1,2025-04-08,103,0.88,Laptop,Android,False
13170,978,1,2025-04-17,92,0.78,Smart TV,Web,False
13171,16,5,2024-09-06,103,0.85,Laptop,Android,False
13172,483,13,2025-04-20,100,0.72,Smart TV,Android,False
13173,370,3,2025-02-06,116,0.8,Smart TV,TV App,False
13174,543,25,2024-12-23,66,0.49,Laptop,Android,False
13175,509,5,2025-01-06,80,0.66,Mobile,Android,False
13176,329,1,2025-01-22,101,0.86,Mobile,Web,False
13177,608,15,2025-04-10,67,0.57,Smart TV,iOS,True
13178,406,19,2025-04-24,101,0.81,Smart TV,Android,False
13179,786,17,2025-02-07,62,0.73,Laptop,TV App,False
13180,95,2,2024-10-07,51,0.39,Desktop,iOS,False
13181,1063,25,2025-03-05,114,0.85,Mobile,Web,False
13182,588,3,2025-01-20,131,0.91,Tablet,Android,False
13183,931,3,2024-12-03,79,0.55,Mobile,iOS,False
13184,312,17,2025-03-04,65,0.77,Laptop,Web,False
13185,81,13,2025-04-16,109,0.78,Smart TV,Android,False
13186,278,1,2025-04-02,115,0.98,Smart TV,Web,True
13187,509,25,2025-03-28,81,0.6,Mobile,Android,True
13188,53,1,2025-01-30,74,0.63,Tablet,iOS,False
13189,921,4,2025-03-24,48,0.45,Smart TV,Web,False
13190,1141,13,2025-04-20,109,0.78,Smart TV,Web,False
13191,294,11,2025-04-09,93,0.74,Smart TV,Web,False
13192,767,1,2025-03-21,106,0.9,Smart TV,Android,False
13193,817,22,2025-01-28,86,0.72,Mobile,iOS,False
13194,44,25,2024-10-03,130,0.97,Smart TV,TV App,False
13195,748,11,2025-04-01,120,0.95,Mobile,Android,False
13196,592,11,2025-04-25,82,0.65,Laptop,iOS,False
13197,1027,25,2025-02-05,135,1.0,Mobile,Android,False
13198,115,9,2025-04-23,96,0.7,Laptop,Android,False
13199,822,7,2025-01-21,35,0.39,Mobile,Android,False
13200,927,24,2025-03-08,75,0.72,Smart TV,Web,False
13201,845,1,2025-02-02,100,0.85,Smart TV,Android,False
13202,634,19,2025-04-17,107,0.86,Mobile,Android,False
13203,533,25,2024-10-07,105,0.78,Mobile,TV App,False
13204,816,1,2025-01-16,92,0.78,Mobile,Android,False
13205,512,23,2025-04-29,66,0.6,Laptop,Web,False
13206,1156,23,2025-02-25,69,0.63,Mobile,Web,False
13207,234,4,2025-03-12,88,0.82,Laptop,Web,False
13208,948,22,2025-04-13,105,0.88,Smart TV,Web,False
13209,1155,9,2025-04-11,93,0.68,Laptop,iOS,False
13210,1173,5,2024-12-11,76,0.63,Mobile,TV App,False
13211,889,16,2025-02-09,60,0.62,Mobile,TV App,False
13212,449,5,2025-01-10,85,0.7,Laptop,Web,False
13213,1043,1,2025-02-06,118,1.0,Smart TV,Android,False
13214,304,17,2025-04-15,72,0.85,Desktop,iOS,False
13215,30,8,2025-02-12,68,0.78,Mobile,Android,False
13216,553,1,2025-01-18,118,1.0,Smart TV,iOS,False
13217,234,14,2024-11-23,100,0.77,Laptop,Web,False
13218,617,13,2025-03-28,89,0.64,Smart TV,Android,False
13219,78,19,2025-04-25,100,0.8,Smart TV,iOS,False
13220,463,1,2025-01-23,109,0.93,Smart TV,Android,False
13221,518,17,2025-02-06,53,0.63,Smart TV,Web,False
13222,91,11,2025-04-16,105,0.83,Mobile,Android,False
13223,361,14,2025-03-03,81,0.63,Laptop,TV App,False
13224,994,20,2024-09-01,35,0.39,Mobile,Web,False
13225,951,25,2024-12-24,103,0.77,Laptop,iOS,True
13226,890,3,2025-02-17,110,0.76,Mobile,Web,False
13227,431,1,2025-01-15,97,0.83,Mobile,iOS,False
13228,1186,24,2025-03-18,92,0.88,Laptop,Web,False
13229,737,23,2025-04-19,82,0.75,Tablet,Web,False
13230,6,13,2025-03-22,116,0.83,Smart TV,TV App,False
13231,569,11,2025-03-16,111,0.88,Smart TV,Web,False
13232,310,8,2025-03-20,79,0.9,Smart TV,Android,False
13233,50,18,2025-04-23,116,0.82,Tablet,Android,False
13234,374,9,2025-04-20,103,0.75,Smart TV,iOS,False
13235,934,25,2025-04-30,89,0.66,Laptop,Web,False
13236,179,1,2025-03-18,108,0.92,Mobile,TV App,False
13237,348,21,2025-04-26,51,0.33,Smart TV,Web,False
13238,825,24,2025-02-13,80,0.77,Mobile,Android,False
13239,1062,21,2025-04-26,155,1.0,Mobile,Web,False
13240,1146,6,2025-03-10,66,0.7,Smart TV,Android,False
13241,155,5,2025-03-01,122,1.0,Mobile,TV App,False
13242,714,21,2025-03-27,72,0.47,Mobile,Android,False
13243,432,12,2025-01-05,80,0.79,Laptop,Android,False
13244,329,9,2025-04-11,95,0.69,Smart TV,Web,False
13245,1096,25,2025-04-03,95,0.71,Smart TV,iOS,False
13246,594,12,2025-01-31,70,0.69,Smart TV,Web,True
13247,1080,5,2024-10-22,91,0.75,Mobile,iOS,False
13248,347,15,2025-03-13,107,0.9,Tablet,Web,False
13249,127,22,2025-03-23,96,0.8,Smart TV,iOS,False
13250,795,2,2024-12-07,60,0.46,Tablet,Android,False
13251,886,6,2025-03-09,65,0.69,Smart TV,iOS,False
13252,895,12,2025-04-09,47,0.47,Laptop,TV App,False
13253,198,12,2025-01-27,69,0.68,Smart TV,Web,False
13254,877,15,2025-03-24,70,0.59,Laptop,Web,False
13255,604,15,2025-04-17,58,0.49,Mobile,TV App,False
13256,1044,15,2025-04-07,92,0.78,Smart TV,Web,False
13257,1059,15,2025-04-07,67,0.57,Smart TV,TV App,False
13258,1150,18,2025-01-02,97,0.69,Smart TV,Web,False
13259,317,2,2024-12-14,132,1.0,Smart TV,Android,False
13260,574,9,2025-04-11,97,0.71,Smart TV,Android,True
13261,747,13,2025-04-27,82,0.59,Smart TV,iOS,False
13262,286,1,2025-01-27,106,0.9,Desktop,Android,False
13263,948,8,2025-03-16,76,0.87,Smart TV,iOS,False
13264,402,1,2025-03-21,95,0.81,Mobile,Web,False
13265,724,6,2025-04-30,65,0.69,Laptop,TV App,False
13266,110,12,2024-12-20,69,0.68,Laptop,iOS,False
13267,1088,15,2025-04-13,32,0.27,Mobile,Web,False
13268,1106,15,2025-03-01,101,0.85,Mobile,Web,False
13269,770,13,2025-04-15,91,0.65,Smart TV,iOS,False
13270,61,18,2025-02-13,95,0.67,Tablet,Web,False
13271,157,4,2025-03-18,108,1.0,Tablet,iOS,False
13272,947,20,2024-09-16,92,1.0,Laptop,Android,True
13273,845,1,2025-03-09,95,0.81,Smart TV,Web,False
13274,1057,10,2024-12-23,65,0.57,Mobile,Web,False
13275,1011,21,2025-04-11,103,0.67,Mobile,iOS,False
13276,810,18,2024-12-01,86,0.61,Desktop,Web,False
13277,1116,7,2024-12-11,62,0.69,Smart TV,iOS,False
13278,33,7,2024-12-20,43,0.48,Tablet,Android,False
13279,218,7,2025-01-14,50,0.56,Mobile,Android,False
13280,1082,14,2025-04-22,93,0.72,Mobile,Web,False
13281,330,11,2025-03-04,85,0.67,Mobile,Android,False
13282,501,6,2025-04-17,50,0.53,Mobile,Android,False
13283,144,1,2025-02-05,83,0.71,Laptop,iOS,False
13284,609,9,2025-04-18,106,0.77,Laptop,Web,False
13285,511,5,2024-11-23,82,0.68,Smart TV,Android,True
13286,170,3,2025-02-03,120,0.83,Tablet,Android,False
13287,1119,5,2025-04-27,102,0.84,Smart TV,Web,False
13288,135,15,2025-03-12,78,0.66,Tablet,iOS,False
13289,1145,22,2025-01-16,105,0.88,Tablet,Web,True
13290,714,16,2025-01-08,84,0.86,Smart TV,Web,False
13291,1010,14,2025-01-28,89,0.69,Smart TV,Android,False
13292,253,13,2025-04-06,65,0.47,Smart TV,iOS,True
13293,537,13,2025-04-29,109,0.78,Smart TV,iOS,False
13294,252,16,2025-01-06,62,0.64,Tablet,iOS,True
13295,694,15,2025-04-13,103,0.87,Desktop,Android,False
13296,527,3,2024-12-11,68,0.47,Mobile,iOS,False
13297,628,16,2024-11-28,77,0.79,Mobile,iOS,False
13298,833,5,2024-12-06,122,1.0,Mobile,Web,False
13299,1108,22,2025-02-28,102,0.85,Laptop,Android,False
13300,925,18,2025-01-22,115,0.81,Smart TV,iOS,True
13301,276,4,2025-03-07,86,0.8,Laptop,Web,False
13302,1053,13,2025-04-13,103,0.74,Laptop,Android,False
13303,579,19,2025-04-12,102,0.82,Laptop,Web,False
13304,327,4,2025-04-08,76,0.71,Smart TV,iOS,False
13305,239,20,2024-08-21,58,0.64,Smart TV,Web,False
13306,102,3,2025-04-29,107,0.74,Smart TV,Web,False
13307,958,25,2024-10-08,126,0.94,Laptop,TV App,True
13308,193,1,2025-04-08,93,0.79,Smart TV,Web,True
13309,1029,15,2025-04-12,108,0.91,Laptop,Web,False
13310,640,24,2024-12-22,65,0.62,Laptop,iOS,False
13311,522,20,2024-10-06,31,0.34,Tablet,iOS,False
13312,407,20,2024-08-20,57,0.63,Laptop,TV App,False
13313,748,4,2025-04-29,84,0.78,Mobile,Android,False
13314,531,9,2025-04-11,131,0.95,Laptop,Web,False
13315,180,21,2025-04-23,102,0.66,Smart TV,Web,False
13316,515,4,2025-04-03,65,0.61,Tablet,iOS,False
13317,470,18,2024-12-22,107,0.76,Desktop,Web,True
13318,83,5,2024-10-24,79,0.65,Laptop,Web,False
13319,1141,17,2025-03-03,49,0.58,Laptop,Web,False
13320,910,15,2025-04-07,109,0.92,Laptop,Android,True
13321,516,5,2025-01-26,70,0.58,Smart TV,TV App,True
13322,106,15,2025-03-17,96,0.81,Smart TV,iOS,False
13323,236,21,2025-03-26,114,0.74,Laptop,Web,False
13324,687,21,2025-04-10,137,0.89,Tablet,iOS,False
13325,1035,7,2024-12-25,11,0.13,Tablet,TV App,False
13326,152,15,2025-04-08,99,0.84,Smart TV,Android,False
13327,803,14,2025-04-12,109,0.84,Laptop,Android,False
13328,752,18,2025-02-09,136,0.96,Mobile,TV App,False
13329,208,25,2025-01-09,82,0.61,Smart TV,iOS,False
13330,1182,1,2025-02-19,106,0.9,Smart TV,Android,False
13331,581,25,2024-11-22,105,0.78,Smart TV,TV App,False
13332,335,21,2025-04-27,133,0.86,Tablet,Android,False
13333,246,19,2025-04-29,86,0.69,Smart TV,Android,False
13334,70,16,2025-01-16,71,0.73,Smart TV,Android,False
13335,263,17,2025-01-23,65,0.77,Desktop,Android,False
13336,705,23,2025-02-09,96,0.88,Desktop,Android,False
13337,385,23,2025-02-17,72,0.66,Smart TV,Android,False
13338,1167,22,2025-03-12,79,0.66,Smart TV,TV App,False
13339,29,1,2025-04-26,109,0.93,Tablet,Web,False
13340,173,3,2025-04-25,107,0.74,Smart TV,TV App,True
13341,456,8,2025-03-11,48,0.55,Laptop,Web,False
13342,636,10,2025-02-27,90,0.79,Mobile,Android,False
13343,234,24,2024-12-22,52,0.5,Mobile,Android,False
13344,1038,15,2025-04-18,71,0.6,Laptop,Web,False
13345,1146,9,2025-04-22,107,0.78,Smart TV,iOS,False
13346,1057,6,2025-04-14,52,0.55,Laptop,iOS,False
13347,244,8,2025-01-30,61,0.7,Smart TV,TV App,False
13348,405,8,2025-03-29,46,0.53,Smart TV,Android,False
13349,192,19,2025-04-19,83,0.67,Tablet,Web,False
13350,306,8,2025-03-26,33,0.38,Tablet,Web,True
13351,292,4,2025-04-20,96,0.89,Mobile,iOS,True
13352,751,2,2024-12-06,66,0.5,Tablet,iOS,False
13353,540,13,2025-04-11,67,0.48,Laptop,Web,False
13354,475,11,2025-02-05,127,1.0,Laptop,iOS,False
13355,1061,12,2024-12-22,96,0.95,Smart TV,Web,False
13356,1005,1,2025-03-17,118,1.0,Mobile,TV App,False
13357,886,3,2025-02-11,127,0.88,Mobile,iOS,True
13358,1188,9,2025-04-09,69,0.5,Mobile,Web,False
13359,282,22,2025-01-17,72,0.6,Laptop,Android,True
13360,432,10,2024-09-15,79,0.69,Mobile,TV App,False
13361,772,15,2025-04-28,98,0.83,Mobile,iOS,False
13362,1060,12,2024-10-26,64,0.63,Mobile,TV App,False
13363,721,9,2025-04-08,97,0.71,Smart TV,Android,False
13364,968,13,2025-04-21,103,0.74,Smart TV,Android,False
13365,957,19,2025-04-13,120,0.96,Tablet,iOS,False
13366,661,9,2025-04-27,104,0.76,Mobile,Web,False
13367,103,18,2025-02-26,92,0.65,Laptop,Android,False
13368,81,1,2025-04-10,110,0.94,Laptop,Web,False
13369,1002,2,2024-12-23,101,0.77,Mobile,Android,False
13370,631,9,2025-04-28,97,0.71,Mobile,Web,True
13371,695,11,2025-04-05,100,0.79,Mobile,TV App,False
13372,1191,13,2025-04-01,134,0.96,Mobile,iOS,False
13373,672,22,2025-02-12,80,0.67,Smart TV,Web,False
13374,250,4,2025-03-19,77,0.72,Laptop,Android,False
13375,519,3,2025-04-24,145,1.0,Tablet,iOS,False
13376,716,22,2025-02-13,82,0.69,Laptop,iOS,False
13377,645,9,2025-04-28,85,0.62,Mobile,Web,False
13378,57,2,2024-12-11,80,0.61,Laptop,iOS,False
13379,499,15,2025-03-05,70,0.59,Laptop,TV App,False
13380,551,12,2025-01-28,84,0.83,Mobile,Web,False
13381,831,2,2024-11-04,100,0.76,Mobile,iOS,False
13382,788,1,2025-01-26,99,0.84,Smart TV,Web,False
13383,288,15,2025-03-15,88,0.74,Desktop,Web,False
13384,785,16,2024-12-13,72,0.74,Mobile,iOS,False
13385,425,11,2025-04-04,105,0.83,Mobile,TV App,False
13386,483,4,2025-03-21,108,1.0,Tablet,Web,True
13387,440,25,2024-11-18,101,0.75,Laptop,Web,False
13388,818,14,2025-04-26,113,0.87,Mobile,iOS,False
13389,95,6,2025-04-14,66,0.7,Mobile,Web,False
13390,199,2,2024-12-13,105,0.8,Smart TV,TV App,False
13391,884,1,2025-02-27,118,1.0,Mobile,Android,False
13392,1000,22,2024-11-28,90,0.75,Mobile,Web,False
13393,1104,17,2025-03-01,48,0.57,Mobile,TV App,False
13394,560,2,2024-10-19,113,0.86,Mobile,Android,False
13395,73,7,2024-12-23,45,0.51,Tablet,Web,False
13396,880,2,2025-01-26,110,0.84,Mobile,Web,False
13397,1173,13,2025-04-25,127,0.91,Mobile,Web,False
13398,124,12,2025-03-27,76,0.75,Smart TV,Web,False
13399,523,14,2024-12-23,96,0.74,Smart TV,Android,True
13400,190,6,2025-04-13,54,0.57,Smart TV,Web,False
13401,161,11,2025-03-11,87,0.69,Smart TV,TV App,True
13402,677,9,2025-04-16,100,0.73,Tablet,Web,False
13403,487,13,2025-03-30,113,0.81,Smart TV,Android,False
13404,408,1,2025-04-12,102,0.87,Smart TV,Web,False
13405,113,17,2025-04-10,63,0.75,Laptop,Android,False
13406,1178,6,2025-03-14,55,0.58,Laptop,iOS,False
13407,80,15,2025-04-24,72,0.61,Smart TV,Android,True
13408,1139,13,2025-04-08,86,0.62,Laptop,Web,False
13409,576,4,2025-03-04,65,0.61,Smart TV,Web,False
13410,613,23,2025-04-05,78,0.71,Mobile,Android,False
13411,1149,23,2025-03-29,52,0.48,Smart TV,iOS,False
13412,690,9,2025-04-17,118,0.86,Desktop,Web,False
13413,865,19,2025-04-16,115,0.92,Laptop,iOS,False
13414,913,17,2025-03-06,56,0.66,Smart TV,iOS,True
13415,404,22,2025-04-11,120,1.0,Smart TV,iOS,False
13416,1070,11,2025-04-05,77,0.61,Mobile,Web,False
13417,1140,11,2025-02-25,111,0.88,Mobile,Android,True
13418,476,6,2025-04-08,66,0.7,Tablet,Android,False
13419,150,7,2025-02-04,43,0.48,Smart TV,iOS,False
13420,1096,16,2025-02-21,64,0.66,Smart TV,iOS,False
13421,1150,23,2025-03-26,64,0.59,Smart TV,Android,False
13422,951,15,2025-03-19,96,0.81,Laptop,Web,False
13423,948,2,2025-04-06,110,0.84,Smart TV,iOS,False
13424,846,6,2025-04-28,59,0.63,Mobile,Android,False
13425,309,2,2024-10-14,108,0.82,Mobile,iOS,False
13426,773,2,2024-11-23,97,0.74,Smart TV,TV App,True
13427,67,23,2025-03-05,79,0.72,Smart TV,iOS,False
13428,529,19,2025-04-12,102,0.82,Smart TV,TV App,True
13429,1160,13,2025-04-26,100,0.72,Mobile,iOS,False
13430,1005,20,2024-09-20,29,0.32,Mobile,Android,False
13431,123,14,2024-07-22,93,0.72,Laptop,Web,False
13432,1144,22,2025-04-13,78,0.65,Laptop,TV App,False
13433,658,18,2024-10-05,97,0.69,Tablet,Android,False
13434,90,4,2025-03-19,95,0.88,Mobile,Android,False
13435,441,5,2025-03-07,103,0.85,Tablet,iOS,False
13436,1139,22,2025-04-14,84,0.7,Laptop,Web,True
13437,1094,15,2025-04-01,94,0.79,Laptop,Android,False
13438,63,5,2025-01-13,65,0.54,Smart TV,Android,False
13439,1013,6,2025-04-22,75,0.79,Laptop,TV App,False
13440,635,14,2025-04-28,115,0.89,Tablet,Android,False
13441,681,3,2025-02-19,111,0.77,Mobile,Android,True
13442,585,14,2024-08-07,93,0.72,Tablet,Android,False
13443,1005,13,2025-04-08,89,0.64,Mobile,Web,False
13444,1091,1,2025-04-15,114,0.97,Mobile,iOS,False
13445,184,1,2025-01-29,114,0.97,Tablet,Web,False
13446,41,10,2024-10-28,88,0.77,Mobile,Web,False
13447,719,12,2024-10-28,44,0.44,Mobile,iOS,True
13448,414,18,2024-10-17,103,0.73,Smart TV,Web,False
13449,668,1,2025-02-20,95,0.81,Mobile,iOS,False
13450,922,13,2025-04-02,121,0.87,Smart TV,iOS,False
13451,684,18,2025-02-16,80,0.57,Mobile,TV App,False
13452,301,19,2025-04-16,87,0.7,Smart TV,Android,False
13453,913,4,2025-04-13,89,0.83,Laptop,Android,False
13454,1025,22,2025-04-24,87,0.73,Smart TV,iOS,True
13455,202,24,2025-04-10,84,0.8,Laptop,Web,True
13456,341,11,2025-04-16,100,0.79,Smart TV,iOS,False
13457,676,21,2025-03-27,134,0.87,Smart TV,Web,False
13458,505,24,2025-03-17,73,0.7,Laptop,TV App,False
13459,264,10,2024-09-27,81,0.71,Mobile,iOS,False
13460,761,5,2024-12-27,63,0.52,Smart TV,Web,True
13461,1166,1,2025-04-29,113,0.96,Laptop,TV App,False
13462,636,19,2025-04-16,101,0.81,Laptop,TV App,False
13463,891,25,2025-04-16,121,0.9,Desktop,TV App,False
13464,408,14,2025-04-13,97,0.75,Laptop,Android,False
13465,111,19,2025-04-25,87,0.7,Tablet,iOS,False
13466,689,6,2025-03-01,16,0.17,Smart TV,Android,False
13467,1167,12,2025-01-28,79,0.78,Smart TV,Web,True
13468,96,22,2024-12-21,92,0.77,Laptop,Web,False
13469,1057,24,2025-03-06,61,0.59,Smart TV,Web,False
13470,606,9,2025-04-08,106,0.77,Mobile,Web,False
13471,178,2,2025-04-20,79,0.6,Smart TV,Android,False
13472,60,14,2025-02-07,75,0.58,Smart TV,Android,False
13473,795,10,2025-02-04,54,0.47,Smart TV,Android,True
13474,757,18,2025-04-19,105,0.74,Desktop,Android,False
13475,769,19,2025-04-24,100,0.8,Mobile,iOS,False
13476,52,1,2025-01-28,110,0.94,Laptop,Web,False
13477,477,25,2024-07-08,120,0.89,Mobile,Web,False
13478,345,15,2025-03-07,105,0.89,Mobile,iOS,False
13479,197,9,2025-04-15,109,0.79,Smart TV,iOS,True
13480,950,5,2024-09-13,109,0.9,Laptop,TV App,False
13481,220,23,2025-04-10,64,0.59,Smart TV,Web,False
13482,1009,17,2025-01-23,56,0.66,Mobile,Web,True
13483,807,13,2025-04-28,89,0.64,Smart TV,Web,False
13484,989,19,2025-04-29,113,0.91,Laptop,iOS,False
13485,205,16,2025-02-22,58,0.6,Laptop,Android,False
13486,28,3,2025-03-27,117,0.81,Mobile,Web,False
13487,845,2,2024-09-18,120,0.91,Smart TV,Web,True
13488,962,10,2025-01-21,75,0.66,Smart TV,Web,False
13489,409,22,2025-03-14,79,0.66,Mobile,iOS,False
13490,1164,11,2025-03-20,105,0.83,Tablet,Web,False
13491,707,13,2025-04-16,86,0.62,Laptop,TV App,True
13492,820,4,2025-04-14,52,0.49,Mobile,Android,False
13493,850,16,2025-04-18,86,0.88,Mobile,TV App,False
13494,1179,9,2025-04-17,78,0.57,Smart TV,iOS,False
13495,1159,5,2024-12-26,115,0.95,Desktop,TV App,True
13496,153,1,2025-04-26,112,0.95,Mobile,Web,True
13497,934,23,2025-02-15,56,0.51,Laptop,iOS,False
13498,397,1,2025-03-01,108,0.92,Desktop,TV App,True
13499,1104,1,2025-01-28,114,0.97,Desktop,iOS,False
13500,309,22,2025-03-21,76,0.64,Smart TV,iOS,False
13501,441,20,2024-10-06,34,0.38,Mobile,Web,True
13502,587,5,2024-12-05,91,0.75,Smart TV,Android,False
13503,430,4,2025-04-08,97,0.9,Smart TV,iOS,False
13504,496,15,2025-03-30,90,0.76,Laptop,Android,False
13505,1193,19,2025-04-16,96,0.77,Mobile,Web,False
13506,237,23,2025-04-05,49,0.45,Mobile,TV App,False
13507,145,13,2025-03-26,92,0.66,Mobile,iOS,False
13508,721,19,2025-04-14,52,0.42,Desktop,TV App,False
13509,1047,1,2025-02-02,105,0.89,Smart TV,iOS,False
13510,135,25,2024-12-07,116,0.86,Mobile,iOS,False
13511,868,9,2025-04-30,71,0.52,Mobile,Web,False
13512,1136,11,2025-03-05,87,0.69,Smart TV,Web,False
13513,469,9,2025-04-29,66,0.48,Laptop,Android,False
13514,777,1,2025-03-28,105,0.89,Mobile,Android,False
13515,623,12,2025-03-16,94,0.93,Laptop,iOS,False
13516,689,23,2025-03-22,85,0.78,Mobile,Web,False
13517,584,1,2025-03-09,101,0.86,Tablet,Web,True
13518,676,3,2025-04-22,72,0.5,Laptop,iOS,False
13519,1069,21,2025-04-25,89,0.58,Smart TV,iOS,False
13520,1163,15,2025-04-19,83,0.7,Desktop,iOS,False
13521,788,25,2024-08-14,99,0.74,Laptop,Android,False
13522,1068,18,2025-04-04,61,0.43,Smart TV,Web,True
13523,972,2,2024-11-10,95,0.72,Laptop,iOS,False
13524,606,2,2025-01-06,67,0.51,Desktop,Android,False
13525,484,14,2024-11-24,62,0.48,Mobile,Web,True
13526,867,5,2025-02-10,85,0.7,Laptop,Web,False
13527,74,22,2024-11-10,100,0.84,Smart TV,Web,False
13528,1021,22,2025-01-08,58,0.49,Mobile,Web,False
13529,579,14,2025-02-23,94,0.73,Laptop,Web,True
13530,1066,4,2025-02-15,78,0.73,Desktop,TV App,False
13531,434,13,2025-04-28,88,0.63,Mobile,Web,False
13532,816,25,2024-09-28,74,0.55,Mobile,Web,False
13533,567,6,2025-03-01,51,0.54,Smart TV,TV App,False
13534,961,15,2025-03-11,86,0.73,Mobile,Web,False
13535,150,21,2025-03-25,155,1.0,Laptop,Android,True
13536,881,21,2025-03-30,124,0.8,Smart TV,Web,False
13537,84,22,2025-01-03,117,0.98,Smart TV,Web,False
13538,1136,22,2025-03-24,88,0.74,Smart TV,iOS,False
13539,961,5,2024-10-01,74,0.61,Mobile,TV App,False
13540,364,3,2024-11-21,129,0.89,Laptop,iOS,False
13541,846,5,2025-01-06,85,0.7,Laptop,Web,False
13542,759,5,2025-04-11,117,0.96,Smart TV,Android,False
13543,633,25,2024-11-02,82,0.61,Smart TV,iOS,True
13544,384,16,2025-04-16,72,0.74,Laptop,Web,False
13545,235,4,2025-04-03,82,0.76,Mobile,Android,False
13546,703,9,2025-04-24,104,0.76,Mobile,Web,False
13547,617,5,2024-10-06,70,0.58,Laptop,TV App,True
13548,654,19,2025-04-14,95,0.76,Laptop,iOS,False
13549,556,12,2025-01-31,49,0.49,Mobile,TV App,False
13550,860,12,2024-11-09,75,0.74,Smart TV,iOS,False
13551,614,14,2024-10-31,106,0.82,Smart TV,Web,False
13552,766,19,2025-04-22,101,0.81,Mobile,Web,False
13553,1098,15,2025-04-30,98,0.83,Tablet,iOS,False
13554,204,14,2024-10-09,101,0.78,Mobile,Android,False
13555,344,23,2025-03-11,88,0.8,Mobile,iOS,False
13556,499,23,2025-02-23,92,0.84,Smart TV,Web,False
13557,287,23,2025-03-20,78,0.71,Desktop,iOS,True
13558,26,2,2025-01-11,102,0.78,Smart TV,Web,False
13559,703,23,2025-02-11,77,0.7,Smart TV,Web,False
13560,605,18,2024-10-23,116,0.82,Smart TV,Web,False
13561,997,10,2025-01-22,97,0.85,Laptop,Android,False
13562,1114,1,2025-03-18,118,1.0,Mobile,iOS,False
13563,390,14,2024-09-25,74,0.57,Mobile,Android,False
13564,932,24,2025-02-13,94,0.9,Smart TV,TV App,True
13565,1101,9,2025-04-20,81,0.59,Smart TV,Web,False
13566,1061,1,2025-01-31,99,0.84,Smart TV,Android,False
13567,867,9,2025-04-28,121,0.88,Mobile,Web,False
13568,352,6,2025-04-22,32,0.34,Smart TV,Android,False
13569,492,13,2025-04-01,112,0.8,Smart TV,Web,True
13570,605,12,2024-10-20,68,0.67,Laptop,TV App,False
13571,578,3,2024-12-05,79,0.55,Smart TV,Web,False
13572,165,23,2025-03-18,110,1.0,Smart TV,Web,False
13573,82,22,2025-04-08,80,0.67,Smart TV,Web,True
13574,734,2,2024-10-13,121,0.92,Smart TV,iOS,False
13575,598,3,2024-12-28,126,0.87,Laptop,iOS,False
13576,458,13,2025-04-22,112,0.8,Smart TV,Android,False
13577,207,14,2024-10-25,62,0.48,Mobile,Web,False
13578,789,21,2025-04-14,114,0.74,Smart TV,iOS,False
13579,196,18,2024-09-28,103,0.73,Desktop,TV App,False
13580,361,1,2025-04-06,106,0.9,Laptop,Android,False
13581,569,10,2024-12-21,72,0.63,Smart TV,TV App,False
13582,992,24,2025-02-11,55,0.53,Smart TV,iOS,False
13583,1063,21,2025-03-25,155,1.0,Mobile,TV App,False
13584,1043,13,2025-04-14,99,0.71,Mobile,iOS,False
13585,1163,4,2025-04-17,68,0.63,Mobile,TV App,False
13586,138,7,2025-01-26,22,0.25,Laptop,iOS,False
13587,346,13,2025-04-05,130,0.93,Desktop,Android,False
13588,126,12,2025-02-15,90,0.89,Mobile,TV App,False
13589,1069,20,2024-09-22,51,0.56,Mobile,Web,False
13590,129,19,2025-04-20,66,0.53,Smart TV,Web,False
13591,40,4,2025-04-09,66,0.62,Tablet,TV App,False
13592,35,22,2024-11-20,75,0.63,Tablet,Web,False
13593,958,3,2025-04-23,140,0.97,Desktop,Android,True
13594,1008,7,2024-12-13,46,0.52,Laptop,iOS,False
13595,89,11,2025-04-17,99,0.78,Smart TV,Android,True
13596,728,11,2025-03-23,99,0.78,Smart TV,iOS,False
13597,757,11,2025-02-11,90,0.71,Laptop,iOS,False
13598,403,2,2024-08-20,84,0.64,Mobile,iOS,False
13599,1085,11,2025-03-01,99,0.78,Mobile,Web,True
13600,140,15,2025-03-14,108,0.91,Mobile,Web,False
13601,232,20,2024-10-05,75,0.82,Smart TV,Web,False
13602,728,23,2025-03-18,71,0.65,Tablet,Web,False
13603,192,3,2024-11-24,111,0.77,Smart TV,Android,False
13604,1105,11,2025-02-01,34,0.27,Tablet,iOS,False
13605,416,18,2024-12-09,120,0.85,Laptop,Web,False
13606,118,9,2025-04-20,93,0.68,Laptop,Android,False
13607,899,19,2025-04-17,62,0.5,Mobile,TV App,False
13608,730,11,2025-03-03,114,0.9,Smart TV,TV App,True
13609,254,1,2025-04-19,112,0.95,Smart TV,Android,False
13610,730,13,2025-03-29,102,0.73,Laptop,iOS,False
13611,887,2,2024-12-17,71,0.54,Smart TV,Web,False
13612,706,10,2024-11-16,88,0.77,Smart TV,Android,False
13613,1067,19,2025-04-23,88,0.71,Laptop,Web,False
13614,266,23,2025-04-15,101,0.92,Smart TV,iOS,False
13615,266,13,2025-03-30,107,0.77,Laptop,Web,False
13616,834,10,2024-09-09,96,0.84,Smart TV,Web,False
13617,880,7,2025-02-02,58,0.65,Mobile,iOS,True
13618,771,4,2025-04-01,65,0.61,Mobile,Android,False
13619,409,11,2025-04-03,92,0.73,Mobile,Web,False
13620,763,1,2025-01-31,107,0.91,Laptop,Android,True
13621,509,22,2024-12-13,81,0.68,Desktop,Android,True
13622,611,15,2025-03-11,97,0.82,Laptop,Android,False
13623,418,11,2025-03-07,88,0.7,Tablet,Android,False
13624,1069,6,2025-03-10,43,0.46,Tablet,Web,False
13625,562,25,2024-11-21,95,0.71,Smart TV,Android,False
13626,772,25,2024-11-22,110,0.82,Desktop,iOS,True
13627,960,24,2025-03-30,74,0.71,Mobile,Web,False
13628,527,25,2024-11-10,108,0.8,Laptop,Android,False
13629,146,8,2025-03-26,57,0.65,Smart TV,Android,False
13630,1059,10,2024-10-18,70,0.61,Mobile,Android,False
13631,1113,11,2025-03-22,80,0.63,Desktop,iOS,False
13632,1054,1,2025-01-24,95,0.81,Mobile,TV App,False
13633,577,16,2024-11-11,42,0.43,Laptop,iOS,False
13634,675,3,2025-01-21,102,0.71,Smart TV,Android,True
13635,440,21,2025-04-27,148,0.96,Mobile,Android,False
13636,929,18,2024-10-14,90,0.64,Smart TV,TV App,False
13637,92,12,2025-01-06,71,0.7,Mobile,Web,False
13638,325,7,2025-01-22,40,0.45,Tablet,Web,False
13639,707,21,2025-03-31,120,0.78,Mobile,Web,False
13640,78,15,2025-03-20,74,0.63,Laptop,iOS,False
13641,27,16,2025-01-18,98,1.0,Laptop,Android,False
13642,553,10,2025-04-27,93,0.81,Mobile,Android,False
13643,208,25,2025-03-29,98,0.73,Smart TV,Android,False
13644,1047,12,2024-11-29,102,1.0,Mobile,Android,True
13645,1193,10,2024-08-16,58,0.51,Smart TV,Android,False
13646,761,13,2025-04-19,106,0.76,Smart TV,iOS,False
13647,1106,11,2025-04-21,83,0.66,Smart TV,Android,True
13648,714,15,2025-04-20,108,0.91,Smart TV,Web,False
13649,677,19,2025-04-15,77,0.62,Laptop,Web,False
13650,514,13,2025-03-31,121,0.87,Smart TV,Android,False
13651,296,2,2025-02-01,116,0.88,Smart TV,Web,True
13652,433,10,2025-02-14,57,0.5,Smart TV,TV App,False
13653,913,25,2024-10-06,133,0.99,Mobile,Android,True
13654,100,15,2025-03-07,77,0.65,Smart TV,TV App,False
13655,667,24,2025-04-09,86,0.82,Mobile,iOS,False
13656,75,4,2025-02-24,85,0.79,Smart TV,iOS,False
13657,396,8,2025-02-26,44,0.51,Laptop,Web,True
13658,399,16,2024-11-19,76,0.78,Smart TV,iOS,False
13659,886,4,2025-03-16,74,0.69,Smart TV,Web,False
13660,217,8,2025-03-18,30,0.35,Smart TV,Web,False
13661,657,14,2024-10-05,87,0.67,Mobile,Web,True
13662,192,24,2025-02-06,74,0.71,Smart TV,Android,False
13663,354,21,2025-04-15,116,0.75,Laptop,Android,True
13664,847,14,2025-03-13,115,0.89,Tablet,iOS,False
13665,1164,4,2025-02-21,103,0.96,Laptop,Web,False
13666,389,15,2025-03-05,119,1.0,Laptop,Web,False
13667,1124,7,2024-12-21,66,0.74,Mobile,Web,False
13668,1042,19,2025-04-19,106,0.85,Laptop,Web,False
13669,322,6,2025-03-21,44,0.47,Smart TV,Web,False
13670,951,2,2025-04-07,87,0.66,Mobile,TV App,True
13671,55,6,2025-04-03,25,0.27,Smart TV,iOS,False
13672,866,1,2025-04-20,108,0.92,Mobile,Web,False
13673,570,8,2025-03-25,60,0.69,Smart TV,iOS,False
13674,938,21,2025-04-26,68,0.44,Mobile,Web,False
13675,345,16,2025-02-15,60,0.62,Smart TV,TV App,False
13676,491,25,2025-04-24,108,0.8,Laptop,Web,False
13677,338,8,2025-02-03,35,0.4,Tablet,Web,False
13678,1153,19,2025-04-27,65,0.52,Smart TV,Web,False
13679,1151,8,2025-03-01,44,0.51,Laptop,iOS,False
13680,689,3,2024-12-08,92,0.64,Mobile,iOS,False
13681,864,19,2025-04-12,82,0.66,Smart TV,Web,True
13682,813,5,2025-04-23,119,0.98,Mobile,Web,False
13683,109,19,2025-04-25,90,0.72,Mobile,TV App,False
13684,1116,13,2025-04-10,103,0.74,Smart TV,iOS,False
13685,735,23,2025-04-10,81,0.74,Mobile,Web,False
13686,1149,22,2024-11-12,93,0.78,Laptop,TV App,False
13687,553,19,2025-04-14,80,0.64,Desktop,TV App,False
13688,379,1,2025-03-22,106,0.9,Laptop,Android,True
13689,728,22,2024-12-04,73,0.61,Laptop,Web,False
13690,24,1,2025-01-15,115,0.98,Smart TV,Web,False
13691,287,23,2025-04-08,69,0.63,Mobile,Web,False
13692,394,23,2025-03-22,68,0.62,Mobile,Web,False
13693,1173,9,2025-04-24,128,0.93,Smart TV,iOS,False
13694,952,14,2025-01-20,123,0.95,Smart TV,iOS,True
13695,479,7,2025-01-28,63,0.71,Smart TV,Web,False
13696,130,1,2025-03-20,82,0.7,Mobile,Web,False
13697,1035,5,2025-03-23,79,0.65,Desktop,iOS,False
13698,959,18,2025-01-08,89,0.63,Mobile,Web,False
13699,823,1,2025-02-07,108,0.92,Smart TV,Web,False
13700,31,1,2025-01-19,116,0.99,Mobile,Android,True
13701,559,12,2025-04-25,80,0.79,Smart TV,Android,True
13702,816,1,2025-03-09,109,0.93,Smart TV,iOS,False
13703,1050,8,2025-02-07,47,0.54,Desktop,Web,False
13704,109,12,2024-10-21,84,0.83,Mobile,Android,False
13705,976,11,2025-03-27,102,0.81,Mobile,Android,False
13706,345,11,2025-02-10,127,1.0,Smart TV,Web,False
13707,784,14,2024-10-02,111,0.86,Smart TV,TV App,False
13708,1078,24,2025-01-31,79,0.76,Mobile,Android,False
